restWidth,restHeight,slots,pressSeconds,seconds,phase,cx,width,height,formation,protrusion
285.000,163.000,1,-1.000,0.0000000,0.0000000,153.5000,284.9872,163.0000,0.000000,0.00000
285.000,163.000,1,-1.000,0.0020833,0.0012092,153.8186,284.9872,163.0000,0.000000,0.00000
285.000,163.000,1,-1.000,0.0041667,0.0046790,154.7329,284.9914,163.0007,0.000006,0.00000
285.000,163.000,1,-1.000,0.0062500,0.0101859,156.1840,285.0141,163.0043,0.000038,0.00000
285.000,163.000,1,-1.000,0.0083333,0.0175232,158.1174,285.0782,163.0141,0.000128,0.00000
285.000,163.000,1,-1.000,0.0104167,0.0264991,160.4825,285.2093,163.0335,0.000308,0.00000
285.000,163.000,1,-1.000,0.0125000,0.0369364,163.2327,285.4323,163.0655,0.000611,0.00000
285.000,163.000,1,-1.000,0.0145833,0.0486712,166.3249,285.7686,163.1121,0.001059,0.00000
285.000,163.000,1,-1.000,0.0166667,0.0615519,169.7189,286.2358,163.1747,0.001672,0.00000
285.000,163.000,1,-1.000,0.0187500,0.0754392,173.3782,286.8471,163.2535,0.002461,0.00000
285.000,163.000,1,-1.000,0.0208333,0.0902041,177.2688,287.6116,163.3485,0.003431,0.00000
285.000,163.000,1,-1.000,0.0229167,0.1057278,181.3593,288.5345,163.4589,0.004580,0.00000
285.000,163.000,1,-1.000,0.0250000,0.1219015,185.6210,289.6180,163.5836,0.005905,0.00000
285.000,163.000,1,-1.000,0.0270833,0.1386245,190.0276,290.8613,163.7211,0.007398,0.00000
285.000,163.000,1,-1.000,0.0291667,0.1558050,194.5546,292.2610,163.8697,0.009048,0.00000
285.000,163.000,1,-1.000,0.0312500,0.1733586,199.1800,293.8121,164.0278,0.010842,0.00000
285.000,163.000,1,-1.000,0.0333333,0.1912079,203.8833,295.5078,164.1937,0.012766,0.00000
285.000,163.000,1,-1.000,0.0354167,0.2092824,208.6459,297.3398,164.3655,0.014806,0.00000
285.000,163.000,1,-1.000,0.0375000,0.2275176,213.4509,299.2988,164.5415,0.016946,0.00000
285.000,163.000,1,-1.000,0.0395833,0.2458550,218.2828,301.3745,164.7201,0.019170,0.00000
285.000,163.000,1,-1.000,0.0416667,0.2642411,223.1275,303.5560,164.8997,0.021463,0.00000
285.000,163.000,1,-1.000,0.0437500,0.2826276,227.9724,305.8319,165.0789,0.023809,0.00000
285.000,163.000,1,-1.000,0.0458333,0.3009707,232.8058,308.1903,165.2564,0.026194,0.00000
285.000,163.000,1,-1.000,0.0479167,0.3192309,237.6173,310.6192,165.4309,0.028603,0.00000
285.000,163.000,1,-1.000,0.0500000,0.3373726,242.3977,313.1063,165.6014,0.031023,0.00000
285.000,163.000,1,-1.000,0.0520833,0.3553641,247.1384,315.6392,165.7668,0.033441,0.00000
285.000,163.000,1,-1.000,0.0541667,0.3731768,251.8321,318.2057,165.9262,0.035843,0.00000
285.000,163.000,1,-1.000,0.0562500,0.3907853,256.4719,320.7936,166.0790,0.038219,0.00000
285.000,163.000,1,-1.000,0.0583333,0.4081672,261.0521,323.3908,166.2244,0.040558,0.00000
285.000,163.000,1,-1.000,0.0604167,0.4253027,265.5673,325.9857,166.3619,0.042849,0.00000
285.000,163.000,1,-1.000,0.0625000,0.4421745,270.0130,328.5666,166.4911,0.045085,0.00000
285.000,163.000,1,-1.000,0.0645833,0.4587676,274.3853,331.1224,166.6114,0.047255,0.00000
285.000,163.000,1,-1.000,0.0666667,0.4750689,278.6807,333.6423,166.7227,0.049353,0.00000
285.000,163.000,1,-1.000,0.0687500,0.4910677,282.8963,336.1159,166.8247,0.051372,0.00000
285.000,163.000,1,-1.000,0.0708333,0.5067544,287.0298,338.5333,166.9172,0.053305,0.00000
285.000,163.000,1,-1.000,0.0729167,0.5221216,291.0790,340.8848,167.0002,0.055148,0.00000
285.000,163.000,1,-1.000,0.0750000,0.5371631,295.0425,343.1617,167.0737,0.056894,0.00000
285.000,163.000,1,-1.000,0.0770833,0.5518741,298.9188,345.3553,167.1376,0.058541,0.00000
285.000,163.000,1,-1.000,0.0791667,0.5662510,302.7072,347.4578,167.1920,0.060085,0.00000
285.000,163.000,1,-1.000,0.0812500,0.5802915,306.4068,349.4619,167.2371,0.061523,0.00000
285.000,163.000,1,-1.000,0.0833333,0.5939941,310.0175,351.3607,167.2729,0.062852,0.00000
285.000,163.000,1,-1.000,0.0854167,0.6073585,313.5390,353.1481,167.2997,0.064072,0.00000
285.000,163.000,1,-1.000,0.0875000,0.6203851,316.9715,354.8183,167.3177,0.065180,0.00000
285.000,163.000,1,-1.000,0.0895833,0.6330749,320.3152,356.3666,167.3272,0.066177,0.00000
285.000,163.000,1,-1.000,0.0916667,0.6454300,323.5708,357.7883,167.3285,0.067062,0.00000
285.000,163.000,1,-1.000,0.0937500,0.6574526,326.7388,359.0798,167.3217,0.067859,0.00000
285.000,163.000,1,-1.000,0.0958333,0.6691459,329.8199,360.2378,167.3074,0.068592,0.00000
285.000,163.000,1,-1.000,0.0979167,0.6805134,332.8153,361.2597,167.2858,0.069259,0.00000
285.000,163.000,1,-1.000,0.1000000,0.6915590,335.7258,362.1435,167.2572,0.069862,0.00000
285.000,163.000,1,-1.000,0.1020833,0.7022872,338.5527,362.8878,167.2221,0.070402,0.00000
285.000,163.000,1,-1.000,0.1041667,0.7127025,341.2971,363.4918,167.1808,0.070877,0.00000
285.000,163.000,1,-1.000,0.1062500,0.7228101,343.9605,363.9550,167.1337,0.071291,0.00000
285.000,163.000,1,-1.000,0.1083333,0.7326152,346.5441,364.2778,167.0811,0.071642,0.00000
285.000,163.000,1,-1.000,0.1104167,0.7421231,349.0494,364.4609,167.0235,0.071932,0.00000
285.000,163.000,1,-1.000,0.1125000,0.7513397,351.4780,364.5054,166.9613,0.072162,0.00000
285.000,163.000,1,-1.000,0.1145833,0.7602706,353.8313,364.4133,166.8948,0.072334,0.00000
285.000,163.000,1,-1.000,0.1166667,0.7689219,356.1109,364.1865,166.8245,0.072447,0.00000
285.000,163.000,1,-1.000,0.1187500,0.7772994,358.3184,363.8278,166.7506,0.072504,0.00000
285.000,163.000,1,-1.000,0.1208333,0.7854095,360.4554,363.3401,166.6736,0.072506,0.00000
285.000,163.000,1,-1.000,0.1229167,0.7932582,362.5235,362.7269,166.5939,0.072453,0.00000
285.000,163.000,1,-1.000,0.1250000,0.8008518,364.5244,361.9919,166.5117,0.072349,0.00000
285.000,163.000,1,-1.000,0.1270833,0.8081964,366.4597,361.1391,166.4276,0.072194,0.00000
285.000,163.000,1,-1.000,0.1291667,0.8152984,368.3311,360.1731,166.3416,0.071990,0.00000
285.000,163.000,1,-1.000,0.1312500,0.8221637,370.1401,359.0984,166.2542,0.071738,0.00000
285.000,163.000,1,-1.000,0.1333333,0.8287988,371.8885,357.9199,166.1658,0.071440,0.00000
285.000,163.000,1,-1.000,0.1354167,0.8352097,373.5778,356.6427,166.0765,0.071099,0.00000
285.000,163.000,1,-1.000,0.1375000,0.8414024,375.2095,355.2722,165.9868,0.070715,0.00000
285.000,163.000,1,-1.000,0.1395833,0.8473830,376.7854,353.8139,165.8967,0.070290,0.00000
285.000,163.000,1,-1.000,0.1416667,0.8531575,378.3070,352.2732,165.8066,0.069827,0.00000
285.000,163.000,1,-1.000,0.1437500,0.8587319,379.7758,350.6558,165.7168,0.069326,0.00000
285.000,163.000,1,-1.000,0.1458333,0.8641118,381.1935,348.9676,165.6274,0.068791,0.00000
285.000,163.000,1,-1.000,0.1479167,0.8693029,382.5613,347.2145,165.5386,0.068222,0.00000
285.000,163.000,1,-1.000,0.1500000,0.8743109,383.8809,345.4022,165.4506,0.067622,0.00000
285.000,163.000,1,-1.000,0.1520833,0.8791412,385.1537,343.5367,165.3636,0.066992,0.00000
285.000,163.000,1,-1.000,0.1541667,0.8837994,386.3811,341.6238,165.2778,0.066334,0.00000
285.000,163.000,1,-1.000,0.1562500,0.8882906,387.5646,339.6694,165.1933,0.065650,0.00000
285.000,163.000,1,-1.000,0.1583333,0.8926201,388.7054,337.6793,165.1102,0.064941,0.00000
285.000,163.000,1,-1.000,0.1604167,0.8967931,389.8050,335.6591,165.0286,0.064210,0.00000
285.000,163.000,1,-1.000,0.1625000,0.9008145,390.8646,333.6145,164.9487,0.063457,0.00000
285.000,163.000,1,-1.000,0.1645833,0.9046891,391.8856,331.5508,164.8705,0.062686,0.00000
285.000,163.000,1,-1.000,0.1666667,0.9084217,392.8691,329.4738,164.7941,0.061896,0.00000
285.000,163.000,1,-1.000,0.1687500,0.9120168,393.8164,327.3885,164.7195,0.061090,0.00000
285.000,163.000,1,-1.000,0.1708333,0.9154792,394.7288,325.3000,164.6469,0.060269,0.00000
285.000,163.000,1,-1.000,0.1729167,0.9188130,395.6072,323.2133,164.5763,0.059435,0.00000
285.000,163.000,1,-1.000,0.1750000,0.9220228,396.4530,321.1331,164.5077,0.058590,0.00000
285.000,163.000,1,-1.000,0.1770833,0.9251125,397.2672,319.0642,164.4411,0.057733,0.00000
285.000,163.000,1,-1.000,0.1791667,0.9280865,398.0508,317.0107,164.3765,0.056868,0.00000
285.000,163.000,1,-1.000,0.1812500,0.9309484,398.8049,314.9771,164.3140,0.055995,0.00000
285.000,163.000,1,-1.000,0.1833333,0.9337022,399.5305,312.9673,164.2535,0.055116,0.00000
285.000,163.000,1,-1.000,0.1854167,0.9363515,400.2286,310.9851,164.1952,0.054231,0.00000
285.000,163.000,1,-1.000,0.1875000,0.9389002,400.9002,309.0342,164.1388,0.053342,0.00000
285.000,163.000,1,-1.000,0.1895833,0.9413517,401.5462,307.1179,164.0845,0.052450,0.00000
285.000,163.000,1,-1.000,0.1916667,0.9437094,402.1674,305.2392,164.0321,0.051556,0.00000
285.000,163.000,1,-1.000,0.1937500,0.9459766,402.7648,303.4014,163.9818,0.050662,0.00000
285.000,163.000,1,-1.000,0.1958333,0.9481566,403.3393,301.6069,163.9334,0.049767,0.00000
285.000,163.000,1,-1.000,0.1979167,0.9502524,403.8915,299.8583,163.8868,0.048873,0.00000
285.000,163.000,1,-1.000,0.2000000,0.9522672,404.4224,298.1582,163.8422,0.047981,0.00000
285.000,163.000,1,-1.000,0.2020833,0.9542037,404.9327,296.5083,163.7994,0.047091,0.00000
285.000,163.000,1,-1.000,0.2041667,0.9560649,405.4231,294.9106,163.7584,0.046205,0.00000
285.000,163.000,1,-1.000,0.2062500,0.9578534,405.8944,293.3668,163.7192,0.045323,0.00000
285.000,163.000,1,-1.000,0.2083333,0.9595720,406.3472,291.8784,163.6816,0.044445,0.00000
285.000,163.000,1,-1.000,0.2104167,0.9612232,406.7823,290.4466,163.6457,0.043574,0.00000
285.000,163.000,1,-1.000,0.2125000,0.9628096,407.2003,289.0723,163.6114,0.042708,0.00000
285.000,163.000,1,-1.000,0.2145833,0.9643334,407.6018,287.7565,163.5787,0.041849,0.00000
285.000,163.000,1,-1.000,0.2166667,0.9657970,407.9875,286.5000,163.5475,0.040997,0.00000
285.000,163.000,1,-1.000,0.2187500,0.9672027,408.3579,285.3031,163.5177,0.040153,0.00000
285.000,163.000,1,-1.000,0.2208333,0.9685526,408.7136,284.1636,163.4866,0.039317,0.00000
285.000,163.000,1,-1.000,0.2229167,0.9698490,409.0552,283.0903,163.4631,0.038489,0.00000
285.000,163.000,1,-1.000,0.2250000,0.9710937,409.3832,282.0990,163.4629,0.037671,0.00000
285.000,163.000,1,-1.000,0.2270833,0.9722887,409.6981,281.1982,163.4944,0.036862,0.00000
285.000,163.000,1,-1.000,0.2291667,0.9734358,410.0003,280.3908,163.5610,0.036062,0.00000
285.000,163.000,1,-1.000,0.2312500,0.9745370,410.2905,279.6765,163.6624,0.035272,0.00000
285.000,163.000,1,-1.000,0.2333333,0.9755939,410.5690,279.0521,163.7966,0.034493,0.00000
285.000,163.000,1,-1.000,0.2354167,0.9766083,410.8363,278.5135,163.9598,0.033724,0.00000
285.000,163.000,1,-1.000,0.2375000,0.9775819,411.0928,278.0557,164.1477,0.032966,0.00000
285.000,163.000,1,-1.000,0.2395833,0.9785161,411.3390,277.6730,164.3557,0.032218,0.00000
285.000,163.000,1,-1.000,0.2416667,0.9794125,411.5752,277.3596,164.5791,0.031482,0.00000
285.000,163.000,1,-1.000,0.2437500,0.9802725,411.8018,277.1101,164.8134,0.030757,0.00000
285.000,163.000,1,-1.000,0.2458333,0.9810978,412.0193,276.9190,165.0545,0.030043,0.00000
285.000,163.000,1,-1.000,0.2479167,0.9818894,412.2278,276.7813,165.2984,0.029341,0.00000
285.000,163.000,1,-1.000,0.2500000,0.9826487,412.4279,276.6919,165.5418,0.028650,0.00000
285.000,163.000,1,-1.000,0.2520833,0.9833770,412.6198,276.6467,165.7817,0.027970,0.00000
285.000,163.000,1,-1.000,0.2541667,0.9840756,412.8039,276.6412,166.0153,0.027303,0.00000
285.000,163.000,1,-1.000,0.2562500,0.9847456,412.9805,276.6718,166.2405,0.026646,0.00000
285.000,163.000,1,-1.000,0.2583333,0.9853882,413.1498,276.7349,166.4553,0.026002,0.00000
285.000,163.000,1,-1.000,0.2604167,0.9860043,413.3121,276.8274,166.6581,0.025369,0.00000
285.000,163.000,1,-1.000,0.2625000,0.9865951,413.4678,276.9460,166.8476,0.024748,0.00000
285.000,163.000,1,-1.000,0.2645833,0.9871615,413.6171,277.0883,167.0229,0.024139,0.00000
285.000,163.000,1,-1.000,0.2666667,0.9877046,413.7602,277.2515,167.1831,0.023541,0.00000
285.000,163.000,1,-1.000,0.2687500,0.9882252,413.8973,277.4336,167.3277,0.022954,0.00000
285.000,163.000,1,-1.000,0.2708333,0.9887242,414.0288,277.6322,167.4563,0.022379,0.00000
285.000,163.000,1,-1.000,0.2729167,0.9892027,414.1549,277.8454,167.5687,0.021816,0.00000
285.000,163.000,1,-1.000,0.2750000,0.9896613,414.2758,278.0713,167.6648,0.021264,0.00000
285.000,163.000,1,-1.000,0.2770833,0.9901009,414.3916,278.3084,167.7448,0.020723,0.00000
285.000,163.000,1,-1.000,0.2791667,0.9905221,414.5026,278.5548,167.8087,0.020193,0.00000
285.000,163.000,1,-1.000,0.2812500,0.9909258,414.6089,278.8092,167.8568,0.019674,0.00000
285.000,163.000,1,-1.000,0.2833333,0.9913126,414.7109,279.0703,167.8896,0.019167,0.00000
285.000,163.000,1,-1.000,0.2854167,0.9916834,414.8086,279.3367,167.9075,0.018670,0.00000
285.000,163.000,1,-1.000,0.2875000,0.9920385,414.9022,279.6072,167.9109,0.018184,0.00000
285.000,163.000,1,-1.000,0.2895833,0.9923790,414.9919,279.8808,167.9005,0.017708,0.00000
285.000,163.000,1,-1.000,0.2916667,0.9927051,415.0778,280.1562,167.8767,0.017243,0.00000
285.000,163.000,1,-1.000,0.2937500,0.9930174,415.1601,280.4327,167.8402,0.016788,0.00000
285.000,163.000,1,-1.000,0.2958333,0.9933167,415.2390,280.7092,167.7917,0.016344,0.00000
285.000,163.000,1,-1.000,0.2979167,0.9936035,415.3145,280.9850,167.7317,0.015909,0.00000
285.000,163.000,1,-1.000,0.3000000,0.9938781,415.3869,281.2592,167.6610,0.015485,0.00000
285.000,163.000,1,-1.000,0.3020833,0.9941411,415.4562,281.5310,167.5804,0.015070,0.00000
285.000,163.000,1,-1.000,0.3041667,0.9943931,415.5226,281.7998,167.4904,0.014665,0.00000
285.000,163.000,1,-1.000,0.3062500,0.9946344,415.5862,282.0650,167.3917,0.014269,0.00000
285.000,163.000,1,-1.000,0.3083333,0.9948657,415.6471,282.3259,167.2851,0.013882,0.00000
285.000,163.000,1,-1.000,0.3104167,0.9950870,415.7054,282.5821,167.1712,0.013505,0.00000
285.000,163.000,1,-1.000,0.3125000,0.9952989,415.7613,282.8329,167.0508,0.013137,0.00000
285.000,163.000,1,-1.000,0.3145833,0.9955019,415.8148,283.0780,166.9244,0.012777,0.00000
285.000,163.000,1,-1.000,0.3166667,0.9956962,415.8660,283.3169,166.7928,0.012427,0.00000
285.000,163.000,1,-1.000,0.3187500,0.9958824,415.9150,283.5493,166.6566,0.012084,0.00000
285.000,163.000,1,-1.000,0.3208333,0.9960605,415.9619,283.7748,166.5164,0.011751,0.00000
285.000,163.000,1,-1.000,0.3229167,0.9962311,416.0069,283.9930,166.3728,0.011425,0.00000
285.000,163.000,1,-1.000,0.3250000,0.9963944,416.0499,284.2039,166.2264,0.011107,0.00000
285.000,163.000,1,-1.000,0.3270833,0.9965507,416.0911,284.4069,166.0778,0.010798,0.00000
285.000,163.000,1,-1.000,0.3291667,0.9967004,416.1306,284.6021,165.9275,0.010496,0.00000
285.000,163.000,1,-1.000,0.3312500,0.9968436,416.1683,284.7891,165.7760,0.010202,0.00000
285.000,163.000,1,-1.000,0.3333333,0.9969808,416.2044,284.9680,165.6238,0.009915,0.00000
285.000,163.000,1,-1.000,0.3354167,0.9971121,416.2390,285.1385,165.4716,0.009635,0.00000
285.000,163.000,1,-1.000,0.3375000,0.9972378,416.2722,285.3005,165.3195,0.009363,0.00000
285.000,163.000,1,-1.000,0.3395833,0.9973581,416.3039,285.4542,165.1682,0.009098,0.00000
285.000,163.000,1,-1.000,0.3416667,0.9974732,416.3342,285.5992,165.0179,0.008839,0.00000
285.000,163.000,1,-1.000,0.3437500,0.9975834,416.3632,285.7357,164.8691,0.008588,0.00000
285.000,163.000,1,-1.000,0.3458333,0.9976888,416.3910,285.8638,164.7222,0.008342,0.00000
285.000,163.000,1,-1.000,0.3479167,0.9977896,416.4176,285.9833,164.5775,0.008104,0.00000
285.000,163.000,1,-1.000,0.3500000,0.9978862,416.4430,286.0945,164.4352,0.007871,0.00000
285.000,163.000,1,-1.000,0.3520833,0.9979787,416.4674,286.1973,164.2958,0.007645,0.00000
285.000,163.000,1,-1.000,0.3541667,0.9980670,416.4907,286.2920,164.1594,0.007425,0.00000
285.000,163.000,1,-1.000,0.3562500,0.9981516,416.5129,286.3845,164.0322,0.007210,0.00000
285.000,163.000,1,-1.000,0.3583333,0.9982325,416.5343,286.4789,163.9186,0.007001,0.00000
285.000,163.000,1,-1.000,0.3604167,0.9983100,416.5547,286.5741,163.8171,0.006798,0.00000
285.000,163.000,1,-1.000,0.3625000,0.9983841,416.5742,286.6685,163.7264,0.006601,0.00000
285.000,163.000,1,-1.000,0.3645833,0.9984550,416.5929,286.7610,163.6455,0.006408,0.00000
285.000,163.000,1,-1.000,0.3666667,0.9985229,416.6108,286.8508,163.5732,0.006221,0.00000
285.000,163.000,1,-1.000,0.3687500,0.9985877,416.6279,286.9370,163.5088,0.006039,0.00000
285.000,163.000,1,-1.000,0.3708333,0.9986498,416.6442,287.0188,163.4512,0.005862,0.00000
285.000,163.000,1,-1.000,0.3729167,0.9987092,416.6599,287.0958,163.4000,0.005690,0.00000
285.000,163.000,1,-1.000,0.3750000,0.9987660,416.6748,287.1673,163.3542,0.005523,0.00000
285.000,163.000,1,-1.000,0.3770833,0.9988203,416.6891,287.2330,163.3135,0.005360,0.00000
285.000,163.000,1,-1.000,0.3791667,0.9988723,416.7029,287.2925,163.2773,0.005202,0.00000
285.000,163.000,1,-1.000,0.3812500,0.9989220,416.7159,287.3457,163.2450,0.005048,0.00000
285.000,163.000,1,-1.000,0.3833333,0.9989695,416.7285,287.3923,163.2163,0.004898,0.00000
285.000,163.000,1,-1.000,0.3854167,0.9990149,416.7404,287.4323,163.1908,0.004753,0.00000
285.000,163.000,1,-1.000,0.3875000,0.9990583,416.7519,287.4655,163.1681,0.004611,0.00000
285.000,163.000,1,-1.000,0.3895833,0.9990999,416.7628,287.4921,163.1479,0.004474,0.00000
285.000,163.000,1,-1.000,0.3916667,0.9991396,416.7733,287.5118,163.1300,0.004340,0.00000
285.000,163.000,1,-1.000,0.3937500,0.9991776,416.7833,287.5250,163.1141,0.004210,0.00000
285.000,163.000,1,-1.000,0.3958333,0.9992139,416.7929,287.5317,163.1001,0.004084,0.00000
285.000,163.000,1,-1.000,0.3979167,0.9992487,416.8020,287.5319,163.0876,0.003962,0.00000
285.000,163.000,1,-1.000,0.4000000,0.9992819,416.8108,287.5260,163.0765,0.003843,0.00000
285.000,163.000,1,-1.000,0.4020833,0.9993138,416.8192,287.5140,163.0668,0.003727,0.00000
285.000,163.000,1,-1.000,0.4041667,0.9993441,416.8272,287.4963,163.0582,0.003615,0.00000
285.000,163.000,1,-1.000,0.4062500,0.9993732,416.8348,287.4729,163.0505,0.003506,0.00000
285.000,163.000,1,-1.000,0.4083333,0.9994010,416.8422,287.4443,163.0438,0.003400,0.00000
285.000,163.000,1,-1.000,0.4104167,0.9994275,416.8492,287.4106,163.0379,0.003297,0.00000
285.000,163.000,1,-1.000,0.4125000,0.9994529,416.8558,287.3721,163.0327,0.003197,0.00000
285.000,163.000,1,-1.000,0.4145833,0.9994772,416.8622,287.3290,163.0281,0.003100,0.00000
285.000,163.000,1,-1.000,0.4166667,0.9995004,416.8683,287.2817,163.0241,0.003006,0.00000
285.000,163.000,1,-1.000,0.4187500,0.9995226,416.8742,287.2305,163.0206,0.002914,0.00000
285.000,163.000,1,-1.000,0.4208333,0.9995438,416.8798,287.1756,163.0175,0.002825,0.00000
285.000,163.000,1,-1.000,0.4229167,0.9995641,416.8851,287.1174,163.0148,0.002739,0.00000
285.000,163.000,1,-1.000,0.4250000,0.9995834,416.8902,287.0561,163.0124,0.002655,0.00000
285.000,163.000,1,-1.000,0.4270833,0.9996020,416.8951,286.9920,163.0104,0.002574,0.00000
285.000,163.000,1,-1.000,0.4291667,0.9996197,416.8998,286.9254,163.0086,0.002495,0.00000
285.000,163.000,1,-1.000,0.4312500,0.9996366,416.9042,286.8567,163.0070,0.002419,0.00000
285.000,163.000,1,-1.000,0.4333333,0.9996528,416.9085,286.7860,163.0057,0.002344,0.00000
285.000,163.000,1,-1.000,0.4354167,0.9996683,416.9126,286.7136,163.0045,0.002272,0.00000
285.000,163.000,1,-1.000,0.4375000,0.9996831,416.9165,286.6399,163.0035,0.002202,0.00000
285.000,163.000,1,-1.000,0.4395833,0.9996973,416.9202,286.5651,163.0027,0.002134,0.00000
285.000,163.000,1,-1.000,0.4416667,0.9997108,416.9238,286.4893,163.0020,0.002068,0.00000
285.000,163.000,1,-1.000,0.4437500,0.9997238,416.9272,286.4130,163.0013,0.002004,0.00000
285.000,163.000,1,-1.000,0.4458333,0.9997362,416.9305,286.3363,163.0008,0.001942,0.00000
285.000,163.000,1,-1.000,0.4479167,0.9997480,416.9336,286.2594,163.0004,0.001882,0.00000
285.000,163.000,1,-1.000,0.4500000,0.9997592,416.9366,286.1826,163.0000,0.001824,0.00000
285.000,163.000,1,-1.000,0.4520833,0.9997700,416.9394,286.1061,162.9997,0.001767,0.00000
285.000,163.000,1,-1.000,0.4541667,0.9997803,416.9421,286.0301,162.9995,0.001712,0.00000
285.000,163.000,1,-1.000,0.4562500,0.9997901,416.9447,285.9547,162.9992,0.001659,0.00000
285.000,163.000,1,-1.000,0.4583333,0.9997995,416.9472,285.8802,162.9991,0.001607,0.00000
285.000,163.000,1,-1.000,0.4604167,0.9998085,416.9496,285.8067,162.9990,0.001557,0.00000
285.000,163.000,1,-1.000,0.4625000,0.9998171,416.9518,285.7343,162.9988,0.001509,0.00000
285.000,163.000,1,-1.000,0.4645833,0.9998254,416.9540,285.6633,162.9988,0.001461,0.00000
285.000,163.000,1,-1.000,0.4666667,0.9998332,416.9561,285.5938,162.9987,0.001416,0.00000
285.000,163.000,1,-1.000,0.4687500,0.9998407,416.9580,285.5257,162.9987,0.001371,0.00000
285.000,163.000,1,-1.000,0.4708333,0.9998479,416.9599,285.4595,162.9987,0.001328,0.00000
285.000,163.000,1,-1.000,0.4729167,0.9998547,416.9617,285.3950,162.9987,0.001287,0.00000
285.000,163.000,1,-1.000,0.4750000,0.9998612,416.9634,285.3324,162.9987,0.001246,0.00000
285.000,163.000,1,-1.000,0.4770833,0.9998675,416.9651,285.2719,162.9987,0.001207,0.00000
285.000,163.000,1,-1.000,0.4791667,0.9998734,416.9666,285.2134,162.9987,0.001169,0.00000
285.000,163.000,1,-1.000,0.4812500,0.9998791,416.9681,285.1570,162.9988,0.001132,0.00000
285.000,163.000,1,-1.000,0.4833333,0.9998845,416.9696,285.1029,162.9988,0.001097,0.00000
285.000,163.000,1,-1.000,0.4854167,0.9998897,416.9709,285.0510,162.9988,0.001062,0.00000
285.000,163.000,1,-1.000,0.4875000,0.9998947,416.9723,285.0013,162.9989,0.001029,0.00000
285.000,163.000,1,-1.000,0.4895833,0.9998994,416.9735,284.9541,162.9989,0.000996,0.00000
285.000,163.000,1,-1.000,0.4916667,0.9999040,416.9747,284.9094,162.9993,0.000965,0.00000
285.000,163.000,1,-1.000,0.4937500,0.9999083,416.9758,284.8679,163.0004,0.000934,0.00000
285.000,163.000,1,-1.000,0.4958333,0.9999124,416.9769,284.8300,163.0028,0.000904,0.00000
285.000,163.000,1,-1.000,0.4979167,0.9999164,416.9780,284.7959,163.0065,0.000876,0.00000
285.000,163.000,1,-1.000,0.5000000,0.9999202,416.9790,284.7654,163.0117,0.000848,0.00000
285.000,163.000,1,-1.000,0.5020834,0.9999238,416.9799,284.7388,163.0181,0.000821,0.00000
285.000,163.000,1,-1.000,0.5041667,0.9999273,416.9808,284.7155,163.0257,0.000795,0.00000
285.000,163.000,1,-1.000,0.5062500,0.9999305,416.9817,284.6956,163.0343,0.000770,0.00000
285.000,163.000,1,-1.000,0.5083333,0.9999337,416.9825,284.6788,163.0436,0.000745,0.00000
285.000,163.000,1,-1.000,0.5104167,0.9999366,416.9833,284.6648,163.0536,0.000721,0.00000
285.000,163.000,1,-1.000,0.5125000,0.9999396,416.9841,284.6534,163.0641,0.000698,0.00000
285.000,163.000,1,-1.000,0.5145833,0.9999423,416.9848,284.6445,163.0747,0.000676,0.00000
285.000,163.000,1,-1.000,0.5166667,0.9999450,416.9855,284.6379,163.0855,0.000654,0.00000
285.000,163.000,1,-1.000,0.5187500,0.9999475,416.9862,284.6332,163.0962,0.000633,0.00000
285.000,163.000,1,-1.000,0.5208333,0.9999500,416.9868,284.6305,163.1068,0.000613,0.00000
285.000,163.000,1,-1.000,0.5229167,0.9999523,416.9874,284.6294,163.1171,0.000594,0.00000
285.000,163.000,1,-1.000,0.5250000,0.9999545,416.9880,284.6297,163.1270,0.000575,0.00000
285.000,163.000,1,-1.000,0.5270833,0.9999565,416.9886,284.6316,163.1364,0.000556,0.00000
285.000,163.000,1,-1.000,0.5291666,0.9999585,416.9891,284.6346,163.1454,0.000538,0.00000
285.000,163.000,1,-1.000,0.5312500,0.9999604,416.9896,284.6388,163.1537,0.000521,0.00000
285.000,163.000,1,-1.000,0.5333334,0.9999623,416.9901,284.6441,163.1616,0.000504,0.00000
285.000,163.000,1,-1.000,0.5354167,0.9999640,416.9905,284.6504,163.1688,0.000488,0.00000
285.000,163.000,1,-1.000,0.5375000,0.9999656,416.9909,284.6577,163.1755,0.000472,0.00000
285.000,163.000,1,-1.000,0.5395833,0.9999672,416.9914,284.6658,163.1817,0.000457,0.00000
285.000,163.000,1,-1.000,0.5416667,0.9999687,416.9918,284.6748,163.1875,0.000442,0.00000
285.000,163.000,1,-1.000,0.5437500,0.9999701,416.9921,284.6847,163.1927,0.000428,0.00000
285.000,163.000,1,-1.000,0.5458333,0.9999715,416.9925,284.6952,163.1976,0.000414,0.00000
285.000,163.000,1,-1.000,0.5479167,0.9999728,416.9928,284.7065,163.2020,0.000401,0.00000
285.000,163.000,1,-1.000,0.5500000,0.9999741,416.9932,284.7185,163.2060,0.000388,0.00000
285.000,163.000,1,-1.000,0.5520833,0.9999752,416.9935,284.7311,163.2096,0.000375,0.00000
285.000,163.000,1,-1.000,0.5541667,0.9999764,416.9938,284.7441,163.2129,0.000363,0.00000
285.000,163.000,1,-1.000,0.5562500,0.9999774,416.9940,284.7578,163.2158,0.000352,0.00000
285.000,163.000,1,-1.000,0.5583333,0.9999785,416.9943,284.7718,163.2184,0.000340,0.00000
285.000,163.000,1,-1.000,0.5604166,0.9999795,416.9946,284.7862,163.2206,0.000329,0.00000
285.000,163.000,1,-1.000,0.5625000,0.9999804,416.9948,284.8010,163.2226,0.000318,0.00000
285.000,163.000,1,-1.000,0.5645834,0.9999813,416.9951,284.8160,163.2243,0.000308,0.00000
285.000,163.000,1,-1.000,0.5666667,0.9999822,416.9953,284.8313,163.2258,0.000298,0.00000
285.000,163.000,1,-1.000,0.5687500,0.9999830,416.9955,284.8466,163.2269,0.000288,0.00000
285.000,163.000,1,-1.000,0.5708333,0.9999838,416.9957,284.8623,163.2278,0.000279,0.00000
285.000,163.000,1,-1.000,0.5729167,0.9999845,416.9959,284.8778,163.2285,0.000270,0.00000
285.000,163.000,1,-1.000,0.5750000,0.9999852,416.9961,284.8936,163.2290,0.000261,0.00000
285.000,163.000,1,-1.000,0.5770833,0.9999859,416.9963,284.9093,163.2293,0.000253,0.00000
285.000,163.000,1,-1.000,0.5791667,0.9999866,416.9965,284.9248,163.2294,0.000244,0.00000
285.000,163.000,1,-1.000,0.5812500,0.9999871,416.9966,284.9405,163.2293,0.000236,0.00000
285.000,163.000,1,-1.000,0.5833333,0.9999877,416.9968,284.9559,163.2290,0.000229,0.00000
285.000,163.000,1,-1.000,0.5854167,0.9999883,416.9969,284.9711,163.2286,0.000221,0.00000
285.000,163.000,1,-1.000,0.5875000,0.9999889,416.9971,284.9861,163.2280,0.000214,0.00000
285.000,163.000,1,-1.000,0.5895833,0.9999893,416.9972,285.0010,163.2272,0.000207,0.00000
285.000,163.000,1,-1.000,0.5916666,0.9999898,416.9973,285.0155,163.2263,0.000200,0.00000
285.000,163.000,1,-1.000,0.5937500,0.9999903,416.9974,285.0298,163.2253,0.000194,0.00000
285.000,163.000,1,-1.000,0.5958334,0.9999908,416.9976,285.0437,163.2242,0.000187,0.00000
285.000,163.000,1,-1.000,0.5979167,0.9999912,416.9977,285.0573,163.2230,0.000181,0.00000
285.000,163.000,1,-1.000,0.6000000,0.9999917,416.9978,285.0705,163.2216,0.000175,0.00000
285.000,163.000,1,-1.000,0.6020833,0.9999920,416.9979,285.0833,163.2202,0.000170,0.00000
285.000,163.000,1,-1.000,0.6041667,0.9999924,416.9980,285.0957,163.2186,0.000164,0.00000
285.000,163.000,1,-1.000,0.6062500,0.9999927,416.9981,285.1076,163.2170,0.000159,0.00000
285.000,163.000,1,-1.000,0.6083333,0.9999930,416.9982,285.1191,163.2153,0.000153,0.00000
285.000,163.000,1,-1.000,0.6104167,0.9999934,416.9983,285.1302,163.2135,0.000148,0.00000
285.000,163.000,1,-1.000,0.6125000,0.9999937,416.9984,285.1407,163.2117,0.000143,0.00000
285.000,163.000,1,-1.000,0.6145833,0.9999941,416.9984,285.1508,163.2097,0.000139,0.00000
285.000,163.000,1,-1.000,0.6166667,0.9999943,416.9985,285.1605,163.2078,0.000134,0.00000
285.000,163.000,1,-1.000,0.6187500,0.9999946,416.9986,285.1695,163.2057,0.000130,0.00000
285.000,163.000,1,-1.000,0.6208333,0.9999948,416.9986,285.1780,163.2037,0.000126,0.00000
285.000,163.000,1,-1.000,0.6229166,0.9999950,416.9987,285.1861,163.2015,0.000121,0.00000
285.000,163.000,1,-1.000,0.6250000,0.9999952,416.9987,285.1937,163.1993,0.000117,0.00000
285.000,163.000,1,-1.000,0.6270834,0.9999955,416.9988,285.2006,163.1972,0.000114,0.00000
285.000,163.000,1,-1.000,0.6291667,0.9999957,416.9989,285.2071,163.1949,0.000110,0.00000
285.000,163.000,1,-1.000,0.6312500,0.9999959,416.9989,285.2131,163.1927,0.000106,0.00000
285.000,163.000,1,-1.000,0.6333333,0.9999962,416.9990,285.2186,163.1904,0.000103,0.00000
285.000,163.000,1,-1.000,0.6354167,0.9999964,416.9991,285.2235,163.1880,0.000099,0.00000
285.000,163.000,1,-1.000,0.6375000,0.9999965,416.9991,285.2280,163.1857,0.000096,0.00000
285.000,163.000,1,-1.000,0.6395833,0.9999967,416.9991,285.2320,163.1833,0.000093,0.00000
285.000,163.000,1,-1.000,0.6416667,0.9999968,416.9991,285.2354,163.1810,0.000090,0.00000
285.000,163.000,1,-1.000,0.6437500,0.9999969,416.9992,285.2383,163.1786,0.000087,0.00000
285.000,163.000,1,-1.000,0.6458333,0.9999970,416.9992,285.2408,163.1762,0.000084,0.00000
285.000,163.000,1,-1.000,0.6479167,0.9999971,416.9992,285.2429,163.1738,0.000081,0.00000
285.000,163.000,1,-1.000,0.6500000,0.9999972,416.9993,285.2445,163.1714,0.000078,0.00000
285.000,163.000,1,-1.000,0.6520833,0.9999973,416.9993,285.2457,163.1690,0.000076,0.00000
285.000,163.000,1,-1.000,0.6541666,0.9999974,416.9993,285.2465,163.1666,0.000073,0.00000
285.000,163.000,1,-1.000,0.6562500,0.9999976,416.9994,285.2467,163.1642,0.000071,0.00000
285.000,163.000,1,-1.000,0.6583334,0.9999977,416.9994,285.2466,163.1618,0.000069,0.00000
285.000,163.000,1,-1.000,0.6604167,0.9999978,416.9994,285.2462,163.1595,0.000066,0.00000
285.000,163.000,1,-1.000,0.6625000,0.9999979,416.9995,285.2454,163.1570,0.000064,0.00000
285.000,163.000,1,-1.000,0.6645833,0.9999980,416.9995,285.2442,163.1547,0.000062,0.00000
285.000,163.000,1,-1.000,0.6666667,0.9999982,416.9995,285.2426,163.1523,0.000060,0.00000
285.000,163.000,1,-1.000,0.6687500,0.9999983,416.9995,285.2408,163.1500,0.000058,0.00000
285.000,163.000,1,-1.000,0.6708333,0.9999984,416.9996,285.2386,163.1476,0.000056,0.00000
285.000,163.000,1,-1.000,0.6729167,0.9999985,416.9996,285.2361,163.1453,0.000054,0.00000
285.000,163.000,1,-1.000,0.6750000,0.9999986,416.9996,285.2334,163.1429,0.000052,0.00000
285.000,163.000,1,-1.000,0.6770833,0.9999987,416.9997,285.2304,163.1407,0.000051,0.00000
285.000,163.000,1,-1.000,0.6791667,0.9999989,416.9997,285.2272,163.1384,0.000049,0.00000
285.000,163.000,1,-1.000,0.6812500,0.9999990,416.9997,285.2237,163.1361,0.000047,0.00000
285.000,163.000,1,-1.000,0.6833333,0.9999990,416.9998,285.2200,163.1339,0.000046,0.00000
285.000,163.000,1,-1.000,0.6854166,0.9999990,416.9998,285.2162,163.1316,0.000044,0.00000
285.000,163.000,1,-1.000,0.6875000,0.9999990,416.9998,285.2122,163.1294,0.000043,0.00000
285.000,163.000,1,-1.000,0.6895834,0.9999990,416.9998,285.2079,163.1272,0.000041,0.00000
285.000,163.000,1,-1.000,0.6916667,0.9999990,416.9998,285.2036,163.1251,0.000040,0.00000
285.000,163.000,1,-1.000,0.6937500,0.9999990,416.9998,285.1990,163.1229,0.000039,0.00000
285.000,163.000,1,-1.000,0.6958333,0.9999990,416.9998,285.1944,163.1208,0.000037,0.00000
285.000,163.000,1,-1.000,0.6979167,0.9999990,416.9998,285.1897,163.1187,0.000036,0.00000
285.000,163.000,1,-1.000,0.7000000,0.9999990,416.9998,285.1848,163.1166,0.000035,0.00000
285.000,163.000,1,-1.000,0.7020833,0.9999990,416.9998,285.1799,163.1145,0.000034,0.00000
285.000,163.000,1,-1.000,0.7041667,0.9999990,416.9998,285.1749,163.1125,0.000033,0.00000
285.000,163.000,1,-1.000,0.7062500,0.9999990,416.9998,285.1699,163.1105,0.000031,0.00000
285.000,163.000,1,-1.000,0.7083333,0.9999990,416.9998,285.1648,163.1085,0.000030,0.00000
285.000,163.000,1,-1.000,0.7104167,0.9999990,416.9998,285.1597,163.1065,0.000029,0.00000
285.000,163.000,1,-1.000,0.7125000,0.9999990,416.9998,285.1547,163.1046,0.000028,0.00000
285.000,163.000,1,-1.000,0.7145833,0.9999990,416.9998,285.1495,163.1027,0.000027,0.00000
285.000,163.000,1,-1.000,0.7166666,0.9999990,416.9998,285.1444,163.1008,0.000026,0.00000
285.000,163.000,1,-1.000,0.7187500,0.9999990,416.9998,285.1394,163.0989,0.000026,0.00000
285.000,163.000,1,-1.000,0.7208334,0.9999990,416.9998,285.1343,163.0970,0.000025,0.00000
285.000,163.000,1,-1.000,0.7229167,0.9999990,416.9998,285.1293,163.0952,0.000024,0.00000
285.000,163.000,1,-1.000,0.7250000,0.9999990,416.9998,285.1243,163.0934,0.000023,0.00000
285.000,163.000,1,-1.000,0.7270833,0.9999990,416.9998,285.1194,163.0917,0.000022,0.00000
285.000,163.000,1,-1.000,0.7291667,0.9999990,416.9998,285.1145,163.0900,0.000022,0.00000
285.000,163.000,1,-1.000,0.7312500,0.9999990,416.9998,285.1096,163.0883,0.000021,0.00000
285.000,163.000,1,-1.000,0.7333333,0.9999990,416.9998,285.1050,163.0865,0.000020,0.00000
285.000,163.000,1,-1.000,0.7354167,0.9999990,416.9998,285.1003,163.0849,0.000019,0.00000
285.000,163.000,1,-1.000,0.7375000,0.9999990,416.9998,285.0957,163.0833,0.000019,0.00000
285.000,163.000,1,-1.000,0.7395833,0.9999990,416.9998,285.0913,163.0816,0.000018,0.00000
285.000,163.000,1,-1.000,0.7416667,0.9999990,416.9998,285.0869,163.0800,0.000018,0.00000
285.000,163.000,1,-1.000,0.7437500,0.9999990,416.9998,285.0826,163.0785,0.000017,0.00000
285.000,163.000,1,-1.000,0.7458333,0.9999990,416.9998,285.0784,163.0769,0.000016,0.00000
285.000,163.000,1,-1.000,0.7479166,0.9999990,416.9998,285.0743,163.0754,0.000016,0.00000
285.000,163.000,1,-1.000,0.7500000,0.9999990,416.9998,285.0704,163.0739,0.000015,0.00000
285.000,163.000,1,-1.000,0.7520834,0.9999990,416.9998,285.0666,163.0724,0.000015,0.00000
285.000,163.000,1,-1.000,0.7541667,0.9999990,416.9998,285.0629,163.0710,0.000014,0.00000
285.000,163.000,1,-1.000,0.7562500,0.9999990,416.9998,285.0593,163.0696,0.000014,0.00000
285.000,163.000,1,-1.000,0.7583333,0.9999990,416.9998,285.0558,163.0682,0.000013,0.00000
285.000,163.000,1,-1.000,0.7604167,0.9999990,416.9998,285.0525,163.0668,0.000013,0.00000
285.000,163.000,1,-1.000,0.7625000,0.9999990,416.9998,285.0492,163.0655,0.000012,0.00000
285.000,163.000,1,-1.000,0.7645833,0.9999990,416.9998,285.0461,163.0641,0.000012,0.00000
285.000,163.000,1,-1.000,0.7666667,0.9999990,416.9998,285.0431,163.0628,0.000012,0.00000
285.000,163.000,1,-1.000,0.7687500,0.9999990,416.9998,285.0403,163.0616,0.000011,0.00000
285.000,163.000,1,-1.000,0.7708333,0.9999990,416.9998,285.0375,163.0603,0.000011,0.00000
285.000,163.000,1,-1.000,0.7729167,0.9999990,416.9998,285.0348,163.0591,0.000011,0.00000
285.000,163.000,1,-1.000,0.7750000,0.9999990,416.9998,285.0323,163.0579,0.000010,0.00000
285.000,163.000,1,-1.000,0.7770833,0.9999990,416.9998,285.0299,163.0566,0.000010,0.00000
285.000,163.000,1,-1.000,0.7791666,0.9999990,416.9998,285.0277,163.0555,0.000009,0.00000
285.000,163.000,1,-1.000,0.7812500,0.9999990,416.9998,285.0255,163.0543,0.000009,0.00000
285.000,163.000,1,-1.000,0.7833334,0.9999990,416.9998,285.0235,163.0532,0.000009,0.00000
285.000,163.000,1,-1.000,0.7854167,0.9999990,416.9998,285.0216,163.0521,0.000009,0.00000
285.000,163.000,1,-1.000,0.7875000,0.9999990,416.9998,285.0198,163.0510,0.000008,0.00000
285.000,163.000,1,-1.000,0.7895833,0.9999990,416.9998,285.0181,163.0499,0.000008,0.00000
285.000,163.000,1,-1.000,0.7916667,0.9999990,416.9998,285.0165,163.0489,0.000008,0.00000
285.000,163.000,1,-1.000,0.7937500,0.9999990,416.9998,285.0149,163.0479,0.000007,0.00000
285.000,163.000,1,-1.000,0.7958333,0.9999990,416.9998,285.0135,163.0468,0.000007,0.00000
285.000,163.000,1,-1.000,0.7979167,0.9999990,416.9998,285.0122,163.0458,0.000007,0.00000
285.000,163.000,1,-1.000,0.8000000,0.9999990,416.9998,285.0110,163.0449,0.000007,0.00000
285.000,163.000,1,-1.000,0.8020833,0.9999990,416.9998,285.0099,163.0439,0.000006,0.00000
285.000,163.000,1,-1.000,0.8041667,0.9999990,416.9998,285.0088,163.0430,0.000006,0.00000
285.000,163.000,1,-1.000,0.8062500,0.9999990,416.9998,285.0079,163.0421,0.000006,0.00000
285.000,163.000,1,-1.000,0.8083333,0.9999990,416.9998,285.0070,163.0411,0.000006,0.00000
285.000,163.000,1,-1.000,0.8104166,0.9999990,416.9998,285.0062,163.0403,0.000006,0.00000
285.000,163.000,1,-1.000,0.8125000,0.9999990,416.9998,285.0055,163.0394,0.000005,0.00000
285.000,163.000,1,-1.000,0.8145834,0.9999990,416.9998,285.0049,163.0385,0.000005,0.00000
285.000,163.000,1,-1.000,0.8166667,0.9999990,416.9998,285.0043,163.0377,0.000005,0.00000
285.000,163.000,1,-1.000,0.8187500,0.9999990,416.9998,285.0038,163.0369,0.000005,0.00000
285.000,163.000,1,-1.000,0.8208333,0.9999990,416.9998,285.0033,163.0361,0.000005,0.00000
285.000,163.000,1,-1.000,0.8229167,0.9999990,416.9998,285.0029,163.0353,0.000005,0.00000
285.000,163.000,1,-1.000,0.8250000,0.9999990,416.9998,285.0026,163.0345,0.000004,0.00000
285.000,163.000,1,-1.000,0.8270833,0.9999990,416.9998,285.0022,163.0338,0.000004,0.00000
285.000,163.000,1,-1.000,0.8291667,0.9999990,416.9998,285.0020,163.0330,0.000004,0.00000
285.000,163.000,1,-1.000,0.8312500,0.9999990,416.9998,285.0018,163.0323,0.000004,0.00000
285.000,163.000,1,-1.000,0.8333333,0.9999990,416.9998,285.0016,163.0316,0.000004,0.00000
285.000,163.000,1,-1.000,0.8354167,0.9999990,416.9998,285.0015,163.0309,0.000004,0.00000
285.000,163.000,1,-1.000,0.8375000,0.9999990,416.9998,285.0013,163.0302,0.000004,0.00000
285.000,163.000,1,-1.000,0.8395833,0.9999990,416.9998,285.0013,163.0295,0.000003,0.00000
285.000,163.000,1,-1.000,0.8416666,0.9999990,416.9998,285.0013,163.0289,0.000003,0.00000
285.000,163.000,1,-1.000,0.8437500,0.9999990,416.9998,285.0013,163.0283,0.000003,0.00000
285.000,163.000,1,-1.000,0.8458334,0.9999990,416.9998,285.0013,163.0276,0.000003,0.00000
285.000,163.000,1,-1.000,0.8479167,0.9999990,416.9998,285.0013,163.0270,0.000003,0.00000
285.000,163.000,1,-1.000,0.8500000,0.9999990,416.9998,285.0013,163.0264,0.000003,0.00000
285.000,163.000,1,-1.000,0.8520833,0.9999990,416.9998,285.0015,163.0258,0.000003,0.00000
285.000,163.000,1,-1.000,0.8541667,0.9999990,416.9998,285.0015,163.0252,0.000003,0.00000
285.000,163.000,1,-1.000,0.8562500,0.9999990,416.9998,285.0017,163.0247,0.000003,0.00000
285.000,163.000,1,-1.000,0.8583333,0.9999990,416.9998,285.0017,163.0241,0.000003,0.00000
285.000,163.000,1,-1.000,0.8604167,0.9999990,416.9998,285.0018,163.0236,0.000002,0.00000
285.000,163.000,1,-1.000,0.8625000,0.9999990,416.9998,285.0020,163.0230,0.000002,0.00000
285.000,163.000,1,-1.000,0.8645833,0.9999990,416.9998,285.0021,163.0225,0.000002,0.00000
285.000,163.000,1,-1.000,0.8666667,0.9999990,416.9998,285.0022,163.0220,0.000002,0.00000
285.000,163.000,1,-1.000,0.8687500,0.9999990,416.9998,285.0023,163.0215,0.000002,0.00000
285.000,163.000,1,-1.000,0.8708333,0.9999990,416.9998,285.0024,163.0210,0.000002,0.00000
285.000,163.000,1,-1.000,0.8729166,0.9999990,416.9998,285.0026,163.0206,0.000002,0.00000
285.000,163.000,1,-1.000,0.8750000,0.9999990,416.9998,285.0027,163.0201,0.000002,0.00000
285.000,163.000,1,-1.000,0.8770834,0.9999990,416.9998,285.0028,163.0196,0.000002,0.00000
285.000,163.000,1,-1.000,0.8791667,0.9999990,416.9998,285.0029,163.0192,0.000002,0.00000
285.000,163.000,1,-1.000,0.8812500,0.9999990,416.9998,285.0031,163.0187,0.000002,0.00000
285.000,163.000,1,-1.000,0.8833333,0.9999990,416.9998,285.0031,163.0183,0.000002,0.00000
285.000,163.000,1,-1.000,0.8854167,0.9999990,416.9998,285.0032,163.0179,0.000002,0.00000
285.000,163.000,1,-1.000,0.8875000,0.9999990,416.9998,285.0033,163.0175,0.000002,0.00000
285.000,163.000,1,-1.000,0.8895833,0.9999990,416.9998,285.0033,163.0171,0.000002,0.00000
285.000,163.000,1,-1.000,0.8916667,0.9999990,416.9998,285.0034,163.0167,0.000001,0.00000
285.000,163.000,1,-1.000,0.8937500,0.9999990,416.9998,285.0034,163.0163,0.000001,0.00000
285.000,163.000,1,-1.000,0.8958333,0.9999990,416.9998,285.0034,163.0159,0.000001,0.00000
285.000,163.000,1,-1.000,0.8979167,0.9999990,416.9998,285.0034,163.0156,0.000001,0.00000
285.000,163.000,1,-1.000,0.9000000,0.9999990,416.9998,285.0035,163.0152,0.000001,0.00000
285.000,163.000,1,-1.000,0.9020833,0.9999990,416.9998,285.0034,163.0148,0.000001,0.00000
285.000,163.000,1,-1.000,0.9041666,0.9999990,416.9998,285.0034,163.0145,0.000001,0.00000
285.000,163.000,1,-1.000,0.9062500,0.9999990,416.9998,285.0034,163.0142,0.000001,0.00000
285.000,163.000,1,-1.000,0.9083334,0.9999990,416.9998,285.0034,163.0139,0.000001,0.00000
285.000,163.000,1,-1.000,0.9104167,0.9999990,416.9998,285.0033,163.0135,0.000001,0.00000
285.000,163.000,1,-1.000,0.9125000,0.9999990,416.9998,285.0032,163.0132,0.000001,0.00000
285.000,163.000,1,-1.000,0.9145833,0.9999990,416.9998,285.0032,163.0129,0.000001,0.00000
285.000,163.000,1,-1.000,0.9166667,0.9999990,416.9998,285.0031,163.0126,0.000001,0.00000
285.000,163.000,1,-1.000,0.9187500,0.9999990,416.9998,285.0029,163.0123,0.000001,0.00000
285.000,163.000,1,-1.000,0.9208333,0.9999990,416.9998,285.0028,163.0120,0.000001,0.00000
285.000,163.000,1,-1.000,0.9229167,0.9999990,416.9998,285.0027,163.0117,0.000001,0.00000
285.000,163.000,1,-1.000,0.9250000,0.9999990,416.9998,285.0026,163.0114,0.000001,0.00000
285.000,163.000,1,-1.000,0.9270833,0.9999990,416.9998,285.0024,163.0112,0.000001,0.00000
285.000,163.000,1,-1.000,0.9291667,0.9999990,416.9998,285.0022,163.0109,0.000001,0.00000
285.000,163.000,1,-1.000,0.9312500,0.9999990,416.9998,285.0021,163.0107,0.000001,0.00000
285.000,163.000,1,-1.000,0.9333333,0.9999990,416.9998,285.0018,163.0104,0.000001,0.00000
285.000,163.000,1,-1.000,0.9354166,0.9999990,416.9998,285.0017,163.0102,0.000001,0.00000
285.000,163.000,1,-1.000,0.9375000,0.9999990,416.9998,285.0015,163.0099,0.000001,0.00000
285.000,163.000,1,-1.000,0.9395834,0.9999990,416.9998,285.0012,163.0097,0.000001,0.00000
285.000,163.000,1,-1.000,0.9416667,0.9999990,416.9998,285.0010,163.0095,0.000001,0.00000
285.000,163.000,1,-1.000,0.9437500,0.9999990,416.9998,285.0008,163.0092,0.000001,0.00000
285.000,163.000,1,-1.000,0.9458333,0.9999990,416.9998,285.0005,163.0090,0.000001,0.00000
285.000,163.000,1,-1.000,0.9479167,0.9999990,416.9998,285.0003,163.0088,0.000001,0.00000
285.000,163.000,1,-1.000,0.9500000,0.9999990,416.9998,285.0000,163.0086,0.000001,0.00000
285.000,163.000,1,-1.000,0.9520833,0.9999990,416.9998,284.9998,163.0084,0.000001,0.00000
285.000,163.000,1,-1.000,0.9541667,0.9999990,416.9998,284.9995,163.0082,0.000001,0.00000
285.000,163.000,1,-1.000,0.9562500,0.9999990,416.9998,284.9993,163.0080,0.000000,0.00000
285.000,163.000,1,-1.000,0.9583333,0.9999990,416.9998,284.9990,163.0078,0.000000,0.00000
285.000,163.000,1,-1.000,0.9604167,0.9999990,416.9998,284.9987,163.0076,0.000000,0.00000
285.000,163.000,1,-1.000,0.9625000,0.9999990,416.9998,284.9985,163.0074,0.000000,0.00000
285.000,163.000,1,-1.000,0.9645833,0.9999990,416.9998,284.9982,163.0073,0.000000,0.00000
285.000,163.000,1,-1.000,0.9666666,0.9999990,416.9998,284.9979,163.0071,0.000000,0.00000
285.000,163.000,1,-1.000,0.9687500,0.9999990,416.9998,284.9976,163.0069,0.000000,0.00000
285.000,163.000,1,-1.000,0.9708334,0.9999990,416.9998,284.9973,163.0068,0.000000,0.00000
285.000,163.000,1,-1.000,0.9729167,0.9999990,416.9998,284.9971,163.0066,0.000000,0.00000
285.000,163.000,1,-1.000,0.9750000,0.9999990,416.9998,284.9968,163.0064,0.000000,0.00000
285.000,163.000,1,-1.000,0.9770833,0.9999990,416.9998,284.9966,163.0063,0.000000,0.00000
285.000,163.000,1,-1.000,0.9791667,0.9999990,416.9998,284.9962,163.0061,0.000000,0.00000
285.000,163.000,1,-1.000,0.9812500,0.9999990,416.9998,284.9960,163.0060,0.000000,0.00000
285.000,163.000,1,-1.000,0.9833333,0.9999990,416.9998,284.9956,163.0058,0.000000,0.00000
285.000,163.000,1,-1.000,0.9854167,0.9999990,416.9998,284.9954,163.0057,0.000000,0.00000
285.000,163.000,1,-1.000,0.9875000,0.9999990,416.9998,284.9951,163.0056,0.000000,0.00000
285.000,163.000,1,-1.000,0.9895833,0.9999990,416.9998,284.9949,163.0054,0.000000,0.00000
285.000,163.000,1,-1.000,0.9916667,0.9999990,416.9998,284.9946,163.0053,0.000000,0.00000
285.000,163.000,1,-1.000,0.9937500,0.9999990,416.9998,284.9943,163.0052,0.000000,0.00000
285.000,163.000,1,-1.000,0.9958333,0.9999990,416.9998,284.9940,163.0050,0.000000,0.00000
285.000,163.000,1,-1.000,0.9979166,0.9999990,416.9998,284.9938,163.0049,0.000000,0.00000
285.000,163.000,1,-1.000,1.0000000,0.9999990,416.9998,284.9935,163.0048,0.000000,0.00000
285.000,163.000,2,-1.000,0.0000000,0.0000000,153.5000,284.9872,163.0000,0.000000,0.00000
285.000,163.000,2,-1.000,0.0020833,0.0012092,154.1373,284.9872,163.0000,0.000000,0.00000
285.000,163.000,2,-1.000,0.0041667,0.0046790,155.9658,285.0034,163.0026,0.000023,0.00000
285.000,163.000,2,-1.000,0.0062500,0.0101859,158.8680,285.0861,163.0156,0.000140,0.00000
285.000,163.000,2,-1.000,0.0083333,0.0175232,162.7347,285.3041,163.0488,0.000444,0.00000
285.000,163.000,2,-1.000,0.0104167,0.0264991,167.4650,285.7198,163.1100,0.001014,0.00000
285.000,163.000,2,-1.000,0.0125000,0.0369364,172.9655,286.3798,163.2036,0.001904,0.00000
285.000,163.000,2,-1.000,0.0145833,0.0486712,179.1497,287.3145,163.3309,0.003140,0.00000
285.000,163.000,2,-1.000,0.0166667,0.0615519,185.9379,288.5414,163.4913,0.004733,0.00000
285.000,163.000,2,-1.000,0.0187500,0.0754392,193.2565,290.0676,163.6828,0.006675,0.00000
285.000,163.000,2,-1.000,0.0208333,0.0902041,201.0375,291.8929,163.9022,0.008951,0.00000
285.000,163.000,2,-1.000,0.0229167,0.1057278,209.2186,294.0115,164.1459,0.011540,0.00000
285.000,163.000,2,-1.000,0.0250000,0.1219015,217.7421,296.4132,164.4103,0.014414,0.00000
285.000,163.000,2,-1.000,0.0270833,0.1386245,226.5551,299.0854,164.6918,0.017546,0.00000
285.000,163.000,2,-1.000,0.0291667,0.1558050,235.6093,302.0128,164.9866,0.020907,0.00000
285.000,163.000,2,-1.000,0.0312500,0.1733586,244.8600,305.1790,165.2914,0.024467,0.00000
285.000,163.000,2,-1.000,0.0333333,0.1912079,254.2666,308.5663,165.6031,0.028198,0.00000
285.000,163.000,2,-1.000,0.0354167,0.2092824,263.7918,312.1563,165.9187,0.032071,0.00000
285.000,163.000,2,-1.000,0.0375000,0.2275176,273.4018,315.9301,166.2357,0.036060,0.00000
285.000,163.000,2,-1.000,0.0395833,0.2458550,283.0656,319.8686,166.5518,0.040140,0.00000
285.000,163.000,2,-1.000,0.0416667,0.2642411,292.7551,323.9526,166.8649,0.044287,0.00000
285.000,163.000,2,-1.000,0.0437500,0.2826276,302.4447,328.1630,167.1731,0.048479,0.00000
285.000,163.000,2,-1.000,0.0458333,0.3009707,312.1115,332.4809,167.4749,0.052694,0.00000
285.000,163.000,2,-1.000,0.0479167,0.3192309,321.7347,336.8875,167.7690,0.056915,0.00000
285.000,163.000,2,-1.000,0.0500000,0.3373726,331.2954,341.3642,168.0541,0.061124,0.00000
285.000,163.000,2,-1.000,0.0520833,0.3553641,340.7769,345.8930,168.3294,0.065303,0.00000
285.000,163.000,2,-1.000,0.0541667,0.3731768,350.1642,350.4565,168.5939,0.069439,0.00000
285.000,163.000,2,-1.000,0.0562500,0.3907853,359.4438,355.0374,168.8471,0.073518,0.00000
285.000,163.000,2,-1.000,0.0583333,0.4081672,368.6041,359.6188,169.0883,0.077527,0.00000
285.000,163.000,2,-1.000,0.0604167,0.4253026,377.6345,364.1849,169.3172,0.081456,0.00000
285.000,163.000,2,-1.000,0.0625000,0.4421744,386.5259,368.7197,169.5335,0.085294,0.00000
285.000,163.000,2,-1.000,0.0645833,0.4587674,395.2704,373.2085,169.7369,0.089032,0.00000
285.000,163.000,2,-1.000,0.0666667,0.4750689,403.8613,377.6366,169.9273,0.092663,0.00000
285.000,163.000,2,-1.000,0.0687500,0.4910676,412.2926,381.9902,170.1046,0.096178,0.00000
285.000,163.000,2,-1.000,0.0708333,0.5067543,420.5595,386.2560,170.2687,0.099571,0.00000
285.000,163.000,2,-1.000,0.0729167,0.5221214,428.6580,390.4213,170.4198,0.102837,0.00000
285.000,163.000,2,-1.000,0.0750000,0.5371629,436.5848,394.4741,170.5579,0.105970,0.00000
285.000,163.000,2,-1.000,0.0770833,0.5518739,444.3375,398.4030,170.6830,0.108967,0.00000
285.000,163.000,2,-1.000,0.0791667,0.5662508,451.9142,402.1970,170.7955,0.111822,0.00000
285.000,163.000,2,-1.000,0.0812500,0.5802913,459.3135,405.8463,170.8953,0.114533,0.00000
285.000,163.000,2,-1.000,0.0833333,0.5939940,466.5349,409.3411,170.9827,0.117096,0.00000
285.000,163.000,2,-1.000,0.0854167,0.6073584,473.5779,412.6725,171.0578,0.119510,0.00000
285.000,163.000,2,-1.000,0.0875000,0.6203849,480.4429,415.8324,171.1210,0.121773,0.00000
285.000,163.000,2,-1.000,0.0895833,0.6330748,487.1304,418.8131,171.1725,0.123882,0.00000
285.000,163.000,2,-1.000,0.0916667,0.6454297,493.6415,421.6076,171.2124,0.125837,0.00000
285.000,163.000,2,-1.000,0.0937500,0.6574524,499.9774,424.2095,171.2410,0.127636,0.00000
285.000,163.000,2,-1.000,0.0958333,0.6691457,506.1398,426.6133,171.2587,0.129279,0.00000
285.000,163.000,2,-1.000,0.0979167,0.6805131,512.1304,428.8136,171.2656,0.130767,0.00000
285.000,163.000,2,-1.000,0.1000000,0.6915588,517.9515,430.8063,171.2620,0.132098,0.00000
285.000,163.000,2,-1.000,0.1020833,0.7022870,523.6052,432.5873,171.2482,0.133305,0.00000
285.000,163.000,2,-1.000,0.1041667,0.7127023,529.0941,434.1537,171.2245,0.134418,0.00000
285.000,163.000,2,-1.000,0.1062500,0.7228099,534.4208,435.5027,171.1913,0.135438,0.00000
285.000,163.000,2,-1.000,0.1083333,0.7326149,539.5881,436.6326,171.1487,0.136366,0.00000
285.000,163.000,2,-1.000,0.1104167,0.7421229,544.5988,437.5419,171.0971,0.137200,0.00000
285.000,163.000,2,-1.000,0.1125000,0.7513394,549.4559,438.2301,171.0369,0.137943,0.00000
285.000,163.000,2,-1.000,0.1145833,0.7602704,554.1625,438.6970,170.9682,0.138593,0.00000
285.000,163.000,2,-1.000,0.1166667,0.7689216,558.7217,438.9434,170.8915,0.139152,0.00000
285.000,163.000,2,-1.000,0.1187500,0.7772992,563.1367,438.9701,170.8072,0.139621,0.00000
285.000,163.000,2,-1.000,0.1208333,0.7854092,567.4106,438.7789,170.7155,0.139999,0.00000
285.000,163.000,2,-1.000,0.1229167,0.7932580,571.5469,438.3723,170.6168,0.140288,0.00000
285.000,163.000,2,-1.000,0.1250000,0.8008515,575.5488,437.7531,170.5115,0.140489,0.00000
285.000,163.000,2,-1.000,0.1270833,0.8081961,579.4194,436.9246,170.4000,0.140603,0.00000
285.000,163.000,2,-1.000,0.1291667,0.8152981,583.1621,435.8909,170.2826,0.140630,0.00000
285.000,163.000,2,-1.000,0.1312500,0.8221635,586.7802,434.6565,170.1597,0.140572,0.00000
285.000,163.000,2,-1.000,0.1333333,0.8287986,590.2769,433.2263,170.0317,0.140431,0.00000
285.000,163.000,2,-1.000,0.1354167,0.8352095,593.6554,431.6060,169.8991,0.140207,0.00000
285.000,163.000,2,-1.000,0.1375000,0.8414023,596.9190,429.8014,169.7622,0.139903,0.00000
285.000,163.000,2,-1.000,0.1395833,0.8473829,600.0708,427.8187,169.6214,0.139519,0.00000
285.000,163.000,2,-1.000,0.1416667,0.8531575,603.1140,425.6649,169.4772,0.139058,0.00000
285.000,163.000,2,-1.000,0.1437500,0.8587319,606.0517,423.3473,169.3299,0.138522,0.00000
285.000,163.000,2,-1.000,0.1458333,0.8641118,608.8869,420.8730,169.1799,0.137912,0.00000
285.000,163.000,2,-1.000,0.1479167,0.8693029,611.6226,418.2501,169.0276,0.137230,0.00000
285.000,163.000,2,-1.000,0.1500000,0.8743109,614.2618,415.4868,168.8736,0.136480,0.00000
285.000,163.000,2,-1.000,0.1520833,0.8791412,616.8074,412.5913,168.7181,0.135662,0.00000
285.000,163.000,2,-1.000,0.1541667,0.8837994,619.2623,409.5723,168.5614,0.134779,0.00000
285.000,163.000,2,-1.000,0.1562500,0.8882906,621.6292,406.4385,168.4041,0.133835,0.00000
285.000,163.000,2,-1.000,0.1583333,0.8926201,623.9108,403.1989,168.2464,0.132830,0.00000
285.000,163.000,2,-1.000,0.1604167,0.8967931,626.1100,399.8625,168.0887,0.131767,0.00000
285.000,163.000,2,-1.000,0.1625000,0.9008145,628.2292,396.4384,167.9314,0.130650,0.00000
285.000,163.000,2,-1.000,0.1645833,0.9046891,630.2712,392.9360,167.7747,0.129481,0.00000
285.000,163.000,2,-1.000,0.1666667,0.9084217,632.2382,389.3644,167.6189,0.128261,0.00000
285.000,163.000,2,-1.000,0.1687500,0.9120168,634.1329,385.7327,167.4644,0.126995,0.00000
285.000,163.000,2,-1.000,0.1708333,0.9154792,635.9575,382.0502,167.3114,0.125684,0.00000
285.000,163.000,2,-1.000,0.1729167,0.9188130,637.7145,378.3258,167.1602,0.124331,0.00000
285.000,163.000,2,-1.000,0.1750000,0.9220228,639.4060,374.5687,167.0110,0.122940,0.00000
285.000,163.000,2,-1.000,0.1770833,0.9251125,641.0343,370.7876,166.8640,0.121511,0.00000
285.000,163.000,2,-1.000,0.1791667,0.9280865,642.6016,366.9912,166.7195,0.120048,0.00000
285.000,163.000,2,-1.000,0.1812500,0.9309484,644.1098,363.1879,166.5775,0.118555,0.00000
285.000,163.000,2,-1.000,0.1833333,0.9337022,645.5610,359.3860,166.4383,0.117032,0.00000
285.000,163.000,2,-1.000,0.1854167,0.9363515,646.9573,355.5938,166.3020,0.115482,0.00000
285.000,163.000,2,-1.000,0.1875000,0.9389002,648.3004,351.8188,166.1688,0.113909,0.00000
285.000,163.000,2,-1.000,0.1895833,0.9413517,649.5923,348.0686,166.0387,0.112315,0.00000
285.000,163.000,2,-1.000,0.1916667,0.9437094,650.8348,344.3506,165.9119,0.110701,0.00000
285.000,163.000,2,-1.000,0.1937500,0.9459766,652.0297,340.6717,165.7884,0.109070,0.00000
285.000,163.000,2,-1.000,0.1958333,0.9481566,653.1785,337.0385,165.6683,0.107425,0.00000
285.000,163.000,2,-1.000,0.1979167,0.9502524,654.2830,333.4572,165.5516,0.105767,0.00000
285.000,163.000,2,-1.000,0.2000000,0.9522672,655.3448,329.9340,165.4384,0.104099,0.00000
285.000,163.000,2,-1.000,0.2020833,0.9542037,656.3654,326.4744,165.3287,0.102423,0.00000
285.000,163.000,2,-1.000,0.2041667,0.9560649,657.3462,323.0837,165.2225,0.100740,0.00000
285.000,163.000,2,-1.000,0.2062500,0.9578534,658.2888,319.7669,165.1199,0.099053,0.00000
285.000,163.000,2,-1.000,0.2083333,0.9595720,659.1945,316.5286,165.0207,0.097364,0.00000
285.000,163.000,2,-1.000,0.2104167,0.9612232,660.0646,313.3730,164.9250,0.095673,0.00000
285.000,163.000,2,-1.000,0.2125000,0.9628096,660.9006,310.3041,164.8328,0.093984,0.00000
285.000,163.000,2,-1.000,0.2145833,0.9643334,661.7037,307.3252,164.7439,0.092297,0.00000
285.000,163.000,2,-1.000,0.2166667,0.9657970,662.4750,304.4396,164.6584,0.090614,0.00000
285.000,163.000,2,-1.000,0.2187500,0.9672027,663.2158,301.6501,164.5762,0.088936,0.00000
285.000,163.000,2,-1.000,0.2208333,0.9685526,663.9272,298.9594,164.4973,0.087265,0.00000
285.000,163.000,2,-1.000,0.2229167,0.9698490,664.6104,296.3693,164.4216,0.085602,0.00000
285.000,163.000,2,-1.000,0.2250000,0.9710937,665.2664,293.8816,164.3490,0.083949,0.00000
285.000,163.000,2,-1.000,0.2270833,0.9722887,665.8961,291.4980,164.2794,0.082306,0.00000
285.000,163.000,2,-1.000,0.2291667,0.9734358,666.5007,289.2196,164.2128,0.080674,0.00000
285.000,163.000,2,-1.000,0.2312500,0.9745370,667.0810,287.0471,164.1492,0.079056,0.00000
285.000,163.000,2,-1.000,0.2333333,0.9755939,667.6380,284.9813,164.0883,0.077451,0.00000
285.000,163.000,2,-1.000,0.2354167,0.9766083,668.1726,283.0225,164.0304,0.075860,0.00000
285.000,163.000,2,-1.000,0.2375000,0.9775819,668.6857,281.1882,163.9931,0.074285,0.00000
285.000,163.000,2,-1.000,0.2395833,0.9785161,669.1780,279.5028,164.0005,0.072726,0.00000
285.000,163.000,2,-1.000,0.2416667,0.9794125,669.6504,277.9780,164.0652,0.071183,0.00000
285.000,163.000,2,-1.000,0.2437500,0.9802725,670.1036,276.6176,164.1914,0.069659,0.00000
285.000,163.000,2,-1.000,0.2458333,0.9810978,670.5385,275.4192,164.3780,0.068152,0.00000
285.000,163.000,2,-1.000,0.2479167,0.9818894,670.9557,274.3773,164.6204,0.066664,0.00000
285.000,163.000,2,-1.000,0.2500000,0.9826487,671.3558,273.4839,164.9121,0.065195,0.00000
285.000,163.000,2,-1.000,0.2520833,0.9833770,671.7397,272.7299,165.2454,0.063746,0.00000
285.000,163.000,2,-1.000,0.2541667,0.9840756,672.1078,272.1051,165.6122,0.062317,0.00000
285.000,163.000,2,-1.000,0.2562500,0.9847456,672.4609,271.5997,166.0045,0.060908,0.00000
285.000,163.000,2,-1.000,0.2583333,0.9853882,672.7996,271.2041,166.4145,0.059520,0.00000
285.000,163.000,2,-1.000,0.2604167,0.9860043,673.1243,270.9087,166.8351,0.058152,0.00000
285.000,163.000,2,-1.000,0.2625000,0.9865951,673.4356,270.7043,167.2596,0.056806,0.00000
285.000,163.000,2,-1.000,0.2645833,0.9871615,673.7341,270.5830,167.6823,0.055482,0.00000
285.000,163.000,2,-1.000,0.2666667,0.9877046,674.0203,270.5366,168.0979,0.054179,0.00000
285.000,163.000,2,-1.000,0.2687500,0.9882252,674.2947,270.5580,168.5018,0.052897,0.00000
285.000,163.000,2,-1.000,0.2708333,0.9887242,674.5577,270.6405,168.8902,0.051638,0.00000
285.000,163.000,2,-1.000,0.2729167,0.9892027,674.8098,270.7780,169.2598,0.050400,0.00000
285.000,163.000,2,-1.000,0.2750000,0.9896613,675.0515,270.9646,169.6078,0.049184,0.00000
285.000,163.000,2,-1.000,0.2770833,0.9901009,675.2831,271.1953,169.9321,0.047990,0.00000
285.000,163.000,2,-1.000,0.2791667,0.9905221,675.5051,271.4652,170.2308,0.046818,0.00000
285.000,163.000,2,-1.000,0.2812500,0.9909258,675.7179,271.7699,170.5027,0.045668,0.00000
285.000,163.000,2,-1.000,0.2833333,0.9913126,675.9218,272.1053,170.7467,0.044539,0.00000
285.000,163.000,2,-1.000,0.2854167,0.9916834,676.1171,272.4678,170.9623,0.043432,0.00000
285.000,163.000,2,-1.000,0.2875000,0.9920385,676.3043,272.8538,171.1490,0.042347,0.00000
285.000,163.000,2,-1.000,0.2895833,0.9923790,676.4837,273.2601,171.3070,0.041283,0.00000
285.000,163.000,2,-1.000,0.2916667,0.9927051,676.6556,273.6838,171.4362,0.040240,0.00000
285.000,163.000,2,-1.000,0.2937500,0.9930174,676.8202,274.1223,171.5370,0.039219,0.00000
285.000,163.000,2,-1.000,0.2958333,0.9933167,676.9779,274.5729,171.6100,0.038219,0.00000
285.000,163.000,2,-1.000,0.2979167,0.9936035,677.1290,275.0332,171.6559,0.037239,0.00000
285.000,163.000,2,-1.000,0.3000000,0.9938781,677.2737,275.5013,171.6755,0.036280,0.00000
285.000,163.000,2,-1.000,0.3020833,0.9941411,677.4124,275.9750,171.6697,0.035341,0.00000
285.000,163.000,2,-1.000,0.3041667,0.9943931,677.5452,276.4523,171.6394,0.034423,0.00000
285.000,163.000,2,-1.000,0.3062500,0.9946344,677.6724,276.9316,171.5858,0.033524,0.00000
285.000,163.000,2,-1.000,0.3083333,0.9948657,677.7942,277.4114,171.5099,0.032645,0.00000
285.000,163.000,2,-1.000,0.3104167,0.9950870,677.9108,277.8900,171.4131,0.031786,0.00000
285.000,163.000,2,-1.000,0.3125000,0.9952989,678.0225,278.3661,171.2965,0.030946,0.00000
285.000,163.000,2,-1.000,0.3145833,0.9955019,678.1295,278.8384,171.1613,0.030124,0.00000
285.000,163.000,2,-1.000,0.3166667,0.9956962,678.2319,279.3057,171.0089,0.029322,0.00000
285.000,163.000,2,-1.000,0.3187500,0.9958824,678.3300,279.7667,170.8404,0.028538,0.00000
285.000,163.000,2,-1.000,0.3208333,0.9960605,678.4239,280.2207,170.6571,0.027772,0.00000
285.000,163.000,2,-1.000,0.3229167,0.9962311,678.5138,280.6666,170.4604,0.027023,0.00000
285.000,163.000,2,-1.000,0.3250000,0.9963944,678.5999,281.1035,170.2513,0.026293,0.00000
285.000,163.000,2,-1.000,0.3270833,0.9965507,678.6823,281.5308,170.0314,0.025579,0.00000
285.000,163.000,2,-1.000,0.3291667,0.9967004,678.7611,281.9475,169.8015,0.024883,0.00000
285.000,163.000,2,-1.000,0.3312500,0.9968436,678.8366,282.3531,169.5630,0.024203,0.00000
285.000,163.000,2,-1.000,0.3333333,0.9969808,678.9089,282.7469,169.3171,0.023539,0.00000
285.000,163.000,2,-1.000,0.3354167,0.9971121,678.9781,283.1287,169.0647,0.022892,0.00000
285.000,163.000,2,-1.000,0.3375000,0.9972378,679.0443,283.4977,168.8071,0.022261,0.00000
285.000,163.000,2,-1.000,0.3395833,0.9973581,679.1077,283.8535,168.5451,0.021645,0.00000
285.000,163.000,2,-1.000,0.3416667,0.9974732,679.1684,284.1959,168.2799,0.021044,0.00000
285.000,163.000,2,-1.000,0.3437500,0.9975834,679.2264,284.5245,168.0125,0.020458,0.00000
285.000,163.000,2,-1.000,0.3458333,0.9976888,679.2820,284.8391,167.7435,0.019887,0.00000
285.000,163.000,2,-1.000,0.3479167,0.9977896,679.3351,285.1395,167.4741,0.019330,0.00000
285.000,163.000,2,-1.000,0.3500000,0.9978862,679.3860,285.4254,167.2050,0.018788,0.00000
285.000,163.000,2,-1.000,0.3520833,0.9979787,679.4348,285.6969,166.9370,0.018259,0.00000
285.000,163.000,2,-1.000,0.3541667,0.9980670,679.4813,285.9539,166.6707,0.017743,0.00000
285.000,163.000,2,-1.000,0.3562500,0.9981516,679.5259,286.1960,166.4070,0.017241,0.00000
285.000,163.000,2,-1.000,0.3583333,0.9982325,679.5685,286.4238,166.1464,0.016752,0.00000
285.000,163.000,2,-1.000,0.3604167,0.9983100,679.6094,286.6370,165.8896,0.016275,0.00000
285.000,163.000,2,-1.000,0.3625000,0.9983841,679.6484,286.8357,165.6371,0.015811,0.00000
285.000,163.000,2,-1.000,0.3645833,0.9984550,679.6858,287.0200,165.3895,0.015359,0.00000
285.000,163.000,2,-1.000,0.3666667,0.9985229,679.7216,287.1902,165.1472,0.014919,0.00000
285.000,163.000,2,-1.000,0.3687500,0.9985877,679.7557,287.3567,164.9210,0.014491,0.00000
285.000,163.000,2,-1.000,0.3708333,0.9986498,679.7885,287.5267,164.7182,0.014073,0.00000
285.000,163.000,2,-1.000,0.3729167,0.9987092,679.8198,287.6978,164.5365,0.013667,0.00000
285.000,163.000,2,-1.000,0.3750000,0.9987660,679.8497,287.8676,164.3737,0.013272,0.00000
285.000,163.000,2,-1.000,0.3770833,0.9988203,679.8783,288.0341,164.2278,0.012887,0.00000
285.000,163.000,2,-1.000,0.3791667,0.9988723,679.9057,288.1957,164.0970,0.012513,0.00000
285.000,163.000,2,-1.000,0.3812500,0.9989220,679.9319,288.3511,163.9799,0.012149,0.00000
285.000,163.000,2,-1.000,0.3833333,0.9989695,679.9569,288.4989,163.8751,0.011794,0.00000
285.000,163.000,2,-1.000,0.3854167,0.9990149,679.9808,288.6381,163.7811,0.011450,0.00000
285.000,163.000,2,-1.000,0.3875000,0.9990583,680.0037,288.7677,163.6970,0.011114,0.00000
285.000,163.000,2,-1.000,0.3895833,0.9990999,680.0256,288.8873,163.6218,0.010788,0.00000
285.000,163.000,2,-1.000,0.3916667,0.9991396,680.0466,288.9962,163.5544,0.010471,0.00000
285.000,163.000,2,-1.000,0.3937500,0.9991776,680.0666,289.0939,163.4941,0.010163,0.00000
285.000,163.000,2,-1.000,0.3958333,0.9992139,680.0858,289.1799,163.4402,0.009863,0.00000
285.000,163.000,2,-1.000,0.3979167,0.9992487,680.1041,289.2544,163.3920,0.009571,0.00000
285.000,163.000,2,-1.000,0.4000000,0.9992819,680.1216,289.3171,163.3489,0.009288,0.00000
285.000,163.000,2,-1.000,0.4020833,0.9993138,680.1384,289.3678,163.3104,0.009012,0.00000
285.000,163.000,2,-1.000,0.4041667,0.9993441,680.1544,289.4069,163.2760,0.008744,0.00000
285.000,163.000,2,-1.000,0.4062500,0.9993732,680.1697,289.4342,163.2453,0.008484,0.00000
285.000,163.000,2,-1.000,0.4083333,0.9994010,680.1843,289.4501,163.2179,0.008231,0.00000
285.000,163.000,2,-1.000,0.4104167,0.9994275,680.1983,289.4546,163.1934,0.007985,0.00000
285.000,163.000,2,-1.000,0.4125000,0.9994529,680.2117,289.4482,163.1715,0.007746,0.00000
285.000,163.000,2,-1.000,0.4145833,0.9994772,680.2245,289.4312,163.1520,0.007514,0.00000
285.000,163.000,2,-1.000,0.4166667,0.9995004,680.2367,289.4038,163.1347,0.007288,0.00000
285.000,163.000,2,-1.000,0.4187500,0.9995226,680.2484,289.3666,163.1192,0.007069,0.00000
285.000,163.000,2,-1.000,0.4208333,0.9995438,680.2596,289.3199,163.1054,0.006856,0.00000
285.000,163.000,2,-1.000,0.4229167,0.9995641,680.2703,289.2642,163.0931,0.006649,0.00000
285.000,163.000,2,-1.000,0.4250000,0.9995834,680.2805,289.2000,163.0822,0.006449,0.00000
285.000,163.000,2,-1.000,0.4270833,0.9996020,680.2902,289.1276,163.0725,0.006254,0.00000
285.000,163.000,2,-1.000,0.4291667,0.9996197,680.2996,289.0477,163.0639,0.006064,0.00000
285.000,163.000,2,-1.000,0.4312500,0.9996366,680.3085,288.9607,163.0562,0.005880,0.00000
285.000,163.000,2,-1.000,0.4333333,0.9996528,680.3170,288.8671,163.0494,0.005701,0.00000
285.000,163.000,2,-1.000,0.4354167,0.9996683,680.3252,288.7675,163.0434,0.005528,0.00000
285.000,163.000,2,-1.000,0.4375000,0.9996831,680.3330,288.6622,163.0380,0.005360,0.00000
285.000,163.000,2,-1.000,0.4395833,0.9996973,680.3405,288.5520,163.0333,0.005196,0.00000
285.000,163.000,2,-1.000,0.4416667,0.9997108,680.3476,288.4371,163.0291,0.005037,0.00000
285.000,163.000,2,-1.000,0.4437500,0.9997238,680.3544,288.3182,163.0254,0.004883,0.00000
285.000,163.000,2,-1.000,0.4458333,0.9997362,680.3610,288.1959,163.0221,0.004734,0.00000
285.000,163.000,2,-1.000,0.4479167,0.9997480,680.3672,288.0704,163.0192,0.004589,0.00000
285.000,163.000,2,-1.000,0.4500000,0.9997592,680.3731,287.9424,163.0167,0.004448,0.00000
285.000,163.000,2,-1.000,0.4520833,0.9997700,680.3788,287.8121,163.0144,0.004311,0.00000
285.000,163.000,2,-1.000,0.4541667,0.9997803,680.3842,287.6803,163.0124,0.004178,0.00000
285.000,163.000,2,-1.000,0.4562500,0.9997901,680.3894,287.5471,163.0107,0.004049,0.00000
285.000,163.000,2,-1.000,0.4583333,0.9997995,680.3943,287.4131,163.0092,0.003924,0.00000
285.000,163.000,2,-1.000,0.4604167,0.9998085,680.3991,287.2787,163.0078,0.003803,0.00000
285.000,163.000,2,-1.000,0.4625000,0.9998171,680.4036,287.1442,163.0066,0.003686,0.00000
285.000,163.000,2,-1.000,0.4645833,0.9998254,680.4080,287.0101,163.0056,0.003571,0.00000
285.000,163.000,2,-1.000,0.4666667,0.9998332,680.4121,286.8767,163.0047,0.003461,0.00000
285.000,163.000,2,-1.000,0.4687500,0.9998407,680.4161,286.7443,163.0039,0.003353,0.00000
285.000,163.000,2,-1.000,0.4708333,0.9998479,680.4199,286.6132,163.0032,0.003249,0.00000
285.000,163.000,2,-1.000,0.4729167,0.9998547,680.4235,286.4838,163.0027,0.003148,0.00000
285.000,163.000,2,-1.000,0.4750000,0.9998612,680.4269,286.3563,163.0021,0.003050,0.00000
285.000,163.000,2,-1.000,0.4770833,0.9998675,680.4302,286.2310,163.0017,0.002955,0.00000
285.000,163.000,2,-1.000,0.4791667,0.9998734,680.4333,286.1083,163.0013,0.002863,0.00000
285.000,163.000,2,-1.000,0.4812500,0.9998791,680.4363,285.9880,163.0010,0.002773,0.00000
285.000,163.000,2,-1.000,0.4833333,0.9998845,680.4391,285.8707,163.0007,0.002687,0.00000
285.000,163.000,2,-1.000,0.4854167,0.9998897,680.4419,285.7566,163.0005,0.002603,0.00000
285.000,163.000,2,-1.000,0.4875000,0.9998947,680.4445,285.6456,163.0003,0.002521,0.00000
285.000,163.000,2,-1.000,0.4895833,0.9998994,680.4470,285.5381,163.0001,0.002442,0.00000
285.000,163.000,2,-1.000,0.4916667,0.9999040,680.4494,285.4342,163.0000,0.002365,0.00000
285.000,163.000,2,-1.000,0.4937500,0.9999083,680.4517,285.3339,162.9999,0.002291,0.00000
285.000,163.000,2,-1.000,0.4958333,0.9999124,680.4539,285.2374,162.9998,0.002219,0.00000
285.000,163.000,2,-1.000,0.4979167,0.9999164,680.4559,285.1448,162.9997,0.002149,0.00000
285.000,163.000,2,-1.000,0.5000000,0.9999202,680.4579,285.0562,162.9996,0.002081,0.00000
285.000,163.000,2,-1.000,0.5020834,0.9999238,680.4598,284.9716,162.9996,0.002016,0.00000
285.000,163.000,2,-1.000,0.5041667,0.9999273,680.4617,284.8912,162.9997,0.001952,0.00000
285.000,163.000,2,-1.000,0.5062500,0.9999305,680.4634,284.8158,163.0007,0.001890,0.00000
285.000,163.000,2,-1.000,0.5083333,0.9999337,680.4650,284.7465,163.0036,0.001831,0.00000
285.000,163.000,2,-1.000,0.5104167,0.9999366,680.4666,284.6835,163.0088,0.001773,0.00000
285.000,163.000,2,-1.000,0.5125000,0.9999396,680.4681,284.6272,163.0164,0.001717,0.00000
285.000,163.000,2,-1.000,0.5145833,0.9999423,680.4696,284.5773,163.0264,0.001662,0.00000
285.000,163.000,2,-1.000,0.5166667,0.9999450,680.4710,284.5337,163.0386,0.001609,0.00000
285.000,163.000,2,-1.000,0.5187500,0.9999475,680.4724,284.4961,163.0526,0.001558,0.00000
285.000,163.000,2,-1.000,0.5208333,0.9999500,680.4736,284.4640,163.0683,0.001509,0.00000
285.000,163.000,2,-1.000,0.5229167,0.9999523,680.4749,284.4371,163.0851,0.001461,0.00000
285.000,163.000,2,-1.000,0.5250000,0.9999545,680.4760,284.4150,163.1029,0.001414,0.00000
285.000,163.000,2,-1.000,0.5270833,0.9999565,680.4771,284.3975,163.1213,0.001369,0.00000
285.000,163.000,2,-1.000,0.5291666,0.9999585,680.4781,284.3839,163.1400,0.001326,0.00000
285.000,163.000,2,-1.000,0.5312500,0.9999604,680.4791,284.3740,163.1587,0.001283,0.00000
285.000,163.000,2,-1.000,0.5333334,0.9999623,680.4801,284.3676,163.1772,0.001242,0.00000
285.000,163.000,2,-1.000,0.5354167,0.9999640,680.4810,284.3641,163.1954,0.001203,0.00000
285.000,163.000,2,-1.000,0.5375000,0.9999656,680.4819,284.3636,163.2130,0.001164,0.00000
285.000,163.000,2,-1.000,0.5395833,0.9999672,680.4827,284.3656,163.2299,0.001127,0.00000
285.000,163.000,2,-1.000,0.5416667,0.9999687,680.4835,284.3699,163.2460,0.001091,0.00000
285.000,163.000,2,-1.000,0.5437500,0.9999701,680.4843,284.3763,163.2611,0.001056,0.00000
285.000,163.000,2,-1.000,0.5458333,0.9999715,680.4850,284.3846,163.2752,0.001022,0.00000
285.000,163.000,2,-1.000,0.5479167,0.9999728,680.4857,284.3947,163.2883,0.000989,0.00000
285.000,163.000,2,-1.000,0.5500000,0.9999741,680.4863,284.4063,163.3002,0.000957,0.00000
285.000,163.000,2,-1.000,0.5520833,0.9999752,680.4869,284.4192,163.3110,0.000927,0.00000
285.000,163.000,2,-1.000,0.5541667,0.9999764,680.4875,284.4333,163.3206,0.000897,0.00000
285.000,163.000,2,-1.000,0.5562500,0.9999774,680.4881,284.4486,163.3290,0.000868,0.00000
285.000,163.000,2,-1.000,0.5583333,0.9999785,680.4886,284.4648,163.3363,0.000840,0.00000
285.000,163.000,2,-1.000,0.5604166,0.9999795,680.4892,284.4821,163.3424,0.000813,0.00000
285.000,163.000,2,-1.000,0.5625000,0.9999804,680.4897,284.4999,163.3473,0.000787,0.00000
285.000,163.000,2,-1.000,0.5645834,0.9999813,680.4902,284.5184,163.3511,0.000761,0.00000
285.000,163.000,2,-1.000,0.5666667,0.9999822,680.4906,284.5375,163.3538,0.000737,0.00000
285.000,163.000,2,-1.000,0.5687500,0.9999830,680.4910,284.5570,163.3553,0.000713,0.00000
285.000,163.000,2,-1.000,0.5708333,0.9999838,680.4915,284.5768,163.3559,0.000690,0.00000
285.000,163.000,2,-1.000,0.5729167,0.9999845,680.4918,284.5969,163.3555,0.000667,0.00000
285.000,163.000,2,-1.000,0.5750000,0.9999852,680.4922,284.6172,163.3541,0.000646,0.00000
285.000,163.000,2,-1.000,0.5770833,0.9999859,680.4926,284.6377,163.3517,0.000625,0.00000
285.000,163.000,2,-1.000,0.5791667,0.9999866,680.4929,284.6582,163.3485,0.000605,0.00000
285.000,163.000,2,-1.000,0.5812500,0.9999871,680.4932,284.6787,163.3445,0.000585,0.00000
285.000,163.000,2,-1.000,0.5833333,0.9999877,680.4935,284.6991,163.3397,0.000566,0.00000
285.000,163.000,2,-1.000,0.5854167,0.9999883,680.4938,284.7194,163.3342,0.000548,0.00000
285.000,163.000,2,-1.000,0.5875000,0.9999889,680.4941,284.7395,163.3280,0.000530,0.00000
285.000,163.000,2,-1.000,0.5895833,0.9999893,680.4944,284.7593,163.3212,0.000513,0.00000
285.000,163.000,2,-1.000,0.5916666,0.9999898,680.4946,284.7788,163.3137,0.000496,0.00000
285.000,163.000,2,-1.000,0.5937500,0.9999903,680.4949,284.7981,163.3058,0.000480,0.00000
285.000,163.000,2,-1.000,0.5958334,0.9999908,680.4951,284.8170,163.2973,0.000464,0.00000
285.000,163.000,2,-1.000,0.5979167,0.9999912,680.4954,284.8354,163.2884,0.000449,0.00000
285.000,163.000,2,-1.000,0.6000000,0.9999917,680.4956,284.8535,163.2791,0.000434,0.00000
285.000,163.000,2,-1.000,0.6020833,0.9999920,680.4958,284.8710,163.2694,0.000420,0.00000
285.000,163.000,2,-1.000,0.6041667,0.9999924,680.4960,284.8881,163.2595,0.000406,0.00000
285.000,163.000,2,-1.000,0.6062500,0.9999927,680.4962,284.9047,163.2492,0.000393,0.00000
285.000,163.000,2,-1.000,0.6083333,0.9999930,680.4963,284.9207,163.2388,0.000380,0.00000
285.000,163.000,2,-1.000,0.6104167,0.9999934,680.4965,284.9360,163.2281,0.000368,0.00000
285.000,163.000,2,-1.000,0.6125000,0.9999937,680.4967,284.9508,163.2173,0.000356,0.00000
285.000,163.000,2,-1.000,0.6145833,0.9999941,680.4969,284.9650,163.2064,0.000344,0.00000
285.000,163.000,2,-1.000,0.6166667,0.9999943,680.4970,284.9786,163.1955,0.000333,0.00000
285.000,163.000,2,-1.000,0.6187500,0.9999946,680.4971,284.9916,163.1845,0.000322,0.00000
285.000,163.000,2,-1.000,0.6208333,0.9999948,680.4973,285.0040,163.1735,0.000311,0.00000
285.000,163.000,2,-1.000,0.6229166,0.9999950,680.4974,285.0157,163.1625,0.000301,0.00000
285.000,163.000,2,-1.000,0.6250000,0.9999952,680.4975,285.0267,163.1516,0.000291,0.00000
285.000,163.000,2,-1.000,0.6270834,0.9999955,680.4976,285.0372,163.1407,0.000282,0.00000
285.000,163.000,2,-1.000,0.6291667,0.9999957,680.4977,285.0470,163.1300,0.000273,0.00000
285.000,163.000,2,-1.000,0.6312500,0.9999959,680.4979,285.0563,163.1194,0.000264,0.00000
285.000,163.000,2,-1.000,0.6333333,0.9999962,680.4980,285.0648,163.1090,0.000255,0.00000
285.000,163.000,2,-1.000,0.6354167,0.9999964,680.4981,285.0726,163.0988,0.000247,0.00000
285.000,163.000,2,-1.000,0.6375000,0.9999965,680.4982,285.0800,163.0887,0.000238,0.00000
285.000,163.000,2,-1.000,0.6395833,0.9999967,680.4982,285.0870,163.0794,0.000231,0.00000
285.000,163.000,2,-1.000,0.6416667,0.9999968,680.4983,285.0942,163.0710,0.000223,0.00000
285.000,163.000,2,-1.000,0.6437500,0.9999969,680.4984,285.1016,163.0634,0.000216,0.00000
285.000,163.000,2,-1.000,0.6458333,0.9999970,680.4984,285.1088,163.0567,0.000208,0.00000
285.000,163.000,2,-1.000,0.6479167,0.9999971,680.4985,285.1158,163.0506,0.000202,0.00000
285.000,163.000,2,-1.000,0.6500000,0.9999972,680.4985,285.1226,163.0452,0.000195,0.00000
285.000,163.000,2,-1.000,0.6520833,0.9999973,680.4986,285.1292,163.0403,0.000189,0.00000
285.000,163.000,2,-1.000,0.6541666,0.9999974,680.4987,285.1354,163.0360,0.000182,0.00000
285.000,163.000,2,-1.000,0.6562500,0.9999976,680.4987,285.1412,163.0321,0.000176,0.00000
285.000,163.000,2,-1.000,0.6583334,0.9999977,680.4988,285.1467,163.0286,0.000170,0.00000
285.000,163.000,2,-1.000,0.6604167,0.9999978,680.4988,285.1517,163.0255,0.000165,0.00000
285.000,163.000,2,-1.000,0.6625000,0.9999979,680.4989,285.1563,163.0227,0.000159,0.00000
285.000,163.000,2,-1.000,0.6645833,0.9999980,680.4990,285.1603,163.0202,0.000154,0.00000
285.000,163.000,2,-1.000,0.6666667,0.9999982,680.4990,285.1638,163.0179,0.000149,0.00000
285.000,163.000,2,-1.000,0.6687500,0.9999983,680.4991,285.1669,163.0157,0.000144,0.00000
285.000,163.000,2,-1.000,0.6708333,0.9999984,680.4991,285.1692,163.0137,0.000139,0.00000
285.000,163.000,2,-1.000,0.6729167,0.9999985,680.4992,285.1709,163.0117,0.000135,0.00000
285.000,163.000,2,-1.000,0.6750000,0.9999986,680.4993,285.1721,163.0099,0.000130,0.00000
285.000,163.000,2,-1.000,0.6770833,0.9999987,680.4993,285.1727,163.0081,0.000126,0.00000
285.000,163.000,2,-1.000,0.6791667,0.9999989,680.4994,285.1729,163.0065,0.000122,0.00000
285.000,163.000,2,-1.000,0.6812500,0.9999990,680.4995,285.1725,163.0049,0.000118,0.00000
285.000,163.000,2,-1.000,0.6833333,0.9999990,680.4995,285.1716,163.0035,0.000114,0.00000
285.000,163.000,2,-1.000,0.6854166,0.9999990,680.4995,285.1704,163.0022,0.000110,0.00000
285.000,163.000,2,-1.000,0.6875000,0.9999990,680.4995,285.1687,163.0010,0.000106,0.00000
285.000,163.000,2,-1.000,0.6895834,0.9999990,680.4995,285.1666,162.9999,0.000103,0.00000
285.000,163.000,2,-1.000,0.6916667,0.9999990,680.4995,285.1643,162.9990,0.000099,0.00000
285.000,163.000,2,-1.000,0.6937500,0.9999990,680.4995,285.1615,162.9981,0.000096,0.00000
285.000,163.000,2,-1.000,0.6958333,0.9999990,680.4995,285.1584,162.9973,0.000093,0.00000
285.000,163.000,2,-1.000,0.6979167,0.9999990,680.4995,285.1550,162.9966,0.000090,0.00000
285.000,163.000,2,-1.000,0.7000000,0.9999990,680.4995,285.1514,162.9960,0.000087,0.00000
285.000,163.000,2,-1.000,0.7020833,0.9999990,680.4995,285.1475,162.9955,0.000084,0.00000
285.000,163.000,2,-1.000,0.7041667,0.9999990,680.4995,285.1433,162.9950,0.000081,0.00000
285.000,163.000,2,-1.000,0.7062500,0.9999990,680.4995,285.1389,162.9946,0.000078,0.00000
285.000,163.000,2,-1.000,0.7083333,0.9999990,680.4995,285.1343,162.9942,0.000076,0.00000
285.000,163.000,2,-1.000,0.7104167,0.9999990,680.4995,285.1295,162.9939,0.000073,0.00000
285.000,163.000,2,-1.000,0.7125000,0.9999990,680.4995,285.1245,162.9936,0.000071,0.00000
285.000,163.000,2,-1.000,0.7145833,0.9999990,680.4995,285.1194,162.9934,0.000068,0.00000
285.000,163.000,2,-1.000,0.7166666,0.9999990,680.4995,285.1143,162.9932,0.000066,0.00000
285.000,163.000,2,-1.000,0.7187500,0.9999990,680.4995,285.1089,162.9930,0.000064,0.00000
285.000,163.000,2,-1.000,0.7208334,0.9999990,680.4995,285.1035,162.9929,0.000062,0.00000
285.000,163.000,2,-1.000,0.7229167,0.9999990,680.4995,285.0980,162.9929,0.000060,0.00000
285.000,163.000,2,-1.000,0.7250000,0.9999990,680.4995,285.0924,162.9928,0.000058,0.00000
285.000,163.000,2,-1.000,0.7270833,0.9999990,680.4995,285.0869,162.9928,0.000056,0.00000
285.000,163.000,2,-1.000,0.7291667,0.9999990,680.4995,285.0813,162.9928,0.000054,0.00000
285.000,163.000,2,-1.000,0.7312500,0.9999990,680.4995,285.0757,162.9928,0.000052,0.00000
285.000,163.000,2,-1.000,0.7333333,0.9999990,680.4995,285.0701,162.9928,0.000050,0.00000
285.000,163.000,2,-1.000,0.7354167,0.9999990,680.4995,285.0645,162.9929,0.000049,0.00000
285.000,163.000,2,-1.000,0.7375000,0.9999990,680.4995,285.0590,162.9929,0.000047,0.00000
285.000,163.000,2,-1.000,0.7395833,0.9999990,680.4995,285.0535,162.9930,0.000045,0.00000
285.000,163.000,2,-1.000,0.7416667,0.9999990,680.4995,285.0481,162.9931,0.000044,0.00000
285.000,163.000,2,-1.000,0.7437500,0.9999990,680.4995,285.0427,162.9932,0.000042,0.00000
285.000,163.000,2,-1.000,0.7458333,0.9999990,680.4995,285.0376,162.9933,0.000041,0.00000
285.000,163.000,2,-1.000,0.7479166,0.9999990,680.4995,285.0323,162.9934,0.000040,0.00000
285.000,163.000,2,-1.000,0.7500000,0.9999990,680.4995,285.0273,162.9935,0.000038,0.00000
285.000,163.000,2,-1.000,0.7520834,0.9999990,680.4995,285.0225,162.9937,0.000037,0.00000
285.000,163.000,2,-1.000,0.7541667,0.9999990,680.4995,285.0177,162.9938,0.000036,0.00000
285.000,163.000,2,-1.000,0.7562500,0.9999990,680.4995,285.0131,162.9939,0.000035,0.00000
285.000,163.000,2,-1.000,0.7583333,0.9999990,680.4995,285.0085,162.9941,0.000033,0.00000
285.000,163.000,2,-1.000,0.7604167,0.9999990,680.4995,285.0042,162.9942,0.000032,0.00000
285.000,163.000,2,-1.000,0.7625000,0.9999990,680.4995,285.0000,162.9944,0.000031,0.00000
285.000,163.000,2,-1.000,0.7645833,0.9999990,680.4995,284.9958,162.9945,0.000030,0.00000
285.000,163.000,2,-1.000,0.7666667,0.9999990,680.4995,284.9919,162.9947,0.000029,0.00000
285.000,163.000,2,-1.000,0.7687500,0.9999990,680.4995,284.9883,162.9948,0.000028,0.00000
285.000,163.000,2,-1.000,0.7708333,0.9999990,680.4995,284.9846,162.9950,0.000027,0.00000
285.000,163.000,2,-1.000,0.7729167,0.9999990,680.4995,284.9813,162.9951,0.000026,0.00000
285.000,163.000,2,-1.000,0.7750000,0.9999990,680.4995,284.9780,162.9952,0.000025,0.00000
285.000,163.000,2,-1.000,0.7770833,0.9999990,680.4995,284.9750,162.9954,0.000025,0.00000
285.000,163.000,2,-1.000,0.7791666,0.9999990,680.4995,284.9722,162.9955,0.000024,0.00000
285.000,163.000,2,-1.000,0.7812500,0.9999990,680.4995,284.9694,162.9957,0.000023,0.00000
285.000,163.000,2,-1.000,0.7833334,0.9999990,680.4995,284.9669,162.9958,0.000022,0.00000
285.000,163.000,2,-1.000,0.7854167,0.9999990,680.4995,284.9646,162.9960,0.000021,0.00000
285.000,163.000,2,-1.000,0.7875000,0.9999990,680.4995,284.9624,162.9961,0.000021,0.00000
285.000,163.000,2,-1.000,0.7895833,0.9999990,680.4995,284.9603,162.9963,0.000020,0.00000
285.000,163.000,2,-1.000,0.7916667,0.9999990,680.4995,284.9585,162.9964,0.000019,0.00000
285.000,163.000,2,-1.000,0.7937500,0.9999990,680.4995,284.9568,162.9965,0.000019,0.00000
285.000,163.000,2,-1.000,0.7958333,0.9999990,680.4995,284.9552,162.9966,0.000018,0.00000
285.000,163.000,2,-1.000,0.7979167,0.9999990,680.4995,284.9539,162.9968,0.000017,0.00000
285.000,163.000,2,-1.000,0.8000000,0.9999990,680.4995,284.9526,162.9969,0.000017,0.00000
285.000,163.000,2,-1.000,0.8020833,0.9999990,680.4995,284.9515,162.9970,0.000016,0.00000
285.000,163.000,2,-1.000,0.8041667,0.9999990,680.4995,284.9507,162.9971,0.000016,0.00000
285.000,163.000,2,-1.000,0.8062500,0.9999990,680.4995,284.9498,162.9973,0.000015,0.00000
285.000,163.000,2,-1.000,0.8083333,0.9999990,680.4995,284.9492,162.9974,0.000015,0.00000
285.000,163.000,2,-1.000,0.8104166,0.9999990,680.4995,284.9487,162.9975,0.000014,0.00000
285.000,163.000,2,-1.000,0.8125000,0.9999990,680.4995,284.9484,162.9976,0.000014,0.00000
285.000,163.000,2,-1.000,0.8145834,0.9999990,680.4995,284.9481,162.9977,0.000013,0.00000
285.000,163.000,2,-1.000,0.8166667,0.9999990,680.4995,284.9480,162.9978,0.000013,0.00000
285.000,163.000,2,-1.000,0.8187500,0.9999990,680.4995,284.9479,162.9979,0.000012,0.00000
285.000,163.000,2,-1.000,0.8208333,0.9999990,680.4995,284.9480,162.9980,0.000012,0.00000
285.000,163.000,2,-1.000,0.8229167,0.9999990,680.4995,284.9482,162.9980,0.000011,0.00000
285.000,163.000,2,-1.000,0.8250000,0.9999990,680.4995,284.9485,162.9982,0.000011,0.00000
285.000,163.000,2,-1.000,0.8270833,0.9999990,680.4995,284.9489,162.9982,0.000011,0.00000
285.000,163.000,2,-1.000,0.8291667,0.9999990,680.4995,284.9493,162.9983,0.000010,0.00000
285.000,163.000,2,-1.000,0.8312500,0.9999990,680.4995,284.9500,162.9984,0.000010,0.00000
285.000,163.000,2,-1.000,0.8333333,0.9999990,680.4995,284.9506,162.9985,0.000010,0.00000
285.000,163.000,2,-1.000,0.8354167,0.9999990,680.4995,284.9512,162.9985,0.000009,0.00000
285.000,163.000,2,-1.000,0.8375000,0.9999990,680.4995,284.9520,162.9986,0.000009,0.00000
285.000,163.000,2,-1.000,0.8395833,0.9999990,680.4995,284.9529,162.9987,0.000009,0.00000
285.000,163.000,2,-1.000,0.8416666,0.9999990,680.4995,284.9537,162.9988,0.000008,0.00000
285.000,163.000,2,-1.000,0.8437500,0.9999990,680.4995,284.9546,162.9988,0.000008,0.00000
285.000,163.000,2,-1.000,0.8458334,0.9999990,680.4995,284.9556,162.9989,0.000008,0.00000
285.000,163.000,2,-1.000,0.8479167,0.9999990,680.4995,284.9567,162.9990,0.000008,0.00000
285.000,163.000,2,-1.000,0.8500000,0.9999990,680.4995,284.9578,162.9990,0.000007,0.00000
285.000,163.000,2,-1.000,0.8520833,0.9999990,680.4995,284.9587,162.9991,0.000007,0.00000
285.000,163.000,2,-1.000,0.8541667,0.9999990,680.4995,284.9600,162.9991,0.000007,0.00000
285.000,163.000,2,-1.000,0.8562500,0.9999990,680.4995,284.9611,162.9991,0.000007,0.00000
285.000,163.000,2,-1.000,0.8583333,0.9999990,680.4995,284.9622,162.9992,0.000006,0.00000
285.000,163.000,2,-1.000,0.8604167,0.9999990,680.4995,284.9634,162.9993,0.000006,0.00000
285.000,163.000,2,-1.000,0.8625000,0.9999990,680.4995,284.9646,162.9993,0.000006,0.00000
285.000,163.000,2,-1.000,0.8645833,0.9999990,680.4995,284.9658,162.9993,0.000006,0.00000
285.000,163.000,2,-1.000,0.8666667,0.9999990,680.4995,284.9669,162.9994,0.000006,0.00000
285.000,163.000,2,-1.000,0.8687500,0.9999990,680.4995,284.9681,162.9994,0.000005,0.00000
285.000,163.000,2,-1.000,0.8708333,0.9999990,680.4995,284.9694,162.9995,0.000005,0.00000
285.000,163.000,2,-1.000,0.8729166,0.9999990,680.4995,284.9705,162.9995,0.000005,0.00000
285.000,163.000,2,-1.000,0.8750000,0.9999990,680.4995,284.9717,162.9995,0.000005,0.00000
285.000,163.000,2,-1.000,0.8770834,0.9999990,680.4995,284.9729,162.9996,0.000005,0.00000
285.000,163.000,2,-1.000,0.8791667,0.9999990,680.4995,284.9740,162.9996,0.000005,0.00000
285.000,163.000,2,-1.000,0.8812500,0.9999990,680.4995,284.9751,162.9996,0.000004,0.00000
285.000,163.000,2,-1.000,0.8833333,0.9999990,680.4995,284.9762,162.9996,0.000004,0.00000
285.000,163.000,2,-1.000,0.8854167,0.9999990,680.4995,284.9773,162.9997,0.000004,0.00000
285.000,163.000,2,-1.000,0.8875000,0.9999990,680.4995,284.9784,162.9997,0.000004,0.00000
285.000,163.000,2,-1.000,0.8895833,0.9999990,680.4995,284.9794,162.9997,0.000004,0.00000
285.000,163.000,2,-1.000,0.8916667,0.9999990,680.4995,284.9805,162.9998,0.000004,0.00000
285.000,163.000,2,-1.000,0.8937500,0.9999990,680.4995,284.9814,162.9998,0.000004,0.00000
285.000,163.000,2,-1.000,0.8958333,0.9999990,680.4995,284.9824,162.9998,0.000003,0.00000
285.000,163.000,2,-1.000,0.8979167,0.9999990,680.4995,284.9833,162.9998,0.000003,0.00000
285.000,163.000,2,-1.000,0.9000000,0.9999990,680.4995,284.9841,162.9998,0.000003,0.00000
285.000,163.000,2,-1.000,0.9020833,0.9999990,680.4995,284.9850,162.9998,0.000003,0.00000
285.000,163.000,2,-1.000,0.9041666,0.9999990,680.4995,284.9858,162.9999,0.000003,0.00000
285.000,163.000,2,-1.000,0.9062500,0.9999990,680.4995,284.9866,162.9999,0.000003,0.00000
285.000,163.000,2,-1.000,0.9083334,0.9999990,680.4995,284.9873,162.9999,0.000003,0.00000
285.000,163.000,2,-1.000,0.9104167,0.9999990,680.4995,284.9880,162.9999,0.000003,0.00000
285.000,163.000,2,-1.000,0.9125000,0.9999990,680.4995,284.9888,162.9999,0.000003,0.00000
285.000,163.000,2,-1.000,0.9145833,0.9999990,680.4995,284.9893,162.9999,0.000002,0.00000
285.000,163.000,2,-1.000,0.9166667,0.9999990,680.4995,284.9900,162.9999,0.000002,0.00000
285.000,163.000,2,-1.000,0.9187500,0.9999990,680.4995,284.9905,162.9999,0.000002,0.00000
285.000,163.000,2,-1.000,0.9208333,0.9999990,680.4995,284.9910,163.0000,0.000002,0.00000
285.000,163.000,2,-1.000,0.9229167,0.9999990,680.4995,284.9915,163.0000,0.000002,0.00000
285.000,163.000,2,-1.000,0.9250000,0.9999990,680.4995,284.9919,163.0000,0.000002,0.00000
285.000,163.000,2,-1.000,0.9270833,0.9999990,680.4995,284.9924,163.0000,0.000002,0.00000
285.000,163.000,2,-1.000,0.9291667,0.9999990,680.4995,284.9927,163.0000,0.000002,0.00000
285.000,163.000,2,-1.000,0.9312500,0.9999990,680.4995,284.9932,163.0000,0.000002,0.00000
285.000,163.000,2,-1.000,0.9333333,0.9999990,680.4995,284.9934,163.0000,0.000002,0.00000
285.000,163.000,2,-1.000,0.9354166,0.9999990,680.4995,284.9937,163.0000,0.000002,0.00000
285.000,163.000,2,-1.000,0.9375000,0.9999990,680.4995,284.9939,163.0001,0.000002,0.00000
285.000,163.000,2,-1.000,0.9395834,0.9999990,680.4995,284.9941,163.0001,0.000002,0.00000
285.000,163.000,2,-1.000,0.9416667,0.9999990,680.4995,284.9944,163.0001,0.000002,0.00000
285.000,163.000,2,-1.000,0.9437500,0.9999990,680.4995,284.9945,163.0001,0.000002,0.00000
285.000,163.000,2,-1.000,0.9458333,0.9999990,680.4995,284.9946,163.0001,0.000001,0.00000
285.000,163.000,2,-1.000,0.9479167,0.9999990,680.4995,284.9948,163.0001,0.000001,0.00000
285.000,163.000,2,-1.000,0.9500000,0.9999990,680.4995,284.9948,163.0001,0.000001,0.00000
285.000,163.000,2,-1.000,0.9520833,0.9999990,680.4995,284.9949,163.0001,0.000001,0.00000
285.000,163.000,2,-1.000,0.9541667,0.9999990,680.4995,284.9949,163.0001,0.000001,0.00000
285.000,163.000,2,-1.000,0.9562500,0.9999990,680.4995,284.9949,163.0001,0.000001,0.00000
285.000,163.000,2,-1.000,0.9583333,0.9999990,680.4995,284.9949,163.0001,0.000001,0.00000
285.000,163.000,2,-1.000,0.9604167,0.9999990,680.4995,284.9949,163.0001,0.000001,0.00000
285.000,163.000,2,-1.000,0.9625000,0.9999990,680.4995,284.9948,163.0001,0.000001,0.00000
285.000,163.000,2,-1.000,0.9645833,0.9999990,680.4995,284.9946,163.0001,0.000001,0.00000
285.000,163.000,2,-1.000,0.9666666,0.9999990,680.4995,284.9946,163.0001,0.000001,0.00000
285.000,163.000,2,-1.000,0.9687500,0.9999990,680.4995,284.9944,163.0001,0.000001,0.00000
285.000,163.000,2,-1.000,0.9708334,0.9999990,680.4995,284.9944,163.0001,0.000001,0.00000
285.000,163.000,2,-1.000,0.9729167,0.9999990,680.4995,284.9941,163.0001,0.000001,0.00000
285.000,163.000,2,-1.000,0.9750000,0.9999990,680.4995,284.9940,163.0001,0.000001,0.00000
285.000,163.000,2,-1.000,0.9770833,0.9999990,680.4995,284.9939,163.0001,0.000001,0.00000
285.000,163.000,2,-1.000,0.9791667,0.9999990,680.4995,284.9937,163.0001,0.000001,0.00000
285.000,163.000,2,-1.000,0.9812500,0.9999990,680.4995,284.9935,163.0001,0.000001,0.00000
285.000,163.000,2,-1.000,0.9833333,0.9999990,680.4995,284.9933,163.0001,0.000001,0.00000
285.000,163.000,2,-1.000,0.9854167,0.9999990,680.4995,284.9932,163.0001,0.000001,0.00000
285.000,163.000,2,-1.000,0.9875000,0.9999990,680.4995,284.9929,163.0001,0.000001,0.00000
285.000,163.000,2,-1.000,0.9895833,0.9999990,680.4995,284.9927,163.0001,0.000001,0.00000
285.000,163.000,2,-1.000,0.9916667,0.9999990,680.4995,284.9924,163.0001,0.000001,0.00000
285.000,163.000,2,-1.000,0.9937500,0.9999990,680.4995,284.9922,163.0001,0.000001,0.00000
285.000,163.000,2,-1.000,0.9958333,0.9999990,680.4995,284.9919,163.0001,0.000001,0.00000
285.000,163.000,2,-1.000,0.9979166,0.9999990,680.4995,284.9917,163.0001,0.000001,0.00000
285.000,163.000,2,-1.000,1.0000000,0.9999990,680.4995,284.9915,163.0001,0.000001,0.00000
278.000,167.500,1,-1.000,0.0000000,0.0000000,153.5000,277.9995,167.5000,0.000000,0.00000
278.000,167.500,1,-1.000,0.0020833,0.0012092,153.8186,277.9995,167.5000,0.000000,0.00000
278.000,167.500,1,-1.000,0.0041667,0.0046790,154.7329,278.0037,167.5006,0.000006,0.00000
278.000,167.500,1,-1.000,0.0062500,0.0101859,156.1840,278.0262,167.5040,0.000038,0.00000
278.000,167.500,1,-1.000,0.0083333,0.0175232,158.1174,278.0897,167.5132,0.000128,0.00000
278.000,167.500,1,-1.000,0.0104167,0.0264991,160.4825,278.2195,167.5314,0.000308,0.00000
278.000,167.500,1,-1.000,0.0125000,0.0369364,163.2327,278.4406,167.5615,0.000611,0.00000
278.000,167.500,1,-1.000,0.0145833,0.0486712,166.3249,278.7740,167.6052,0.001059,0.00000
278.000,167.500,1,-1.000,0.0166667,0.0615519,169.7189,279.2374,167.6639,0.001672,0.00000
278.000,167.500,1,-1.000,0.0187500,0.0754392,173.3782,279.8439,167.7379,0.002461,0.00000
278.000,167.500,1,-1.000,0.0208333,0.0902041,177.2688,280.6025,167.8271,0.003431,0.00000
278.000,167.500,1,-1.000,0.0229167,0.1057278,181.3593,281.5186,167.9307,0.004580,0.00000
278.000,167.500,1,-1.000,0.0250000,0.1219015,185.6210,282.5945,168.0477,0.005905,0.00000
278.000,167.500,1,-1.000,0.0270833,0.1386245,190.0276,283.8292,168.1766,0.007398,0.00000
278.000,167.500,1,-1.000,0.0291667,0.1558050,194.5546,285.2198,168.3161,0.009048,0.00000
278.000,167.500,1,-1.000,0.0312500,0.1733586,199.1800,286.7612,168.4644,0.010842,0.00000
278.000,167.500,1,-1.000,0.0333333,0.1912079,203.8833,288.4466,168.6200,0.012766,0.00000
278.000,167.500,1,-1.000,0.0354167,0.2092824,208.6459,290.2679,168.7811,0.014806,0.00000
278.000,167.500,1,-1.000,0.0375000,0.2275176,213.4509,292.2160,168.9462,0.016946,0.00000
278.000,167.500,1,-1.000,0.0395833,0.2458550,218.2828,294.2805,169.1137,0.019170,0.00000
278.000,167.500,1,-1.000,0.0416667,0.2642411,223.1275,296.4509,169.2821,0.021463,0.00000
278.000,167.500,1,-1.000,0.0437500,0.2826276,227.9724,298.7156,169.4501,0.023809,0.00000
278.000,167.500,1,-1.000,0.0458333,0.3009707,232.8058,301.0630,169.6165,0.026194,0.00000
278.000,167.500,1,-1.000,0.0479167,0.3192309,237.6173,303.4810,169.7802,0.028603,0.00000
278.000,167.500,1,-1.000,0.0500000,0.3373726,242.3977,305.9573,169.9399,0.031023,0.00000
278.000,167.500,1,-1.000,0.0520833,0.3553641,247.1384,308.4799,170.0949,0.033441,0.00000
278.000,167.500,1,-1.000,0.0541667,0.3731768,251.8321,311.0364,170.2444,0.035843,0.00000
278.000,167.500,1,-1.000,0.0562500,0.3907853,256.4719,313.6146,170.3875,0.038219,0.00000
278.000,167.500,1,-1.000,0.0583333,0.4081672,261.0521,316.2028,170.5238,0.040558,0.00000
278.000,167.500,1,-1.000,0.0604167,0.4253027,265.5673,318.7889,170.6526,0.042849,0.00000
278.000,167.500,1,-1.000,0.0625000,0.4421745,270.0130,321.3617,170.7736,0.045085,0.00000
278.000,167.500,1,-1.000,0.0645833,0.4587676,274.3853,323.9099,170.8864,0.047255,0.00000
278.000,167.500,1,-1.000,0.0666667,0.4750689,278.6807,326.4229,170.9906,0.049353,0.00000
278.000,167.500,1,-1.000,0.0687500,0.4910677,282.8963,328.8900,171.0861,0.051372,0.00000
278.000,167.500,1,-1.000,0.0708333,0.5067544,287.0298,331.3015,171.1729,0.053305,0.00000
278.000,167.500,1,-1.000,0.0729167,0.5221216,291.0790,333.6478,171.2506,0.055148,0.00000
278.000,167.500,1,-1.000,0.0750000,0.5371631,295.0425,335.9200,171.3194,0.056894,0.00000
278.000,167.500,1,-1.000,0.0770833,0.5518741,298.9188,338.1096,171.3792,0.058541,0.00000
278.000,167.500,1,-1.000,0.0791667,0.5662510,302.7072,340.2086,171.4302,0.060085,0.00000
278.000,167.500,1,-1.000,0.0812500,0.5802915,306.4068,342.2098,171.4724,0.061523,0.00000
278.000,167.500,1,-1.000,0.0833333,0.5939941,310.0175,344.1064,171.5059,0.062852,0.00000
278.000,167.500,1,-1.000,0.0854167,0.6073585,313.5390,345.8920,171.5310,0.064072,0.00000
278.000,167.500,1,-1.000,0.0875000,0.6203851,316.9715,347.5612,171.5479,0.065180,0.00000
278.000,167.500,1,-1.000,0.0895833,0.6330749,320.3152,349.1088,171.5568,0.066177,0.00000
278.000,167.500,1,-1.000,0.0916667,0.6454300,323.5708,350.5304,171.5580,0.067062,0.00000
278.000,167.500,1,-1.000,0.0937500,0.6574526,326.7388,351.8224,171.5516,0.067859,0.00000
278.000,167.500,1,-1.000,0.0958333,0.6691459,329.8199,352.9813,171.5382,0.068592,0.00000
278.000,167.500,1,-1.000,0.0979167,0.6805134,332.8153,354.0046,171.5180,0.069259,0.00000
278.000,167.500,1,-1.000,0.1000000,0.6915590,335.7258,354.8902,171.4912,0.069862,0.00000
278.000,167.500,1,-1.000,0.1020833,0.7022872,338.5527,355.6367,171.4583,0.070402,0.00000
278.000,167.500,1,-1.000,0.1041667,0.7127025,341.2971,356.2433,171.4196,0.070877,0.00000
278.000,167.500,1,-1.000,0.1062500,0.7228101,343.9605,356.7096,171.3755,0.071291,0.00000
278.000,167.500,1,-1.000,0.1083333,0.7326152,346.5441,357.0357,171.3263,0.071642,0.00000
278.000,167.500,1,-1.000,0.1104167,0.7421231,349.0494,357.2224,171.2724,0.071932,0.00000
278.000,167.500,1,-1.000,0.1125000,0.7513397,351.4780,357.2709,171.2141,0.072162,0.00000
278.000,167.500,1,-1.000,0.1145833,0.7602706,353.8313,357.1829,171.1518,0.072334,0.00000
278.000,167.500,1,-1.000,0.1166667,0.7689219,356.1109,356.9606,171.0859,0.072447,0.00000
278.000,167.500,1,-1.000,0.1187500,0.7772994,358.3184,356.6065,171.0167,0.072504,0.00000
278.000,167.500,1,-1.000,0.1208333,0.7854095,360.4554,356.1237,170.9446,0.072506,0.00000
278.000,167.500,1,-1.000,0.1229167,0.7932582,362.5235,355.5155,170.8699,0.072453,0.00000
278.000,167.500,1,-1.000,0.1250000,0.8008518,364.5244,354.7857,170.7930,0.072349,0.00000
278.000,167.500,1,-1.000,0.1270833,0.8081964,366.4597,353.9383,170.7141,0.072194,0.00000
278.000,167.500,1,-1.000,0.1291667,0.8152984,368.3311,352.9777,170.6336,0.071990,0.00000
278.000,167.500,1,-1.000,0.1312500,0.8221637,370.1401,351.9084,170.5518,0.071738,0.00000
278.000,167.500,1,-1.000,0.1333333,0.8287988,371.8885,350.7355,170.4689,0.071440,0.00000
278.000,167.500,1,-1.000,0.1354167,0.8352097,373.5778,349.4640,170.3853,0.071099,0.00000
278.000,167.500,1,-1.000,0.1375000,0.8414024,375.2095,348.0991,170.3011,0.070715,0.00000
278.000,167.500,1,-1.000,0.1395833,0.8473830,376.7854,346.6464,170.2167,0.070290,0.00000
278.000,167.500,1,-1.000,0.1416667,0.8531575,378.3070,345.1113,170.1323,0.069827,0.00000
278.000,167.500,1,-1.000,0.1437500,0.8587319,379.7758,343.4996,170.0481,0.069326,0.00000
278.000,167.500,1,-1.000,0.1458333,0.8641118,381.1935,341.8171,169.9642,0.068791,0.00000
278.000,167.500,1,-1.000,0.1479167,0.8693029,382.5613,340.0695,169.8810,0.068222,0.00000
278.000,167.500,1,-1.000,0.1500000,0.8743109,383.8809,338.2627,169.7986,0.067622,0.00000
278.000,167.500,1,-1.000,0.1520833,0.8791412,385.1537,336.4026,169.7170,0.066992,0.00000
278.000,167.500,1,-1.000,0.1541667,0.8837994,386.3811,334.4952,169.6366,0.066334,0.00000
278.000,167.500,1,-1.000,0.1562500,0.8882906,387.5646,332.5460,169.5574,0.065650,0.00000
278.000,167.500,1,-1.000,0.1583333,0.8926201,388.7054,330.5611,169.4794,0.064941,0.00000
278.000,167.500,1,-1.000,0.1604167,0.8967931,389.8050,328.5459,169.4030,0.064210,0.00000
278.000,167.500,1,-1.000,0.1625000,0.9008145,390.8646,326.5063,169.3280,0.063457,0.00000
278.000,167.500,1,-1.000,0.1645833,0.9046891,391.8856,324.4476,169.2547,0.062686,0.00000
278.000,167.500,1,-1.000,0.1666667,0.9084217,392.8691,322.3753,169.1830,0.061896,0.00000
278.000,167.500,1,-1.000,0.1687500,0.9120168,393.8164,320.2946,169.1132,0.061090,0.00000
278.000,167.500,1,-1.000,0.1708333,0.9154792,394.7288,318.2106,169.0451,0.060269,0.00000
278.000,167.500,1,-1.000,0.1729167,0.9188130,395.6072,316.1283,168.9789,0.059435,0.00000
278.000,167.500,1,-1.000,0.1750000,0.9220228,396.4530,314.0524,168.9145,0.058590,0.00000
278.000,167.500,1,-1.000,0.1770833,0.9251125,397.2672,311.9875,168.8521,0.057733,0.00000
278.000,167.500,1,-1.000,0.1791667,0.9280865,398.0508,309.9381,168.7915,0.056868,0.00000
278.000,167.500,1,-1.000,0.1812500,0.9309484,398.8049,307.9084,168.7328,0.055995,0.00000
278.000,167.500,1,-1.000,0.1833333,0.9337022,399.5305,305.9023,168.6761,0.055116,0.00000
278.000,167.500,1,-1.000,0.1854167,0.9363515,400.2286,303.9238,168.6214,0.054231,0.00000
278.000,167.500,1,-1.000,0.1875000,0.9389002,400.9002,301.9763,168.5685,0.053342,0.00000
278.000,167.500,1,-1.000,0.1895833,0.9413517,401.5462,300.0633,168.5176,0.052450,0.00000
278.000,167.500,1,-1.000,0.1916667,0.9437094,402.1674,298.1879,168.4684,0.051556,0.00000
278.000,167.500,1,-1.000,0.1937500,0.9459766,402.7648,296.3531,168.4213,0.050662,0.00000
278.000,167.500,1,-1.000,0.1958333,0.9481566,403.3393,294.5617,168.3758,0.049767,0.00000
278.000,167.500,1,-1.000,0.1979167,0.9502524,403.8915,292.8161,168.3322,0.048873,0.00000
278.000,167.500,1,-1.000,0.2000000,0.9522672,404.4224,291.1186,168.2903,0.047981,0.00000
278.000,167.500,1,-1.000,0.2020833,0.9542037,404.9327,289.4714,168.2502,0.047091,0.00000
278.000,167.500,1,-1.000,0.2041667,0.9560649,405.4231,287.8763,168.2117,0.046205,0.00000
278.000,167.500,1,-1.000,0.2062500,0.9578534,405.8944,286.3349,168.1749,0.045323,0.00000
278.000,167.500,1,-1.000,0.2083333,0.9595720,406.3472,284.8488,168.1396,0.044445,0.00000
278.000,167.500,1,-1.000,0.2104167,0.9612232,406.7823,283.4191,168.1060,0.043574,0.00000
278.000,167.500,1,-1.000,0.2125000,0.9628096,407.2003,282.0470,168.0738,0.042708,0.00000
278.000,167.500,1,-1.000,0.2145833,0.9643334,407.6018,280.7333,168.0431,0.041849,0.00000
278.000,167.500,1,-1.000,0.2166667,0.9657970,407.9875,279.4787,168.0137,0.040997,0.00000
278.000,167.500,1,-1.000,0.2187500,0.9672027,408.3579,278.2836,167.9858,0.040153,0.00000
278.000,167.500,1,-1.000,0.2208333,0.9685526,408.7136,277.1461,167.9569,0.039317,0.00000
278.000,167.500,1,-1.000,0.2229167,0.9698490,409.0552,276.0757,167.9362,0.038489,0.00000
278.000,167.500,1,-1.000,0.2250000,0.9710937,409.3832,275.0885,167.9400,0.037671,0.00000
278.000,167.500,1,-1.000,0.2270833,0.9722887,409.6981,274.1929,167.9767,0.036862,0.00000
278.000,167.500,1,-1.000,0.2291667,0.9734358,410.0003,273.3920,168.0497,0.036062,0.00000
278.000,167.500,1,-1.000,0.2312500,0.9745370,410.2905,272.6852,168.1588,0.035272,0.00000
278.000,167.500,1,-1.000,0.2333333,0.9755939,410.5690,272.0695,168.3016,0.034493,0.00000
278.000,167.500,1,-1.000,0.2354167,0.9766083,410.8363,271.5405,168.4744,0.033724,0.00000
278.000,167.500,1,-1.000,0.2375000,0.9775819,411.0928,271.0929,168.6725,0.032966,0.00000
278.000,167.500,1,-1.000,0.2395833,0.9785161,411.3390,270.7208,168.8911,0.032218,0.00000
278.000,167.500,1,-1.000,0.2416667,0.9794125,411.5752,270.4186,169.1255,0.031482,0.00000
278.000,167.500,1,-1.000,0.2437500,0.9802725,411.8018,270.1803,169.3711,0.030757,0.00000
278.000,167.500,1,-1.000,0.2458333,0.9810978,412.0193,270.0004,169.6234,0.030043,0.00000
278.000,167.500,1,-1.000,0.2479167,0.9818894,412.2278,269.8738,169.8785,0.029341,0.00000
278.000,167.500,1,-1.000,0.2500000,0.9826487,412.4279,269.7955,170.1329,0.028650,0.00000
278.000,167.500,1,-1.000,0.2520833,0.9833770,412.6198,269.7608,170.3834,0.027970,0.00000
278.000,167.500,1,-1.000,0.2541667,0.9840756,412.8039,269.7657,170.6273,0.027303,0.00000
278.000,167.500,1,-1.000,0.2562500,0.9847456,412.9805,269.8062,170.8622,0.026646,0.00000
278.000,167.500,1,-1.000,0.2583333,0.9853882,413.1498,269.8785,171.0863,0.026002,0.00000
278.000,167.500,1,-1.000,0.2604167,0.9860043,413.3121,269.9796,171.2978,0.025369,0.00000
278.000,167.500,1,-1.000,0.2625000,0.9865951,413.4678,270.1064,171.4954,0.024748,0.00000
278.000,167.500,1,-1.000,0.2645833,0.9871615,413.6171,270.2561,171.6782,0.024139,0.00000
278.000,167.500,1,-1.000,0.2666667,0.9877046,413.7602,270.4262,171.8452,0.023541,0.00000
278.000,167.500,1,-1.000,0.2687500,0.9882252,413.8973,270.6144,171.9958,0.022954,0.00000
278.000,167.500,1,-1.000,0.2708333,0.9887242,414.0288,270.8184,172.1299,0.022379,0.00000
278.000,167.500,1,-1.000,0.2729167,0.9892027,414.1549,271.0364,172.2470,0.021816,0.00000
278.000,167.500,1,-1.000,0.2750000,0.9896613,414.2758,271.2665,172.3472,0.021264,0.00000
278.000,167.500,1,-1.000,0.2770833,0.9901009,414.3916,271.5069,172.4305,0.020723,0.00000
278.000,167.500,1,-1.000,0.2791667,0.9905221,414.5026,271.7561,172.4972,0.020193,0.00000
278.000,167.500,1,-1.000,0.2812500,0.9909258,414.6089,272.0126,172.5475,0.019674,0.00000
278.000,167.500,1,-1.000,0.2833333,0.9913126,414.7109,272.2751,172.5818,0.019167,0.00000
278.000,167.500,1,-1.000,0.2854167,0.9916834,414.8086,272.5423,172.6005,0.018670,0.00000
278.000,167.500,1,-1.000,0.2875000,0.9920385,414.9022,272.8131,172.6042,0.018184,0.00000
278.000,167.500,1,-1.000,0.2895833,0.9923790,414.9919,273.0864,172.5934,0.017708,0.00000
278.000,167.500,1,-1.000,0.2916667,0.9927051,415.0778,273.3610,172.5688,0.017243,0.00000
278.000,167.500,1,-1.000,0.2937500,0.9930174,415.1601,273.6361,172.5310,0.016788,0.00000
278.000,167.500,1,-1.000,0.2958333,0.9933167,415.2390,273.9109,172.4806,0.016344,0.00000
278.000,167.500,1,-1.000,0.2979167,0.9936035,415.3145,274.1843,172.4184,0.015909,0.00000
278.000,167.500,1,-1.000,0.3000000,0.9938781,415.3869,274.4557,172.3450,0.015485,0.00000
278.000,167.500,1,-1.000,0.3020833,0.9941411,415.4562,274.7245,172.2612,0.015070,0.00000
278.000,167.500,1,-1.000,0.3041667,0.9943931,415.5226,274.9899,172.1677,0.014665,0.00000
278.000,167.500,1,-1.000,0.3062500,0.9946344,415.5862,275.2512,172.0652,0.014269,0.00000
278.000,167.500,1,-1.000,0.3083333,0.9948657,415.6471,275.5079,171.9544,0.013882,0.00000
278.000,167.500,1,-1.000,0.3104167,0.9950870,415.7054,275.7596,171.8361,0.013505,0.00000
278.000,167.500,1,-1.000,0.3125000,0.9952989,415.7613,276.0057,171.7109,0.013137,0.00000
278.000,167.500,1,-1.000,0.3145833,0.9955019,415.8148,276.2458,171.5796,0.012777,0.00000
278.000,167.500,1,-1.000,0.3166667,0.9956962,415.8660,276.4796,171.4428,0.012427,0.00000
278.000,167.500,1,-1.000,0.3187500,0.9958824,415.9150,276.7066,171.3012,0.012084,0.00000
278.000,167.500,1,-1.000,0.3208333,0.9960605,415.9619,276.9265,171.1555,0.011751,0.00000
278.000,167.500,1,-1.000,0.3229167,0.9962311,416.0069,277.1391,171.0062,0.011425,0.00000
278.000,167.500,1,-1.000,0.3250000,0.9963944,416.0499,277.3441,170.8541,0.011107,0.00000
278.000,167.500,1,-1.000,0.3270833,0.9965507,416.0911,277.5413,170.6996,0.010798,0.00000
278.000,167.500,1,-1.000,0.3291667,0.9967004,416.1306,277.7306,170.5434,0.010496,0.00000
278.000,167.500,1,-1.000,0.3312500,0.9968436,416.1683,277.9116,170.3859,0.010202,0.00000
278.000,167.500,1,-1.000,0.3333333,0.9969808,416.2044,278.0844,170.2278,0.009915,0.00000
278.000,167.500,1,-1.000,0.3354167,0.9971121,416.2390,278.2489,170.0695,0.009635,0.00000
278.000,167.500,1,-1.000,0.3375000,0.9972378,416.2722,278.4049,169.9114,0.009363,0.00000
278.000,167.500,1,-1.000,0.3395833,0.9973581,416.3039,278.5526,169.7540,0.009098,0.00000
278.000,167.500,1,-1.000,0.3416667,0.9974732,416.3342,278.6917,169.5978,0.008839,0.00000
278.000,167.500,1,-1.000,0.3437500,0.9975834,416.3632,278.8223,169.4432,0.008588,0.00000
278.000,167.500,1,-1.000,0.3458333,0.9976888,416.3910,278.9445,169.2905,0.008342,0.00000
278.000,167.500,1,-1.000,0.3479167,0.9977896,416.4176,279.0584,169.1400,0.008104,0.00000
278.000,167.500,1,-1.000,0.3500000,0.9978862,416.4430,279.1639,168.9921,0.007871,0.00000
278.000,167.500,1,-1.000,0.3520833,0.9979787,416.4674,279.2612,168.8471,0.007645,0.00000
278.000,167.500,1,-1.000,0.3541667,0.9980670,416.4907,279.3503,168.7053,0.007425,0.00000
278.000,167.500,1,-1.000,0.3562500,0.9981516,416.5129,279.4377,168.5731,0.007210,0.00000
278.000,167.500,1,-1.000,0.3583333,0.9982325,416.5343,279.5278,168.4550,0.007001,0.00000
278.000,167.500,1,-1.000,0.3604167,0.9983100,416.5547,279.6189,168.3495,0.006798,0.00000
278.000,167.500,1,-1.000,0.3625000,0.9983841,416.5742,279.7096,168.2552,0.006601,0.00000
278.000,167.500,1,-1.000,0.3645833,0.9984550,416.5929,279.7990,168.1711,0.006408,0.00000
278.000,167.500,1,-1.000,0.3666667,0.9985229,416.6108,279.8859,168.0959,0.006221,0.00000
278.000,167.500,1,-1.000,0.3687500,0.9985877,416.6279,279.9696,168.0289,0.006039,0.00000
278.000,167.500,1,-1.000,0.3708333,0.9986498,416.6442,280.0491,167.9691,0.005862,0.00000
278.000,167.500,1,-1.000,0.3729167,0.9987092,416.6599,280.1240,167.9158,0.005690,0.00000
278.000,167.500,1,-1.000,0.3750000,0.9987660,416.6748,280.1937,167.8683,0.005523,0.00000
278.000,167.500,1,-1.000,0.3770833,0.9988203,416.6891,280.2577,167.8260,0.005360,0.00000
278.000,167.500,1,-1.000,0.3791667,0.9988723,416.7029,280.3159,167.7883,0.005202,0.00000
278.000,167.500,1,-1.000,0.3812500,0.9989220,416.7159,280.3678,167.7547,0.005048,0.00000
278.000,167.500,1,-1.000,0.3833333,0.9989695,416.7285,280.4132,167.7249,0.004898,0.00000
278.000,167.500,1,-1.000,0.3854167,0.9990149,416.7404,280.4522,167.6983,0.004753,0.00000
278.000,167.500,1,-1.000,0.3875000,0.9990583,416.7519,280.4846,167.6747,0.004611,0.00000
278.000,167.500,1,-1.000,0.3895833,0.9990999,416.7628,280.5103,167.6537,0.004474,0.00000
278.000,167.500,1,-1.000,0.3916667,0.9991396,416.7733,280.5294,167.6352,0.004340,0.00000
278.000,167.500,1,-1.000,0.3937500,0.9991776,416.7833,280.5418,167.6187,0.004210,0.00000
278.000,167.500,1,-1.000,0.3958333,0.9992139,416.7929,280.5479,167.6040,0.004084,0.00000
278.000,167.500,1,-1.000,0.3979167,0.9992487,416.8020,280.5478,167.5911,0.003962,0.00000
278.000,167.500,1,-1.000,0.4000000,0.9992819,416.8108,280.5414,167.5796,0.003843,0.00000
278.000,167.500,1,-1.000,0.4020833,0.9993138,416.8192,280.5290,167.5695,0.003727,0.00000
278.000,167.500,1,-1.000,0.4041667,0.9993441,416.8272,280.5109,167.5605,0.003615,0.00000
278.000,167.500,1,-1.000,0.4062500,0.9993732,416.8348,280.4873,167.5526,0.003506,0.00000
278.000,167.500,1,-1.000,0.4083333,0.9994010,416.8422,280.4584,167.5456,0.003400,0.00000
278.000,167.500,1,-1.000,0.4104167,0.9994275,416.8492,280.4244,167.5394,0.003297,0.00000
278.000,167.500,1,-1.000,0.4125000,0.9994529,416.8558,280.3857,167.5340,0.003197,0.00000
278.000,167.500,1,-1.000,0.4145833,0.9994772,416.8622,280.3424,167.5292,0.003100,0.00000
278.000,167.500,1,-1.000,0.4166667,0.9995004,416.8683,280.2950,167.5251,0.003006,0.00000
278.000,167.500,1,-1.000,0.4187500,0.9995226,416.8742,280.2437,167.5214,0.002914,0.00000
278.000,167.500,1,-1.000,0.4208333,0.9995438,416.8798,280.1887,167.5182,0.002825,0.00000
278.000,167.500,1,-1.000,0.4229167,0.9995641,416.8851,280.1303,167.5154,0.002739,0.00000
278.000,167.500,1,-1.000,0.4250000,0.9995834,416.8902,280.0689,167.5129,0.002655,0.00000
278.000,167.500,1,-1.000,0.4270833,0.9996020,416.8951,280.0048,167.5108,0.002574,0.00000
278.000,167.500,1,-1.000,0.4291667,0.9996197,416.8998,279.9381,167.5089,0.002495,0.00000
278.000,167.500,1,-1.000,0.4312500,0.9996366,416.9042,279.8693,167.5073,0.002419,0.00000
278.000,167.500,1,-1.000,0.4333333,0.9996528,416.9085,279.7986,167.5059,0.002344,0.00000
278.000,167.500,1,-1.000,0.4354167,0.9996683,416.9126,279.7261,167.5047,0.002272,0.00000
278.000,167.500,1,-1.000,0.4375000,0.9996831,416.9165,279.6523,167.5037,0.002202,0.00000
278.000,167.500,1,-1.000,0.4395833,0.9996973,416.9202,279.5775,167.5028,0.002134,0.00000
278.000,167.500,1,-1.000,0.4416667,0.9997108,416.9238,279.5018,167.5020,0.002068,0.00000
278.000,167.500,1,-1.000,0.4437500,0.9997238,416.9272,279.4254,167.5014,0.002004,0.00000
278.000,167.500,1,-1.000,0.4458333,0.9997362,416.9305,279.3486,167.5009,0.001942,0.00000
278.000,167.500,1,-1.000,0.4479167,0.9997480,416.9336,279.2717,167.5004,0.001882,0.00000
278.000,167.500,1,-1.000,0.4500000,0.9997592,416.9366,279.1950,167.5000,0.001824,0.00000
278.000,167.500,1,-1.000,0.4520833,0.9997700,416.9394,279.1184,167.4997,0.001767,0.00000
278.000,167.500,1,-1.000,0.4541667,0.9997803,416.9421,279.0423,167.4994,0.001712,0.00000
278.000,167.500,1,-1.000,0.4562500,0.9997901,416.9447,278.9670,167.4992,0.001659,0.00000
278.000,167.500,1,-1.000,0.4583333,0.9997995,416.9472,278.8925,167.4990,0.001607,0.00000
278.000,167.500,1,-1.000,0.4604167,0.9998085,416.9496,278.8189,167.4989,0.001557,0.00000
278.000,167.500,1,-1.000,0.4625000,0.9998171,416.9518,278.7466,167.4988,0.001509,0.00000
278.000,167.500,1,-1.000,0.4645833,0.9998254,416.9540,278.6755,167.4987,0.001461,0.00000
278.000,167.500,1,-1.000,0.4666667,0.9998332,416.9561,278.6060,167.4987,0.001416,0.00000
278.000,167.500,1,-1.000,0.4687500,0.9998407,416.9580,278.5380,167.4987,0.001371,0.00000
278.000,167.500,1,-1.000,0.4708333,0.9998479,416.9599,278.4717,167.4986,0.001328,0.00000
278.000,167.500,1,-1.000,0.4729167,0.9998547,416.9617,278.4073,167.4986,0.001287,0.00000
278.000,167.500,1,-1.000,0.4750000,0.9998612,416.9634,278.3447,167.4987,0.001246,0.00000
278.000,167.500,1,-1.000,0.4770833,0.9998675,416.9651,278.2842,167.4987,0.001207,0.00000
278.000,167.500,1,-1.000,0.4791667,0.9998734,416.9666,278.2256,167.4987,0.001169,0.00000
278.000,167.500,1,-1.000,0.4812500,0.9998791,416.9681,278.1693,167.4987,0.001132,0.00000
278.000,167.500,1,-1.000,0.4833333,0.9998845,416.9696,278.1152,167.4987,0.001097,0.00000
278.000,167.500,1,-1.000,0.4854167,0.9998897,416.9709,278.0632,167.4988,0.001062,0.00000
278.000,167.500,1,-1.000,0.4875000,0.9998947,416.9723,278.0136,167.4988,0.001029,0.00000
278.000,167.500,1,-1.000,0.4895833,0.9998994,416.9735,277.9663,167.4989,0.000996,0.00000
278.000,167.500,1,-1.000,0.4916667,0.9999040,416.9747,277.9217,167.4992,0.000965,0.00000
278.000,167.500,1,-1.000,0.4937500,0.9999083,416.9758,277.8802,167.5004,0.000934,0.00000
278.000,167.500,1,-1.000,0.4958333,0.9999124,416.9769,277.8425,167.5029,0.000904,0.00000
278.000,167.500,1,-1.000,0.4979167,0.9999164,416.9780,277.8085,167.5068,0.000876,0.00000
278.000,167.500,1,-1.000,0.5000000,0.9999202,416.9790,277.7783,167.5121,0.000848,0.00000
278.000,167.500,1,-1.000,0.5020834,0.9999238,416.9799,277.7518,167.5188,0.000821,0.00000
278.000,167.500,1,-1.000,0.5041667,0.9999273,416.9808,277.7289,167.5267,0.000795,0.00000
278.000,167.500,1,-1.000,0.5062500,0.9999305,416.9817,277.7093,167.5356,0.000770,0.00000
278.000,167.500,1,-1.000,0.5083333,0.9999337,416.9825,277.6928,167.5454,0.000745,0.00000
278.000,167.500,1,-1.000,0.5104167,0.9999366,416.9833,277.6793,167.5558,0.000721,0.00000
278.000,167.500,1,-1.000,0.5125000,0.9999396,416.9841,277.6683,167.5666,0.000698,0.00000
278.000,167.500,1,-1.000,0.5145833,0.9999423,416.9848,277.6599,167.5777,0.000676,0.00000
278.000,167.500,1,-1.000,0.5166667,0.9999450,416.9855,277.6536,167.5889,0.000654,0.00000
278.000,167.500,1,-1.000,0.5187500,0.9999475,416.9862,277.6494,167.6000,0.000633,0.00000
278.000,167.500,1,-1.000,0.5208333,0.9999500,416.9868,277.6470,167.6110,0.000613,0.00000
278.000,167.500,1,-1.000,0.5229167,0.9999523,416.9874,277.6464,167.6217,0.000594,0.00000
278.000,167.500,1,-1.000,0.5250000,0.9999545,416.9880,277.6472,167.6320,0.000575,0.00000
278.000,167.500,1,-1.000,0.5270833,0.9999565,416.9886,277.6494,167.6419,0.000556,0.00000
278.000,167.500,1,-1.000,0.5291666,0.9999585,416.9891,277.6527,167.6512,0.000538,0.00000
278.000,167.500,1,-1.000,0.5312500,0.9999604,416.9896,277.6573,167.6599,0.000521,0.00000
278.000,167.500,1,-1.000,0.5333334,0.9999623,416.9901,277.6630,167.6680,0.000504,0.00000
278.000,167.500,1,-1.000,0.5354167,0.9999640,416.9905,277.6695,167.6755,0.000488,0.00000
278.000,167.500,1,-1.000,0.5375000,0.9999656,416.9909,277.6769,167.6825,0.000472,0.00000
278.000,167.500,1,-1.000,0.5395833,0.9999672,416.9914,277.6854,167.6890,0.000457,0.00000
278.000,167.500,1,-1.000,0.5416667,0.9999687,416.9918,277.6946,167.6949,0.000442,0.00000
278.000,167.500,1,-1.000,0.5437500,0.9999701,416.9921,277.7047,167.7004,0.000428,0.00000
278.000,167.500,1,-1.000,0.5458333,0.9999715,416.9925,277.7154,167.7054,0.000414,0.00000
278.000,167.500,1,-1.000,0.5479167,0.9999728,416.9928,277.7269,167.7100,0.000401,0.00000
278.000,167.500,1,-1.000,0.5500000,0.9999741,416.9932,277.7390,167.7141,0.000388,0.00000
278.000,167.500,1,-1.000,0.5520833,0.9999752,416.9935,277.7517,167.7178,0.000375,0.00000
278.000,167.500,1,-1.000,0.5541667,0.9999764,416.9938,277.7649,167.7212,0.000363,0.00000
278.000,167.500,1,-1.000,0.5562500,0.9999774,416.9940,277.7785,167.7242,0.000352,0.00000
278.000,167.500,1,-1.000,0.5583333,0.9999785,416.9943,277.7927,167.7269,0.000340,0.00000
278.000,167.500,1,-1.000,0.5604166,0.9999795,416.9946,277.8072,167.7292,0.000329,0.00000
278.000,167.500,1,-1.000,0.5625000,0.9999804,416.9948,277.8220,167.7313,0.000318,0.00000
278.000,167.500,1,-1.000,0.5645834,0.9999813,416.9951,277.8371,167.7331,0.000308,0.00000
278.000,167.500,1,-1.000,0.5666667,0.9999822,416.9953,277.8524,167.7345,0.000298,0.00000
278.000,167.500,1,-1.000,0.5687500,0.9999830,416.9955,277.8678,167.7357,0.000288,0.00000
278.000,167.500,1,-1.000,0.5708333,0.9999838,416.9957,277.8834,167.7367,0.000279,0.00000
278.000,167.500,1,-1.000,0.5729167,0.9999845,416.9959,277.8990,167.7374,0.000270,0.00000
278.000,167.500,1,-1.000,0.5750000,0.9999852,416.9961,277.9148,167.7379,0.000261,0.00000
278.000,167.500,1,-1.000,0.5770833,0.9999859,416.9963,277.9304,167.7381,0.000253,0.00000
278.000,167.500,1,-1.000,0.5791667,0.9999866,416.9965,277.9460,167.7382,0.000244,0.00000
278.000,167.500,1,-1.000,0.5812500,0.9999871,416.9966,277.9616,167.7381,0.000236,0.00000
278.000,167.500,1,-1.000,0.5833333,0.9999877,416.9968,277.9770,167.7378,0.000229,0.00000
278.000,167.500,1,-1.000,0.5854167,0.9999883,416.9969,277.9922,167.7373,0.000221,0.00000
278.000,167.500,1,-1.000,0.5875000,0.9999889,416.9971,278.0072,167.7366,0.000214,0.00000
278.000,167.500,1,-1.000,0.5895833,0.9999893,416.9972,278.0220,167.7359,0.000207,0.00000
278.000,167.500,1,-1.000,0.5916666,0.9999898,416.9973,278.0365,167.7350,0.000200,0.00000
278.000,167.500,1,-1.000,0.5937500,0.9999903,416.9974,278.0507,167.7339,0.000194,0.00000
278.000,167.500,1,-1.000,0.5958334,0.9999908,416.9976,278.0646,167.7327,0.000187,0.00000
278.000,167.500,1,-1.000,0.5979167,0.9999912,416.9977,278.0781,167.7314,0.000181,0.00000
278.000,167.500,1,-1.000,0.6000000,0.9999917,416.9978,278.0912,167.7300,0.000175,0.00000
278.000,167.500,1,-1.000,0.6020833,0.9999920,416.9979,278.1039,167.7285,0.000170,0.00000
278.000,167.500,1,-1.000,0.6041667,0.9999924,416.9980,278.1163,167.7269,0.000164,0.00000
278.000,167.500,1,-1.000,0.6062500,0.9999927,416.9981,278.1281,167.7251,0.000159,0.00000
278.000,167.500,1,-1.000,0.6083333,0.9999930,416.9982,278.1395,167.7234,0.000153,0.00000
278.000,167.500,1,-1.000,0.6104167,0.9999934,416.9983,278.1505,167.7215,0.000148,0.00000
278.000,167.500,1,-1.000,0.6125000,0.9999937,416.9984,278.1610,167.7195,0.000143,0.00000
278.000,167.500,1,-1.000,0.6145833,0.9999941,416.9984,278.1710,167.7175,0.000139,0.00000
278.000,167.500,1,-1.000,0.6166667,0.9999943,416.9985,278.1805,167.7155,0.000134,0.00000
278.000,167.500,1,-1.000,0.6187500,0.9999946,416.9986,278.1894,167.7133,0.000130,0.00000
278.000,167.500,1,-1.000,0.6208333,0.9999948,416.9986,278.1979,167.7112,0.000126,0.00000
278.000,167.500,1,-1.000,0.6229166,0.9999950,416.9987,278.2059,167.7090,0.000121,0.00000
278.000,167.500,1,-1.000,0.6250000,0.9999952,416.9987,278.2133,167.7067,0.000117,0.00000
278.000,167.500,1,-1.000,0.6270834,0.9999955,416.9988,278.2203,167.7044,0.000114,0.00000
278.000,167.500,1,-1.000,0.6291667,0.9999957,416.9989,278.2266,167.7021,0.000110,0.00000
278.000,167.500,1,-1.000,0.6312500,0.9999959,416.9989,278.2325,167.6997,0.000106,0.00000
278.000,167.500,1,-1.000,0.6333333,0.9999962,416.9990,278.2379,167.6973,0.000103,0.00000
278.000,167.500,1,-1.000,0.6354167,0.9999964,416.9991,278.2427,167.6949,0.000099,0.00000
278.000,167.500,1,-1.000,0.6375000,0.9999965,416.9991,278.2471,167.6925,0.000096,0.00000
278.000,167.500,1,-1.000,0.6395833,0.9999967,416.9991,278.2509,167.6900,0.000093,0.00000
278.000,167.500,1,-1.000,0.6416667,0.9999968,416.9991,278.2543,167.6876,0.000090,0.00000
278.000,167.500,1,-1.000,0.6437500,0.9999969,416.9992,278.2571,167.6851,0.000087,0.00000
278.000,167.500,1,-1.000,0.6458333,0.9999970,416.9992,278.2596,167.6826,0.000084,0.00000
278.000,167.500,1,-1.000,0.6479167,0.9999971,416.9992,278.2615,167.6801,0.000081,0.00000
278.000,167.500,1,-1.000,0.6500000,0.9999972,416.9993,278.2630,167.6776,0.000078,0.00000
278.000,167.500,1,-1.000,0.6520833,0.9999973,416.9993,278.2641,167.6751,0.000076,0.00000
278.000,167.500,1,-1.000,0.6541666,0.9999974,416.9993,278.2647,167.6726,0.000073,0.00000
278.000,167.500,1,-1.000,0.6562500,0.9999976,416.9994,278.2650,167.6701,0.000071,0.00000
278.000,167.500,1,-1.000,0.6583334,0.9999977,416.9994,278.2648,167.6676,0.000069,0.00000
278.000,167.500,1,-1.000,0.6604167,0.9999978,416.9994,278.2642,167.6651,0.000066,0.00000
278.000,167.500,1,-1.000,0.6625000,0.9999979,416.9995,278.2633,167.6626,0.000064,0.00000
278.000,167.500,1,-1.000,0.6645833,0.9999980,416.9995,278.2620,167.6602,0.000062,0.00000
278.000,167.500,1,-1.000,0.6666667,0.9999982,416.9995,278.2604,167.6577,0.000060,0.00000
278.000,167.500,1,-1.000,0.6687500,0.9999983,416.9995,278.2584,167.6552,0.000058,0.00000
278.000,167.500,1,-1.000,0.6708333,0.9999984,416.9996,278.2562,167.6528,0.000056,0.00000
278.000,167.500,1,-1.000,0.6729167,0.9999985,416.9996,278.2536,167.6504,0.000054,0.00000
278.000,167.500,1,-1.000,0.6750000,0.9999986,416.9996,278.2508,167.6480,0.000052,0.00000
278.000,167.500,1,-1.000,0.6770833,0.9999987,416.9997,278.2477,167.6456,0.000051,0.00000
278.000,167.500,1,-1.000,0.6791667,0.9999989,416.9997,278.2444,167.6432,0.000049,0.00000
278.000,167.500,1,-1.000,0.6812500,0.9999990,416.9997,278.2408,167.6409,0.000047,0.00000
278.000,167.500,1,-1.000,0.6833333,0.9999990,416.9998,278.2371,167.6385,0.000046,0.00000
278.000,167.500,1,-1.000,0.6854166,0.9999990,416.9998,278.2330,167.6362,0.000044,0.00000
278.000,167.500,1,-1.000,0.6875000,0.9999990,416.9998,278.2289,167.6339,0.000043,0.00000
278.000,167.500,1,-1.000,0.6895834,0.9999990,416.9998,278.2246,167.6316,0.000041,0.00000
278.000,167.500,1,-1.000,0.6916667,0.9999990,416.9998,278.2202,167.6293,0.000040,0.00000
278.000,167.500,1,-1.000,0.6937500,0.9999990,416.9998,278.2156,167.6271,0.000039,0.00000
278.000,167.500,1,-1.000,0.6958333,0.9999990,416.9998,278.2109,167.6249,0.000037,0.00000
278.000,167.500,1,-1.000,0.6979167,0.9999990,416.9998,278.2061,167.6227,0.000036,0.00000
278.000,167.500,1,-1.000,0.7000000,0.9999990,416.9998,278.2012,167.6205,0.000035,0.00000
278.000,167.500,1,-1.000,0.7020833,0.9999990,416.9998,278.1962,167.6184,0.000034,0.00000
278.000,167.500,1,-1.000,0.7041667,0.9999990,416.9998,278.1912,167.6163,0.000033,0.00000
278.000,167.500,1,-1.000,0.7062500,0.9999990,416.9998,278.1860,167.6142,0.000031,0.00000
278.000,167.500,1,-1.000,0.7083333,0.9999990,416.9998,278.1809,167.6122,0.000030,0.00000
278.000,167.500,1,-1.000,0.7104167,0.9999990,416.9998,278.1757,167.6101,0.000029,0.00000
278.000,167.500,1,-1.000,0.7125000,0.9999990,416.9998,278.1705,167.6081,0.000028,0.00000
278.000,167.500,1,-1.000,0.7145833,0.9999990,416.9998,278.1653,167.6061,0.000027,0.00000
278.000,167.500,1,-1.000,0.7166666,0.9999990,416.9998,278.1602,167.6042,0.000026,0.00000
278.000,167.500,1,-1.000,0.7187500,0.9999990,416.9998,278.1550,167.6022,0.000026,0.00000
278.000,167.500,1,-1.000,0.7208334,0.9999990,416.9998,278.1499,167.6003,0.000025,0.00000
278.000,167.500,1,-1.000,0.7229167,0.9999990,416.9998,278.1448,167.5984,0.000024,0.00000
278.000,167.500,1,-1.000,0.7250000,0.9999990,416.9998,278.1398,167.5966,0.000023,0.00000
278.000,167.500,1,-1.000,0.7270833,0.9999990,416.9998,278.1348,167.5947,0.000022,0.00000
278.000,167.500,1,-1.000,0.7291667,0.9999990,416.9998,278.1299,167.5930,0.000022,0.00000
278.000,167.500,1,-1.000,0.7312500,0.9999990,416.9998,278.1250,167.5912,0.000021,0.00000
278.000,167.500,1,-1.000,0.7333333,0.9999990,416.9998,278.1201,167.5894,0.000020,0.00000
278.000,167.500,1,-1.000,0.7354167,0.9999990,416.9998,278.1155,167.5877,0.000019,0.00000
278.000,167.500,1,-1.000,0.7375000,0.9999990,416.9998,278.1108,167.5860,0.000019,0.00000
278.000,167.500,1,-1.000,0.7395833,0.9999990,416.9998,278.1062,167.5843,0.000018,0.00000
278.000,167.500,1,-1.000,0.7416667,0.9999990,416.9998,278.1018,167.5827,0.000018,0.00000
278.000,167.500,1,-1.000,0.7437500,0.9999990,416.9998,278.0975,167.5811,0.000017,0.00000
278.000,167.500,1,-1.000,0.7458333,0.9999990,416.9998,278.0933,167.5795,0.000016,0.00000
278.000,167.500,1,-1.000,0.7479166,0.9999990,416.9998,278.0891,167.5779,0.000016,0.00000
278.000,167.500,1,-1.000,0.7500000,0.9999990,416.9998,278.0852,167.5764,0.000015,0.00000
278.000,167.500,1,-1.000,0.7520834,0.9999990,416.9998,278.0813,167.5748,0.000015,0.00000
278.000,167.500,1,-1.000,0.7541667,0.9999990,416.9998,278.0775,167.5733,0.000014,0.00000
278.000,167.500,1,-1.000,0.7562500,0.9999990,416.9998,278.0739,167.5719,0.000014,0.00000
278.000,167.500,1,-1.000,0.7583333,0.9999990,416.9998,278.0703,167.5704,0.000013,0.00000
278.000,167.500,1,-1.000,0.7604167,0.9999990,416.9998,278.0669,167.5690,0.000013,0.00000
278.000,167.500,1,-1.000,0.7625000,0.9999990,416.9998,278.0636,167.5676,0.000012,0.00000
278.000,167.500,1,-1.000,0.7645833,0.9999990,416.9998,278.0605,167.5662,0.000012,0.00000
278.000,167.500,1,-1.000,0.7666667,0.9999990,416.9998,278.0575,167.5649,0.000012,0.00000
278.000,167.500,1,-1.000,0.7687500,0.9999990,416.9998,278.0546,167.5635,0.000011,0.00000
278.000,167.500,1,-1.000,0.7708333,0.9999990,416.9998,278.0518,167.5623,0.000011,0.00000
278.000,167.500,1,-1.000,0.7729167,0.9999990,416.9998,278.0491,167.5610,0.000011,0.00000
278.000,167.500,1,-1.000,0.7750000,0.9999990,416.9998,278.0465,167.5597,0.000010,0.00000
278.000,167.500,1,-1.000,0.7770833,0.9999990,416.9998,278.0441,167.5585,0.000010,0.00000
278.000,167.500,1,-1.000,0.7791666,0.9999990,416.9998,278.0418,167.5573,0.000009,0.00000
278.000,167.500,1,-1.000,0.7812500,0.9999990,416.9998,278.0396,167.5560,0.000009,0.00000
278.000,167.500,1,-1.000,0.7833334,0.9999990,416.9998,278.0376,167.5549,0.000009,0.00000
278.000,167.500,1,-1.000,0.7854167,0.9999990,416.9998,278.0356,167.5537,0.000009,0.00000
278.000,167.500,1,-1.000,0.7875000,0.9999990,416.9998,278.0337,167.5526,0.000008,0.00000
278.000,167.500,1,-1.000,0.7895833,0.9999990,416.9998,278.0320,167.5515,0.000008,0.00000
278.000,167.500,1,-1.000,0.7916667,0.9999990,416.9998,278.0303,167.5504,0.000008,0.00000
278.000,167.500,1,-1.000,0.7937500,0.9999990,416.9998,278.0288,167.5493,0.000007,0.00000
278.000,167.500,1,-1.000,0.7958333,0.9999990,416.9998,278.0273,167.5483,0.000007,0.00000
278.000,167.500,1,-1.000,0.7979167,0.9999990,416.9998,278.0260,167.5473,0.000007,0.00000
278.000,167.500,1,-1.000,0.8000000,0.9999990,416.9998,278.0248,167.5463,0.000007,0.00000
278.000,167.500,1,-1.000,0.8020833,0.9999990,416.9998,278.0236,167.5453,0.000006,0.00000
278.000,167.500,1,-1.000,0.8041667,0.9999990,416.9998,278.0225,167.5443,0.000006,0.00000
278.000,167.500,1,-1.000,0.8062500,0.9999990,416.9998,278.0215,167.5434,0.000006,0.00000
278.000,167.500,1,-1.000,0.8083333,0.9999990,416.9998,278.0206,167.5424,0.000006,0.00000
278.000,167.500,1,-1.000,0.8104166,0.9999990,416.9998,278.0198,167.5415,0.000006,0.00000
278.000,167.500,1,-1.000,0.8125000,0.9999990,416.9998,278.0190,167.5406,0.000005,0.00000
278.000,167.500,1,-1.000,0.8145834,0.9999990,416.9998,278.0184,167.5397,0.000005,0.00000
278.000,167.500,1,-1.000,0.8166667,0.9999990,416.9998,278.0178,167.5389,0.000005,0.00000
278.000,167.500,1,-1.000,0.8187500,0.9999990,416.9998,278.0172,167.5380,0.000005,0.00000
278.000,167.500,1,-1.000,0.8208333,0.9999990,416.9998,278.0167,167.5372,0.000005,0.00000
278.000,167.500,1,-1.000,0.8229167,0.9999990,416.9998,278.0163,167.5364,0.000005,0.00000
278.000,167.500,1,-1.000,0.8250000,0.9999990,416.9998,278.0160,167.5356,0.000004,0.00000
278.000,167.500,1,-1.000,0.8270833,0.9999990,416.9998,278.0156,167.5348,0.000004,0.00000
278.000,167.500,1,-1.000,0.8291667,0.9999990,416.9998,278.0154,167.5341,0.000004,0.00000
278.000,167.500,1,-1.000,0.8312500,0.9999990,416.9998,278.0151,167.5333,0.000004,0.00000
278.000,167.500,1,-1.000,0.8333333,0.9999990,416.9998,278.0149,167.5326,0.000004,0.00000
278.000,167.500,1,-1.000,0.8354167,0.9999990,416.9998,278.0148,167.5319,0.000004,0.00000
278.000,167.500,1,-1.000,0.8375000,0.9999990,416.9998,278.0146,167.5311,0.000004,0.00000
278.000,167.500,1,-1.000,0.8395833,0.9999990,416.9998,278.0145,167.5305,0.000003,0.00000
278.000,167.500,1,-1.000,0.8416666,0.9999990,416.9998,278.0145,167.5298,0.000003,0.00000
278.000,167.500,1,-1.000,0.8437500,0.9999990,416.9998,278.0144,167.5291,0.000003,0.00000
278.000,167.500,1,-1.000,0.8458334,0.9999990,416.9998,278.0144,167.5284,0.000003,0.00000
278.000,167.500,1,-1.000,0.8479167,0.9999990,416.9998,278.0144,167.5278,0.000003,0.00000
278.000,167.500,1,-1.000,0.8500000,0.9999990,416.9998,278.0145,167.5272,0.000003,0.00000
278.000,167.500,1,-1.000,0.8520833,0.9999990,416.9998,278.0145,167.5266,0.000003,0.00000
278.000,167.500,1,-1.000,0.8541667,0.9999990,416.9998,278.0146,167.5260,0.000003,0.00000
278.000,167.500,1,-1.000,0.8562500,0.9999990,416.9998,278.0146,167.5254,0.000003,0.00000
278.000,167.500,1,-1.000,0.8583333,0.9999990,416.9998,278.0148,167.5248,0.000003,0.00000
278.000,167.500,1,-1.000,0.8604167,0.9999990,416.9998,278.0149,167.5243,0.000002,0.00000
278.000,167.500,1,-1.000,0.8625000,0.9999990,416.9998,278.0150,167.5237,0.000002,0.00000
278.000,167.500,1,-1.000,0.8645833,0.9999990,416.9998,278.0151,167.5232,0.000002,0.00000
278.000,167.500,1,-1.000,0.8666667,0.9999990,416.9998,278.0151,167.5226,0.000002,0.00000
278.000,167.500,1,-1.000,0.8687500,0.9999990,416.9998,278.0153,167.5222,0.000002,0.00000
278.000,167.500,1,-1.000,0.8708333,0.9999990,416.9998,278.0154,167.5217,0.000002,0.00000
278.000,167.500,1,-1.000,0.8729166,0.9999990,416.9998,278.0155,167.5212,0.000002,0.00000
278.000,167.500,1,-1.000,0.8750000,0.9999990,416.9998,278.0156,167.5207,0.000002,0.00000
278.000,167.500,1,-1.000,0.8770834,0.9999990,416.9998,278.0157,167.5202,0.000002,0.00000
278.000,167.500,1,-1.000,0.8791667,0.9999990,416.9998,278.0158,167.5197,0.000002,0.00000
278.000,167.500,1,-1.000,0.8812500,0.9999990,416.9998,278.0159,167.5193,0.000002,0.00000
278.000,167.500,1,-1.000,0.8833333,0.9999990,416.9998,278.0160,167.5189,0.000002,0.00000
278.000,167.500,1,-1.000,0.8854167,0.9999990,416.9998,278.0160,167.5184,0.000002,0.00000
278.000,167.500,1,-1.000,0.8875000,0.9999990,416.9998,278.0161,167.5180,0.000002,0.00000
278.000,167.500,1,-1.000,0.8895833,0.9999990,416.9998,278.0161,167.5176,0.000002,0.00000
278.000,167.500,1,-1.000,0.8916667,0.9999990,416.9998,278.0162,167.5172,0.000001,0.00000
278.000,167.500,1,-1.000,0.8937500,0.9999990,416.9998,278.0162,167.5168,0.000001,0.00000
278.000,167.500,1,-1.000,0.8958333,0.9999990,416.9998,278.0162,167.5164,0.000001,0.00000
278.000,167.500,1,-1.000,0.8979167,0.9999990,416.9998,278.0162,167.5160,0.000001,0.00000
278.000,167.500,1,-1.000,0.9000000,0.9999990,416.9998,278.0162,167.5156,0.000001,0.00000
278.000,167.500,1,-1.000,0.9020833,0.9999990,416.9998,278.0162,167.5153,0.000001,0.00000
278.000,167.500,1,-1.000,0.9041666,0.9999990,416.9998,278.0162,167.5149,0.000001,0.00000
278.000,167.500,1,-1.000,0.9062500,0.9999990,416.9998,278.0161,167.5146,0.000001,0.00000
278.000,167.500,1,-1.000,0.9083334,0.9999990,416.9998,278.0161,167.5142,0.000001,0.00000
278.000,167.500,1,-1.000,0.9104167,0.9999990,416.9998,278.0160,167.5139,0.000001,0.00000
278.000,167.500,1,-1.000,0.9125000,0.9999990,416.9998,278.0159,167.5136,0.000001,0.00000
278.000,167.500,1,-1.000,0.9145833,0.9999990,416.9998,278.0159,167.5132,0.000001,0.00000
278.000,167.500,1,-1.000,0.9166667,0.9999990,416.9998,278.0157,167.5129,0.000001,0.00000
278.000,167.500,1,-1.000,0.9187500,0.9999990,416.9998,278.0156,167.5127,0.000001,0.00000
278.000,167.500,1,-1.000,0.9208333,0.9999990,416.9998,278.0155,167.5124,0.000001,0.00000
278.000,167.500,1,-1.000,0.9229167,0.9999990,416.9998,278.0154,167.5121,0.000001,0.00000
278.000,167.500,1,-1.000,0.9250000,0.9999990,416.9998,278.0153,167.5118,0.000001,0.00000
278.000,167.500,1,-1.000,0.9270833,0.9999990,416.9998,278.0150,167.5115,0.000001,0.00000
278.000,167.500,1,-1.000,0.9291667,0.9999990,416.9998,278.0149,167.5112,0.000001,0.00000
278.000,167.500,1,-1.000,0.9312500,0.9999990,416.9998,278.0146,167.5110,0.000001,0.00000
278.000,167.500,1,-1.000,0.9333333,0.9999990,416.9998,278.0144,167.5107,0.000001,0.00000
278.000,167.500,1,-1.000,0.9354166,0.9999990,416.9998,278.0143,167.5105,0.000001,0.00000
278.000,167.500,1,-1.000,0.9375000,0.9999990,416.9998,278.0140,167.5102,0.000001,0.00000
278.000,167.500,1,-1.000,0.9395834,0.9999990,416.9998,278.0139,167.5099,0.000001,0.00000
278.000,167.500,1,-1.000,0.9416667,0.9999990,416.9998,278.0136,167.5097,0.000001,0.00000
278.000,167.500,1,-1.000,0.9437500,0.9999990,416.9998,278.0134,167.5095,0.000001,0.00000
278.000,167.500,1,-1.000,0.9458333,0.9999990,416.9998,278.0132,167.5093,0.000001,0.00000
278.000,167.500,1,-1.000,0.9479167,0.9999990,416.9998,278.0129,167.5091,0.000001,0.00000
278.000,167.500,1,-1.000,0.9500000,0.9999990,416.9998,278.0127,167.5089,0.000001,0.00000
278.000,167.500,1,-1.000,0.9520833,0.9999990,416.9998,278.0123,167.5086,0.000001,0.00000
278.000,167.500,1,-1.000,0.9541667,0.9999990,416.9998,278.0121,167.5084,0.000001,0.00000
278.000,167.500,1,-1.000,0.9562500,0.9999990,416.9998,278.0118,167.5082,0.000000,0.00000
278.000,167.500,1,-1.000,0.9583333,0.9999990,416.9998,278.0116,167.5080,0.000000,0.00000
278.000,167.500,1,-1.000,0.9604167,0.9999990,416.9998,278.0113,167.5078,0.000000,0.00000
278.000,167.500,1,-1.000,0.9625000,0.9999990,416.9998,278.0110,167.5076,0.000000,0.00000
278.000,167.500,1,-1.000,0.9645833,0.9999990,416.9998,278.0107,167.5074,0.000000,0.00000
278.000,167.500,1,-1.000,0.9666666,0.9999990,416.9998,278.0105,167.5073,0.000000,0.00000
278.000,167.500,1,-1.000,0.9687500,0.9999990,416.9998,278.0101,167.5071,0.000000,0.00000
278.000,167.500,1,-1.000,0.9708334,0.9999990,416.9998,278.0099,167.5070,0.000000,0.00000
278.000,167.500,1,-1.000,0.9729167,0.9999990,416.9998,278.0096,167.5068,0.000000,0.00000
278.000,167.500,1,-1.000,0.9750000,0.9999990,416.9998,278.0093,167.5066,0.000000,0.00000
278.000,167.500,1,-1.000,0.9770833,0.9999990,416.9998,278.0090,167.5065,0.000000,0.00000
278.000,167.500,1,-1.000,0.9791667,0.9999990,416.9998,278.0087,167.5063,0.000000,0.00000
278.000,167.500,1,-1.000,0.9812500,0.9999990,416.9998,278.0084,167.5062,0.000000,0.00000
278.000,167.500,1,-1.000,0.9833333,0.9999990,416.9998,278.0082,167.5060,0.000000,0.00000
278.000,167.500,1,-1.000,0.9854167,0.9999990,416.9998,278.0078,167.5059,0.000000,0.00000
278.000,167.500,1,-1.000,0.9875000,0.9999990,416.9998,278.0076,167.5057,0.000000,0.00000
278.000,167.500,1,-1.000,0.9895833,0.9999990,416.9998,278.0073,167.5056,0.000000,0.00000
278.000,167.500,1,-1.000,0.9916667,0.9999990,416.9998,278.0070,167.5054,0.000000,0.00000
278.000,167.500,1,-1.000,0.9937500,0.9999990,416.9998,278.0068,167.5053,0.000000,0.00000
278.000,167.500,1,-1.000,0.9958333,0.9999990,416.9998,278.0065,167.5052,0.000000,0.00000
278.000,167.500,1,-1.000,0.9979166,0.9999990,416.9998,278.0062,167.5051,0.000000,0.00000
278.000,167.500,1,-1.000,1.0000000,0.9999990,416.9998,278.0060,167.5049,0.000000,0.00000
278.000,167.500,2,-1.000,0.0000000,0.0000000,153.5000,277.9995,167.5000,0.000000,0.00000
278.000,167.500,2,-1.000,0.0020833,0.0012092,154.1373,277.9995,167.5000,0.000000,0.00000
278.000,167.500,2,-1.000,0.0041667,0.0046790,155.9658,278.0156,167.5024,0.000023,0.00000
278.000,167.500,2,-1.000,0.0062500,0.0101859,158.8680,278.0974,167.5147,0.000140,0.00000
278.000,167.500,2,-1.000,0.0083333,0.0175232,162.7347,278.3134,167.5458,0.000444,0.00000
278.000,167.500,2,-1.000,0.0104167,0.0264991,167.4650,278.7255,167.6033,0.001014,0.00000
278.000,167.500,2,-1.000,0.0125000,0.0369364,172.9655,279.3796,167.6910,0.001904,0.00000
278.000,167.500,2,-1.000,0.0145833,0.0486712,179.1497,280.3065,167.8105,0.003140,0.00000
278.000,167.500,2,-1.000,0.0166667,0.0615519,185.9379,281.5236,167.9611,0.004733,0.00000
278.000,167.500,2,-1.000,0.0187500,0.0754392,193.2565,283.0380,168.1407,0.006675,0.00000
278.000,167.500,2,-1.000,0.0208333,0.0902041,201.0375,284.8497,168.3465,0.008951,0.00000
278.000,167.500,2,-1.000,0.0229167,0.1057278,209.2186,286.9532,168.5752,0.011540,0.00000
278.000,167.500,2,-1.000,0.0250000,0.1219015,217.7421,289.3386,168.8232,0.014414,0.00000
278.000,167.500,2,-1.000,0.0270833,0.1386245,226.5551,291.9932,169.0872,0.017546,0.00000
278.000,167.500,2,-1.000,0.0291667,0.1558050,235.6093,294.9023,169.3636,0.020907,0.00000
278.000,167.500,2,-1.000,0.0312500,0.1733586,244.8600,298.0495,169.6494,0.024467,0.00000
278.000,167.500,2,-1.000,0.0333333,0.1912079,254.2666,301.4172,169.9415,0.028198,0.00000
278.000,167.500,2,-1.000,0.0354167,0.2092824,263.7918,304.9874,170.2373,0.032071,0.00000
278.000,167.500,2,-1.000,0.0375000,0.2275176,273.4018,308.7413,170.5344,0.036060,0.00000
278.000,167.500,2,-1.000,0.0395833,0.2458550,283.0656,312.6599,170.8305,0.040140,0.00000
278.000,167.500,2,-1.000,0.0416667,0.2642411,292.7551,316.7241,171.1238,0.044287,0.00000
278.000,167.500,2,-1.000,0.0437500,0.2826276,302.4447,320.9151,171.4125,0.048479,0.00000
278.000,167.500,2,-1.000,0.0458333,0.3009707,312.1115,325.2138,171.6951,0.052694,0.00000
278.000,167.500,2,-1.000,0.0479167,0.3192309,321.7347,329.6016,171.9705,0.056915,0.00000
278.000,167.500,2,-1.000,0.0500000,0.3373726,331.2954,334.0601,172.2374,0.061124,0.00000
278.000,167.500,2,-1.000,0.0520833,0.3553641,340.7769,338.5714,172.4950,0.065303,0.00000
278.000,167.500,2,-1.000,0.0541667,0.3731768,350.1642,343.1180,172.7426,0.069439,0.00000
278.000,167.500,2,-1.000,0.0562500,0.3907853,359.4438,347.6825,172.9795,0.073518,0.00000
278.000,167.500,2,-1.000,0.0583333,0.4081672,368.6041,352.2486,173.2052,0.077527,0.00000
278.000,167.500,2,-1.000,0.0604167,0.4253026,377.6345,356.7997,173.4194,0.081456,0.00000
278.000,167.500,2,-1.000,0.0625000,0.4421744,386.5259,361.3207,173.6217,0.085294,0.00000
278.000,167.500,2,-1.000,0.0645833,0.4587674,395.2704,365.7963,173.8119,0.089032,0.00000
278.000,167.500,2,-1.000,0.0666667,0.4750689,403.8613,370.2121,173.9900,0.092663,0.00000
278.000,167.500,2,-1.000,0.0687500,0.4910676,412.2926,374.5542,174.1558,0.096178,0.00000
278.000,167.500,2,-1.000,0.0708333,0.5067543,420.5595,378.8093,174.3093,0.099571,0.00000
278.000,167.500,2,-1.000,0.0729167,0.5221214,428.6580,382.9649,174.4505,0.102837,0.00000
278.000,167.500,2,-1.000,0.0750000,0.5371629,436.5848,387.0087,174.5796,0.105970,0.00000
278.000,167.500,2,-1.000,0.0770833,0.5518739,444.3375,390.9294,174.6966,0.108967,0.00000
278.000,167.500,2,-1.000,0.0791667,0.5662508,451.9142,394.7163,174.8017,0.111822,0.00000
278.000,167.500,2,-1.000,0.0812500,0.5802913,459.3135,398.3590,174.8950,0.114533,0.00000
278.000,167.500,2,-1.000,0.0833333,0.5939940,466.5349,401.8481,174.9767,0.117096,0.00000
278.000,167.500,2,-1.000,0.0854167,0.6073584,473.5779,405.1746,175.0469,0.119510,0.00000
278.000,167.500,2,-1.000,0.0875000,0.6203849,480.4429,408.3304,175.1060,0.121773,0.00000
278.000,167.500,2,-1.000,0.0895833,0.6330748,487.1304,411.3077,175.1541,0.123882,0.00000
278.000,167.500,2,-1.000,0.0916667,0.6454297,493.6415,414.0996,175.1914,0.125837,0.00000
278.000,167.500,2,-1.000,0.0937500,0.6574524,499.9774,416.6997,175.2182,0.127636,0.00000
278.000,167.500,2,-1.000,0.0958333,0.6691457,506.1398,419.1022,175.2346,0.129279,0.00000
278.000,167.500,2,-1.000,0.0979167,0.6805131,512.1304,421.3021,175.2411,0.130767,0.00000
278.000,167.500,2,-1.000,0.1000000,0.6915588,517.9515,423.2950,175.2378,0.132098,0.00000
278.000,167.500,2,-1.000,0.1020833,0.7022870,523.6052,425.0769,175.2249,0.133305,0.00000
278.000,167.500,2,-1.000,0.1041667,0.7127023,529.0941,426.6449,175.2028,0.134418,0.00000
278.000,167.500,2,-1.000,0.1062500,0.7228099,534.4208,427.9961,175.1717,0.135438,0.00000
278.000,167.500,2,-1.000,0.1083333,0.7326149,539.5881,429.1287,175.1319,0.136366,0.00000
278.000,167.500,2,-1.000,0.1104167,0.7421229,544.5988,430.0414,175.0837,0.137200,0.00000
278.000,167.500,2,-1.000,0.1125000,0.7513394,549.4559,430.7335,175.0273,0.137943,0.00000
278.000,167.500,2,-1.000,0.1145833,0.7602704,554.1625,431.2050,174.9632,0.138593,0.00000
278.000,167.500,2,-1.000,0.1166667,0.7689216,558.7217,431.4562,174.8915,0.139152,0.00000
278.000,167.500,2,-1.000,0.1187500,0.7772992,563.1367,431.4884,174.8127,0.139621,0.00000
278.000,167.500,2,-1.000,0.1208333,0.7854092,567.4106,431.3032,174.7270,0.139999,0.00000
278.000,167.500,2,-1.000,0.1229167,0.7932580,571.5469,430.9031,174.6347,0.140288,0.00000
278.000,167.500,2,-1.000,0.1250000,0.8008515,575.5488,430.2906,174.5363,0.140489,0.00000
278.000,167.500,2,-1.000,0.1270833,0.8081961,579.4194,429.4695,174.4320,0.140603,0.00000
278.000,167.500,2,-1.000,0.1291667,0.8152981,583.1621,428.4434,174.3222,0.140630,0.00000
278.000,167.500,2,-1.000,0.1312500,0.8221635,586.7802,427.2169,174.2073,0.140572,0.00000
278.000,167.500,2,-1.000,0.1333333,0.8287986,590.2769,425.7952,174.0877,0.140431,0.00000
278.000,167.500,2,-1.000,0.1354167,0.8352095,593.6554,424.1833,173.9636,0.140207,0.00000
278.000,167.500,2,-1.000,0.1375000,0.8414023,596.9190,422.3876,173.8356,0.139903,0.00000
278.000,167.500,2,-1.000,0.1395833,0.8473829,600.0708,420.4141,173.7039,0.139519,0.00000
278.000,167.500,2,-1.000,0.1416667,0.8531575,603.1140,418.2696,173.5690,0.139058,0.00000
278.000,167.500,2,-1.000,0.1437500,0.8587319,606.0517,415.9613,173.4312,0.138522,0.00000
278.000,167.500,2,-1.000,0.1458333,0.8641118,608.8869,413.4968,173.2909,0.137912,0.00000
278.000,167.500,2,-1.000,0.1479167,0.8693029,611.6226,410.8837,173.1485,0.137230,0.00000
278.000,167.500,2,-1.000,0.1500000,0.8743109,614.2618,408.1303,173.0043,0.136480,0.00000
278.000,167.500,2,-1.000,0.1520833,0.8791412,616.8074,405.2448,172.8588,0.135662,0.00000
278.000,167.500,2,-1.000,0.1541667,0.8837994,619.2623,402.2357,172.7122,0.134779,0.00000
278.000,167.500,2,-1.000,0.1562500,0.8882906,621.6292,399.1121,172.5649,0.133835,0.00000
278.000,167.500,2,-1.000,0.1583333,0.8926201,623.9108,395.8826,172.4174,0.132830,0.00000
278.000,167.500,2,-1.000,0.1604167,0.8967931,626.1100,392.5562,172.2698,0.131767,0.00000
278.000,167.500,2,-1.000,0.1625000,0.9008145,628.2292,389.1422,172.1224,0.130650,0.00000
278.000,167.500,2,-1.000,0.1645833,0.9046891,630.2712,385.6498,171.9758,0.129481,0.00000
278.000,167.500,2,-1.000,0.1666667,0.9084217,632.2382,382.0880,171.8299,0.128261,0.00000
278.000,167.500,2,-1.000,0.1687500,0.9120168,634.1329,378.4662,171.6852,0.126995,0.00000
278.000,167.500,2,-1.000,0.1708333,0.9154792,635.9575,374.7934,171.5420,0.125684,0.00000
278.000,167.500,2,-1.000,0.1729167,0.9188130,637.7145,371.0786,171.4004,0.124331,0.00000
278.000,167.500,2,-1.000,0.1750000,0.9220228,639.4060,367.3309,171.2606,0.122940,0.00000
278.000,167.500,2,-1.000,0.1770833,0.9251125,641.0343,363.5591,171.1230,0.121511,0.00000
278.000,167.500,2,-1.000,0.1791667,0.9280865,642.6016,359.7719,170.9875,0.120048,0.00000
278.000,167.500,2,-1.000,0.1812500,0.9309484,644.1098,355.9775,170.8546,0.118555,0.00000
278.000,167.500,2,-1.000,0.1833333,0.9337022,645.5610,352.1844,170.7242,0.117032,0.00000
278.000,167.500,2,-1.000,0.1854167,0.9363515,646.9573,348.4008,170.5965,0.115482,0.00000
278.000,167.500,2,-1.000,0.1875000,0.9389002,648.3004,344.6342,170.4716,0.113909,0.00000
278.000,167.500,2,-1.000,0.1895833,0.9413517,649.5923,340.8922,170.3498,0.112315,0.00000
278.000,167.500,2,-1.000,0.1916667,0.9437094,650.8348,337.1823,170.2309,0.110701,0.00000
278.000,167.500,2,-1.000,0.1937500,0.9459766,652.0297,333.5110,170.1152,0.109070,0.00000
278.000,167.500,2,-1.000,0.1958333,0.9481566,653.1785,329.8853,170.0026,0.107425,0.00000
278.000,167.500,2,-1.000,0.1979167,0.9502524,654.2830,326.3114,169.8932,0.105767,0.00000
278.000,167.500,2,-1.000,0.2000000,0.9522672,655.3448,322.7952,169.7872,0.104099,0.00000
278.000,167.500,2,-1.000,0.2020833,0.9542037,656.3654,319.3425,169.6844,0.102423,0.00000
278.000,167.500,2,-1.000,0.2041667,0.9560649,657.3462,315.9585,169.5848,0.100740,0.00000
278.000,167.500,2,-1.000,0.2062500,0.9578534,658.2888,312.6481,169.4886,0.099053,0.00000
278.000,167.500,2,-1.000,0.2083333,0.9595720,659.1945,309.4160,169.3956,0.097364,0.00000
278.000,167.500,2,-1.000,0.2104167,0.9612232,660.0646,306.2664,169.3058,0.095673,0.00000
278.000,167.500,2,-1.000,0.2125000,0.9628096,660.9006,303.2031,169.2194,0.093984,0.00000
278.000,167.500,2,-1.000,0.2145833,0.9643334,661.7037,300.2298,169.1360,0.092297,0.00000
278.000,167.500,2,-1.000,0.2166667,0.9657970,662.4750,297.3495,169.0559,0.090614,0.00000
278.000,167.500,2,-1.000,0.2187500,0.9672027,663.2158,294.5652,168.9788,0.088936,0.00000
278.000,167.500,2,-1.000,0.2208333,0.9685526,663.9272,291.8793,168.9048,0.087265,0.00000
278.000,167.500,2,-1.000,0.2229167,0.9698490,664.6104,289.2938,168.8338,0.085602,0.00000
278.000,167.500,2,-1.000,0.2250000,0.9710937,665.2664,286.8108,168.7657,0.083949,0.00000
278.000,167.500,2,-1.000,0.2270833,0.9722887,665.8961,284.4314,168.7004,0.082306,0.00000
278.000,167.500,2,-1.000,0.2291667,0.9734358,666.5007,282.1571,168.6380,0.080674,0.00000
278.000,167.500,2,-1.000,0.2312500,0.9745370,667.0810,279.9886,168.5782,0.079056,0.00000
278.000,167.500,2,-1.000,0.2333333,0.9755939,667.6380,277.9265,168.5211,0.077451,0.00000
278.000,167.500,2,-1.000,0.2354167,0.9766083,668.1726,275.9723,168.4678,0.075860,0.00000
278.000,167.500,2,-1.000,0.2375000,0.9775819,668.6857,274.1445,168.4369,0.074285,0.00000
278.000,167.500,2,-1.000,0.2395833,0.9785161,669.1780,272.4678,168.4530,0.072726,0.00000
278.000,167.500,2,-1.000,0.2416667,0.9794125,669.6504,270.9537,168.5285,0.071183,0.00000
278.000,167.500,2,-1.000,0.2437500,0.9802725,670.1036,269.6062,168.6677,0.069659,0.00000
278.000,167.500,2,-1.000,0.2458333,0.9810978,670.5385,268.4227,168.8691,0.068152,0.00000
278.000,167.500,2,-1.000,0.2479167,0.9818894,670.9557,267.3975,169.1281,0.066664,0.00000
278.000,167.500,2,-1.000,0.2500000,0.9826487,671.3558,266.5220,169.4377,0.065195,0.00000
278.000,167.500,2,-1.000,0.2520833,0.9833770,671.7397,265.7867,169.7899,0.063746,0.00000
278.000,167.500,2,-1.000,0.2541667,0.9840756,672.1078,265.1816,170.1763,0.062317,0.00000
278.000,167.500,2,-1.000,0.2562500,0.9847456,672.4609,264.6964,170.5886,0.060908,0.00000
278.000,167.500,2,-1.000,0.2583333,0.9853882,672.7996,264.3210,171.0189,0.059520,0.00000
278.000,167.500,2,-1.000,0.2604167,0.9860043,673.1243,264.0458,171.4596,0.058152,0.00000
278.000,167.500,2,-1.000,0.2625000,0.9865951,673.4356,263.8615,171.9041,0.056806,0.00000
278.000,167.500,2,-1.000,0.2645833,0.9871615,673.7341,263.7595,172.3462,0.055482,0.00000
278.000,167.500,2,-1.000,0.2666667,0.9877046,674.0203,263.7321,172.7806,0.054179,0.00000
278.000,167.500,2,-1.000,0.2687500,0.9882252,674.2947,263.7715,173.2026,0.052897,0.00000
278.000,167.500,2,-1.000,0.2708333,0.9887242,674.5577,263.8713,173.6082,0.051638,0.00000
278.000,167.500,2,-1.000,0.2729167,0.9892027,674.8098,264.0249,173.9940,0.050400,0.00000
278.000,167.500,2,-1.000,0.2750000,0.9896613,675.0515,264.2268,174.3572,0.049184,0.00000
278.000,167.500,2,-1.000,0.2770833,0.9901009,675.2831,264.4716,174.6955,0.047990,0.00000
278.000,167.500,2,-1.000,0.2791667,0.9905221,675.5051,264.7543,175.0071,0.046818,0.00000
278.000,167.500,2,-1.000,0.2812500,0.9909258,675.7179,265.0707,175.2906,0.045668,0.00000
278.000,167.500,2,-1.000,0.2833333,0.9913126,675.9218,265.4166,175.5451,0.044539,0.00000
278.000,167.500,2,-1.000,0.2854167,0.9916834,676.1171,265.7883,175.7699,0.043432,0.00000
278.000,167.500,2,-1.000,0.2875000,0.9920385,676.3043,266.1824,175.9647,0.042347,0.00000
278.000,167.500,2,-1.000,0.2895833,0.9923790,676.4837,266.5956,176.1295,0.041283,0.00000
278.000,167.500,2,-1.000,0.2916667,0.9927051,676.6556,267.0249,176.2643,0.040240,0.00000
278.000,167.500,2,-1.000,0.2937500,0.9930174,676.8202,267.4678,176.3696,0.039219,0.00000
278.000,167.500,2,-1.000,0.2958333,0.9933167,676.9779,267.9216,176.4459,0.038219,0.00000
278.000,167.500,2,-1.000,0.2979167,0.9936035,677.1290,268.3843,176.4940,0.037239,0.00000
278.000,167.500,2,-1.000,0.3000000,0.9938781,677.2737,268.8534,176.5146,0.036280,0.00000
278.000,167.500,2,-1.000,0.3020833,0.9941411,677.4124,269.3271,176.5089,0.035341,0.00000
278.000,167.500,2,-1.000,0.3041667,0.9943931,677.5452,269.8036,176.4777,0.034423,0.00000
278.000,167.500,2,-1.000,0.3062500,0.9946344,677.6724,270.2810,176.4222,0.033524,0.00000
278.000,167.500,2,-1.000,0.3083333,0.9948657,677.7942,270.7581,176.3436,0.032645,0.00000
278.000,167.500,2,-1.000,0.3104167,0.9950870,677.9108,271.2330,176.2432,0.031786,0.00000
278.000,167.500,2,-1.000,0.3125000,0.9952989,678.0225,271.7047,176.1222,0.030946,0.00000
278.000,167.500,2,-1.000,0.3145833,0.9955019,678.1295,272.1719,175.9819,0.030124,0.00000
278.000,167.500,2,-1.000,0.3166667,0.9956962,678.2319,272.6333,175.8236,0.029322,0.00000
278.000,167.500,2,-1.000,0.3187500,0.9958824,678.3300,273.0879,175.6486,0.028538,0.00000
278.000,167.500,2,-1.000,0.3208333,0.9960605,678.4239,273.5348,175.4583,0.027772,0.00000
278.000,167.500,2,-1.000,0.3229167,0.9962311,678.5138,273.9731,175.2539,0.027023,0.00000
278.000,167.500,2,-1.000,0.3250000,0.9963944,678.5999,274.4019,175.0368,0.026293,0.00000
278.000,167.500,2,-1.000,0.3270833,0.9965507,678.6823,274.8206,174.8082,0.025579,0.00000
278.000,167.500,2,-1.000,0.3291667,0.9967004,678.7611,275.2283,174.5695,0.024883,0.00000
278.000,167.500,2,-1.000,0.3312500,0.9968436,678.8366,275.6245,174.3217,0.024203,0.00000
278.000,167.500,2,-1.000,0.3333333,0.9969808,678.9089,276.0089,174.0661,0.023539,0.00000
278.000,167.500,2,-1.000,0.3354167,0.9971121,678.9781,276.3806,173.8039,0.022892,0.00000
278.000,167.500,2,-1.000,0.3375000,0.9972378,679.0443,276.7395,173.5361,0.022261,0.00000
278.000,167.500,2,-1.000,0.3395833,0.9973581,679.1077,277.0851,173.2639,0.021645,0.00000
278.000,167.500,2,-1.000,0.3416667,0.9974732,679.1684,277.4170,172.9883,0.021044,0.00000
278.000,167.500,2,-1.000,0.3437500,0.9975834,679.2264,277.7351,172.7103,0.020458,0.00000
278.000,167.500,2,-1.000,0.3458333,0.9976888,679.2820,278.0391,172.4308,0.019887,0.00000
278.000,167.500,2,-1.000,0.3479167,0.9977896,679.3351,278.3289,172.1508,0.019330,0.00000
278.000,167.500,2,-1.000,0.3500000,0.9978862,679.3860,278.6041,171.8711,0.018788,0.00000
278.000,167.500,2,-1.000,0.3520833,0.9979787,679.4348,278.8651,171.5925,0.018259,0.00000
278.000,167.500,2,-1.000,0.3541667,0.9980670,679.4813,279.1116,171.3158,0.017743,0.00000
278.000,167.500,2,-1.000,0.3562500,0.9981516,679.5259,279.3434,171.0417,0.017241,0.00000
278.000,167.500,2,-1.000,0.3583333,0.9982325,679.5685,279.5608,170.7708,0.016752,0.00000
278.000,167.500,2,-1.000,0.3604167,0.9983100,679.6094,279.7638,170.5039,0.016275,0.00000
278.000,167.500,2,-1.000,0.3625000,0.9983841,679.6484,279.9525,170.2415,0.015811,0.00000
278.000,167.500,2,-1.000,0.3645833,0.9984550,679.6858,280.1271,169.9840,0.015359,0.00000
278.000,167.500,2,-1.000,0.3666667,0.9985229,679.7216,280.2876,169.7321,0.014919,0.00000
278.000,167.500,2,-1.000,0.3687500,0.9985877,679.7557,280.4452,169.4969,0.014491,0.00000
278.000,167.500,2,-1.000,0.3708333,0.9986498,679.7885,280.6072,169.2862,0.014073,0.00000
278.000,167.500,2,-1.000,0.3729167,0.9987092,679.8198,280.7710,169.0973,0.013667,0.00000
278.000,167.500,2,-1.000,0.3750000,0.9987660,679.8497,280.9342,168.9280,0.013272,0.00000
278.000,167.500,2,-1.000,0.3770833,0.9988203,679.8783,281.0950,168.7763,0.012887,0.00000
278.000,167.500,2,-1.000,0.3791667,0.9988723,679.9057,281.2515,168.6404,0.012513,0.00000
278.000,167.500,2,-1.000,0.3812500,0.9989220,679.9319,281.4022,168.5187,0.012149,0.00000
278.000,167.500,2,-1.000,0.3833333,0.9989695,679.9569,281.5459,168.4097,0.011794,0.00000
278.000,167.500,2,-1.000,0.3854167,0.9990149,679.9808,281.6814,168.3120,0.011450,0.00000
278.000,167.500,2,-1.000,0.3875000,0.9990583,680.0037,281.8077,168.2246,0.011114,0.00000
278.000,167.500,2,-1.000,0.3895833,0.9990999,680.0256,281.9243,168.1464,0.010788,0.00000
278.000,167.500,2,-1.000,0.3916667,0.9991396,680.0466,282.0305,168.0764,0.010471,0.00000
278.000,167.500,2,-1.000,0.3937500,0.9991776,680.0666,282.1257,168.0137,0.010163,0.00000
278.000,167.500,2,-1.000,0.3958333,0.9992139,680.0858,282.2097,167.9577,0.009863,0.00000
278.000,167.500,2,-1.000,0.3979167,0.9992487,680.1041,282.2823,167.9076,0.009571,0.00000
278.000,167.500,2,-1.000,0.4000000,0.9992819,680.1216,282.3433,167.8628,0.009288,0.00000
278.000,167.500,2,-1.000,0.4020833,0.9993138,680.1384,282.3925,167.8228,0.009012,0.00000
278.000,167.500,2,-1.000,0.4041667,0.9993441,680.1544,282.4302,167.7870,0.008744,0.00000
278.000,167.500,2,-1.000,0.4062500,0.9993732,680.1697,282.4563,167.7550,0.008484,0.00000
278.000,167.500,2,-1.000,0.4083333,0.9994010,680.1843,282.4711,167.7265,0.008231,0.00000
278.000,167.500,2,-1.000,0.4104167,0.9994275,680.1983,282.4746,167.7010,0.007985,0.00000
278.000,167.500,2,-1.000,0.4125000,0.9994529,680.2117,282.4674,167.6783,0.007746,0.00000
278.000,167.500,2,-1.000,0.4145833,0.9994772,680.2245,282.4496,167.6581,0.007514,0.00000
278.000,167.500,2,-1.000,0.4166667,0.9995004,680.2367,282.4215,167.6400,0.007288,0.00000
278.000,167.500,2,-1.000,0.4187500,0.9995226,680.2484,282.3837,167.6239,0.007069,0.00000
278.000,167.500,2,-1.000,0.4208333,0.9995438,680.2596,282.3365,167.6096,0.006856,0.00000
278.000,167.500,2,-1.000,0.4229167,0.9995641,680.2703,282.2803,167.5969,0.006649,0.00000
278.000,167.500,2,-1.000,0.4250000,0.9995834,680.2805,282.2156,167.5855,0.006449,0.00000
278.000,167.500,2,-1.000,0.4270833,0.9996020,680.2902,282.1428,167.5754,0.006254,0.00000
278.000,167.500,2,-1.000,0.4291667,0.9996197,680.2996,282.0625,167.5664,0.006064,0.00000
278.000,167.500,2,-1.000,0.4312500,0.9996366,680.3085,281.9752,167.5585,0.005880,0.00000
278.000,167.500,2,-1.000,0.4333333,0.9996528,680.3170,281.8813,167.5514,0.005701,0.00000
278.000,167.500,2,-1.000,0.4354167,0.9996683,680.3252,281.7815,167.5451,0.005528,0.00000
278.000,167.500,2,-1.000,0.4375000,0.9996831,680.3330,281.6760,167.5396,0.005360,0.00000
278.000,167.500,2,-1.000,0.4395833,0.9996973,680.3405,281.5657,167.5346,0.005196,0.00000
278.000,167.500,2,-1.000,0.4416667,0.9997108,680.3476,281.4506,167.5303,0.005037,0.00000
278.000,167.500,2,-1.000,0.4437500,0.9997238,680.3544,281.3317,167.5264,0.004883,0.00000
278.000,167.500,2,-1.000,0.4458333,0.9997362,680.3610,281.2091,167.5230,0.004734,0.00000
278.000,167.500,2,-1.000,0.4479167,0.9997480,680.3672,281.0835,167.5200,0.004589,0.00000
278.000,167.500,2,-1.000,0.4500000,0.9997592,680.3731,280.9553,167.5173,0.004448,0.00000
278.000,167.500,2,-1.000,0.4520833,0.9997700,680.3788,280.8251,167.5150,0.004311,0.00000
278.000,167.500,2,-1.000,0.4541667,0.9997803,680.3842,280.6930,167.5129,0.004178,0.00000
278.000,167.500,2,-1.000,0.4562500,0.9997901,680.3894,280.5598,167.5111,0.004049,0.00000
278.000,167.500,2,-1.000,0.4583333,0.9997995,680.3943,280.4258,167.5095,0.003924,0.00000
278.000,167.500,2,-1.000,0.4604167,0.9998085,680.3991,280.2914,167.5081,0.003803,0.00000
278.000,167.500,2,-1.000,0.4625000,0.9998171,680.4036,280.1569,167.5069,0.003686,0.00000
278.000,167.500,2,-1.000,0.4645833,0.9998254,680.4080,280.0227,167.5058,0.003571,0.00000
278.000,167.500,2,-1.000,0.4666667,0.9998332,680.4121,279.8892,167.5049,0.003461,0.00000
278.000,167.500,2,-1.000,0.4687500,0.9998407,680.4161,279.7567,167.5041,0.003353,0.00000
278.000,167.500,2,-1.000,0.4708333,0.9998479,680.4199,279.6256,167.5034,0.003249,0.00000
278.000,167.500,2,-1.000,0.4729167,0.9998547,680.4235,279.4962,167.5028,0.003148,0.00000
278.000,167.500,2,-1.000,0.4750000,0.9998612,680.4269,279.3687,167.5023,0.003050,0.00000
278.000,167.500,2,-1.000,0.4770833,0.9998675,680.4302,279.2434,167.5018,0.002955,0.00000
278.000,167.500,2,-1.000,0.4791667,0.9998734,680.4333,279.1206,167.5014,0.002863,0.00000
278.000,167.500,2,-1.000,0.4812500,0.9998791,680.4363,279.0005,167.5010,0.002773,0.00000
278.000,167.500,2,-1.000,0.4833333,0.9998845,680.4391,278.8832,167.5008,0.002687,0.00000
278.000,167.500,2,-1.000,0.4854167,0.9998897,680.4419,278.7689,167.5005,0.002603,0.00000
278.000,167.500,2,-1.000,0.4875000,0.9998947,680.4445,278.6580,167.5003,0.002521,0.00000
278.000,167.500,2,-1.000,0.4895833,0.9998994,680.4470,278.5505,167.5001,0.002442,0.00000
278.000,167.500,2,-1.000,0.4916667,0.9999040,680.4494,278.4465,167.5000,0.002365,0.00000
278.000,167.500,2,-1.000,0.4937500,0.9999083,680.4517,278.3462,167.4999,0.002291,0.00000
278.000,167.500,2,-1.000,0.4958333,0.9999124,680.4539,278.2498,167.4998,0.002219,0.00000
278.000,167.500,2,-1.000,0.4979167,0.9999164,680.4559,278.1571,167.4997,0.002149,0.00000
278.000,167.500,2,-1.000,0.5000000,0.9999202,680.4579,278.0685,167.4996,0.002081,0.00000
278.000,167.500,2,-1.000,0.5020834,0.9999238,680.4598,277.9839,167.4996,0.002016,0.00000
278.000,167.500,2,-1.000,0.5041667,0.9999273,680.4617,277.9036,167.4997,0.001952,0.00000
278.000,167.500,2,-1.000,0.5062500,0.9999305,680.4634,277.8281,167.5008,0.001890,0.00000
278.000,167.500,2,-1.000,0.5083333,0.9999337,680.4650,277.7589,167.5038,0.001831,0.00000
278.000,167.500,2,-1.000,0.5104167,0.9999366,680.4666,277.6962,167.5092,0.001773,0.00000
278.000,167.500,2,-1.000,0.5125000,0.9999396,680.4681,277.6401,167.5171,0.001717,0.00000
278.000,167.500,2,-1.000,0.5145833,0.9999423,680.4696,277.5907,167.5275,0.001662,0.00000
278.000,167.500,2,-1.000,0.5166667,0.9999450,680.4710,277.5476,167.5401,0.001609,0.00000
278.000,167.500,2,-1.000,0.5187500,0.9999475,680.4724,277.5105,167.5547,0.001558,0.00000
278.000,167.500,2,-1.000,0.5208333,0.9999500,680.4736,277.4790,167.5710,0.001509,0.00000
278.000,167.500,2,-1.000,0.5229167,0.9999523,680.4749,277.4529,167.5885,0.001461,0.00000
278.000,167.500,2,-1.000,0.5250000,0.9999545,680.4760,277.4315,167.6070,0.001414,0.00000
278.000,167.500,2,-1.000,0.5270833,0.9999565,680.4771,277.4146,167.6261,0.001369,0.00000
278.000,167.500,2,-1.000,0.5291666,0.9999585,680.4781,277.4017,167.6455,0.001326,0.00000
278.000,167.500,2,-1.000,0.5312500,0.9999604,680.4791,277.3927,167.6650,0.001283,0.00000
278.000,167.500,2,-1.000,0.5333334,0.9999623,680.4801,277.3870,167.6843,0.001242,0.00000
278.000,167.500,2,-1.000,0.5354167,0.9999640,680.4810,277.3843,167.7032,0.001203,0.00000
278.000,167.500,2,-1.000,0.5375000,0.9999656,680.4819,277.3844,167.7215,0.001164,0.00000
278.000,167.500,2,-1.000,0.5395833,0.9999672,680.4827,277.3871,167.7390,0.001127,0.00000
278.000,167.500,2,-1.000,0.5416667,0.9999687,680.4835,277.3920,167.7557,0.001091,0.00000
278.000,167.500,2,-1.000,0.5437500,0.9999701,680.4843,277.3990,167.7715,0.001056,0.00000
278.000,167.500,2,-1.000,0.5458333,0.9999715,680.4850,277.4080,167.7862,0.001022,0.00000
278.000,167.500,2,-1.000,0.5479167,0.9999728,680.4857,277.4185,167.7998,0.000989,0.00000
278.000,167.500,2,-1.000,0.5500000,0.9999741,680.4863,277.4304,167.8122,0.000957,0.00000
278.000,167.500,2,-1.000,0.5520833,0.9999752,680.4869,277.4438,167.8234,0.000927,0.00000
278.000,167.500,2,-1.000,0.5541667,0.9999764,680.4875,277.4585,167.8334,0.000897,0.00000
278.000,167.500,2,-1.000,0.5562500,0.9999774,680.4881,277.4740,167.8422,0.000868,0.00000
278.000,167.500,2,-1.000,0.5583333,0.9999785,680.4886,277.4906,167.8497,0.000840,0.00000
278.000,167.500,2,-1.000,0.5604166,0.9999795,680.4892,277.5081,167.8560,0.000813,0.00000
278.000,167.500,2,-1.000,0.5625000,0.9999804,680.4897,277.5261,167.8611,0.000787,0.00000
278.000,167.500,2,-1.000,0.5645834,0.9999813,680.4902,277.5448,167.8651,0.000761,0.00000
278.000,167.500,2,-1.000,0.5666667,0.9999822,680.4906,277.5640,167.8678,0.000737,0.00000
278.000,167.500,2,-1.000,0.5687500,0.9999830,680.4910,277.5834,167.8695,0.000713,0.00000
278.000,167.500,2,-1.000,0.5708333,0.9999838,680.4915,277.6033,167.8701,0.000690,0.00000
278.000,167.500,2,-1.000,0.5729167,0.9999845,680.4918,277.6234,167.8696,0.000667,0.00000
278.000,167.500,2,-1.000,0.5750000,0.9999852,680.4922,277.6437,167.8682,0.000646,0.00000
278.000,167.500,2,-1.000,0.5770833,0.9999859,680.4926,277.6641,167.8657,0.000625,0.00000
278.000,167.500,2,-1.000,0.5791667,0.9999866,680.4929,277.6844,167.8624,0.000605,0.00000
278.000,167.500,2,-1.000,0.5812500,0.9999871,680.4932,277.7047,167.8582,0.000585,0.00000
278.000,167.500,2,-1.000,0.5833333,0.9999877,680.4935,277.7250,167.8532,0.000566,0.00000
278.000,167.500,2,-1.000,0.5854167,0.9999883,680.4938,277.7450,167.8475,0.000548,0.00000
278.000,167.500,2,-1.000,0.5875000,0.9999889,680.4941,277.7649,167.8411,0.000530,0.00000
278.000,167.500,2,-1.000,0.5895833,0.9999893,680.4944,277.7844,167.8339,0.000513,0.00000
278.000,167.500,2,-1.000,0.5916666,0.9999898,680.4946,277.8037,167.8262,0.000496,0.00000
278.000,167.500,2,-1.000,0.5937500,0.9999903,680.4949,277.8226,167.8179,0.000480,0.00000
278.000,167.500,2,-1.000,0.5958334,0.9999908,680.4951,277.8412,167.8091,0.000464,0.00000
278.000,167.500,2,-1.000,0.5979167,0.9999912,680.4954,277.8593,167.7999,0.000449,0.00000
278.000,167.500,2,-1.000,0.6000000,0.9999917,680.4956,277.8770,167.7902,0.000434,0.00000
278.000,167.500,2,-1.000,0.6020833,0.9999920,680.4958,277.8942,167.7802,0.000420,0.00000
278.000,167.500,2,-1.000,0.6041667,0.9999924,680.4960,277.9108,167.7698,0.000406,0.00000
278.000,167.500,2,-1.000,0.6062500,0.9999927,680.4962,277.9269,167.7592,0.000393,0.00000
278.000,167.500,2,-1.000,0.6083333,0.9999930,680.4963,277.9424,167.7483,0.000380,0.00000
278.000,167.500,2,-1.000,0.6104167,0.9999934,680.4965,277.9574,167.7372,0.000368,0.00000
278.000,167.500,2,-1.000,0.6125000,0.9999937,680.4967,277.9718,167.7260,0.000356,0.00000
278.000,167.500,2,-1.000,0.6145833,0.9999941,680.4969,277.9856,167.7147,0.000344,0.00000
278.000,167.500,2,-1.000,0.6166667,0.9999943,680.4970,277.9988,167.7032,0.000333,0.00000
278.000,167.500,2,-1.000,0.6187500,0.9999946,680.4971,278.0114,167.6918,0.000322,0.00000
278.000,167.500,2,-1.000,0.6208333,0.9999948,680.4973,278.0233,167.6804,0.000311,0.00000
278.000,167.500,2,-1.000,0.6229166,0.9999950,680.4974,278.0345,167.6689,0.000301,0.00000
278.000,167.500,2,-1.000,0.6250000,0.9999952,680.4975,278.0452,167.6576,0.000291,0.00000
278.000,167.500,2,-1.000,0.6270834,0.9999955,680.4976,278.0552,167.6464,0.000282,0.00000
278.000,167.500,2,-1.000,0.6291667,0.9999957,680.4977,278.0646,167.6352,0.000273,0.00000
278.000,167.500,2,-1.000,0.6312500,0.9999959,680.4979,278.0734,167.6242,0.000264,0.00000
278.000,167.500,2,-1.000,0.6333333,0.9999962,680.4980,278.0814,167.6133,0.000255,0.00000
278.000,167.500,2,-1.000,0.6354167,0.9999964,680.4981,278.0890,167.6027,0.000247,0.00000
278.000,167.500,2,-1.000,0.6375000,0.9999965,680.4982,278.0958,167.5923,0.000238,0.00000
278.000,167.500,2,-1.000,0.6395833,0.9999967,680.4982,278.1027,167.5826,0.000231,0.00000
278.000,167.500,2,-1.000,0.6416667,0.9999968,680.4983,278.1095,167.5738,0.000223,0.00000
278.000,167.500,2,-1.000,0.6437500,0.9999969,680.4984,278.1165,167.5659,0.000216,0.00000
278.000,167.500,2,-1.000,0.6458333,0.9999970,680.4984,278.1233,167.5590,0.000208,0.00000
278.000,167.500,2,-1.000,0.6479167,0.9999971,680.4985,278.1301,167.5526,0.000202,0.00000
278.000,167.500,2,-1.000,0.6500000,0.9999972,680.4985,278.1367,167.5470,0.000195,0.00000
278.000,167.500,2,-1.000,0.6520833,0.9999973,680.4986,278.1431,167.5419,0.000189,0.00000
278.000,167.500,2,-1.000,0.6541666,0.9999974,680.4987,278.1492,167.5374,0.000182,0.00000
278.000,167.500,2,-1.000,0.6562500,0.9999976,680.4987,278.1549,167.5334,0.000176,0.00000
278.000,167.500,2,-1.000,0.6583334,0.9999977,680.4988,278.1602,167.5298,0.000170,0.00000
278.000,167.500,2,-1.000,0.6604167,0.9999978,680.4988,278.1650,167.5265,0.000165,0.00000
278.000,167.500,2,-1.000,0.6625000,0.9999979,680.4989,278.1694,167.5236,0.000159,0.00000
278.000,167.500,2,-1.000,0.6645833,0.9999980,680.4990,278.1735,167.5210,0.000154,0.00000
278.000,167.500,2,-1.000,0.6666667,0.9999982,680.4990,278.1770,167.5186,0.000149,0.00000
278.000,167.500,2,-1.000,0.6687500,0.9999983,680.4991,278.1798,167.5164,0.000144,0.00000
278.000,167.500,2,-1.000,0.6708333,0.9999984,680.4991,278.1820,167.5142,0.000139,0.00000
278.000,167.500,2,-1.000,0.6729167,0.9999985,680.4992,278.1837,167.5122,0.000135,0.00000
278.000,167.500,2,-1.000,0.6750000,0.9999986,680.4993,278.1848,167.5103,0.000130,0.00000
278.000,167.500,2,-1.000,0.6770833,0.9999987,680.4993,278.1854,167.5085,0.000126,0.00000
278.000,167.500,2,-1.000,0.6791667,0.9999989,680.4994,278.1854,167.5067,0.000122,0.00000
278.000,167.500,2,-1.000,0.6812500,0.9999990,680.4995,278.1849,167.5052,0.000118,0.00000
278.000,167.500,2,-1.000,0.6833333,0.9999990,680.4995,278.1841,167.5037,0.000114,0.00000
278.000,167.500,2,-1.000,0.6854166,0.9999990,680.4995,278.1827,167.5023,0.000110,0.00000
278.000,167.500,2,-1.000,0.6875000,0.9999990,680.4995,278.1810,167.5010,0.000106,0.00000
278.000,167.500,2,-1.000,0.6895834,0.9999990,680.4995,278.1790,167.4999,0.000103,0.00000
278.000,167.500,2,-1.000,0.6916667,0.9999990,680.4995,278.1765,167.4989,0.000099,0.00000
278.000,167.500,2,-1.000,0.6937500,0.9999990,680.4995,278.1737,167.4980,0.000096,0.00000
278.000,167.500,2,-1.000,0.6958333,0.9999990,680.4995,278.1707,167.4972,0.000093,0.00000
278.000,167.500,2,-1.000,0.6979167,0.9999990,680.4995,278.1672,167.4965,0.000090,0.00000
278.000,167.500,2,-1.000,0.7000000,0.9999990,680.4995,278.1635,167.4958,0.000087,0.00000
278.000,167.500,2,-1.000,0.7020833,0.9999990,680.4995,278.1595,167.4952,0.000084,0.00000
278.000,167.500,2,-1.000,0.7041667,0.9999990,680.4995,278.1553,167.4947,0.000081,0.00000
278.000,167.500,2,-1.000,0.7062500,0.9999990,680.4995,278.1509,167.4943,0.000078,0.00000
278.000,167.500,2,-1.000,0.7083333,0.9999990,680.4995,278.1462,167.4939,0.000076,0.00000
278.000,167.500,2,-1.000,0.7104167,0.9999990,680.4995,278.1415,167.4935,0.000073,0.00000
278.000,167.500,2,-1.000,0.7125000,0.9999990,680.4995,278.1365,167.4932,0.000071,0.00000
278.000,167.500,2,-1.000,0.7145833,0.9999990,680.4995,278.1313,167.4930,0.000068,0.00000
278.000,167.500,2,-1.000,0.7166666,0.9999990,680.4995,278.1261,167.4928,0.000066,0.00000
278.000,167.500,2,-1.000,0.7187500,0.9999990,680.4995,278.1208,167.4926,0.000064,0.00000
278.000,167.500,2,-1.000,0.7208334,0.9999990,680.4995,278.1154,167.4925,0.000062,0.00000
278.000,167.500,2,-1.000,0.7229167,0.9999990,680.4995,278.1099,167.4924,0.000060,0.00000
278.000,167.500,2,-1.000,0.7250000,0.9999990,680.4995,278.1042,167.4924,0.000058,0.00000
278.000,167.500,2,-1.000,0.7270833,0.9999990,680.4995,278.0988,167.4923,0.000056,0.00000
278.000,167.500,2,-1.000,0.7291667,0.9999990,680.4995,278.0931,167.4923,0.000054,0.00000
278.000,167.500,2,-1.000,0.7312500,0.9999990,680.4995,278.0875,167.4923,0.000052,0.00000
278.000,167.500,2,-1.000,0.7333333,0.9999990,680.4995,278.0819,167.4923,0.000050,0.00000
278.000,167.500,2,-1.000,0.7354167,0.9999990,680.4995,278.0764,167.4924,0.000049,0.00000
278.000,167.500,2,-1.000,0.7375000,0.9999990,680.4995,278.0708,167.4924,0.000047,0.00000
278.000,167.500,2,-1.000,0.7395833,0.9999990,680.4995,278.0654,167.4925,0.000045,0.00000
278.000,167.500,2,-1.000,0.7416667,0.9999990,680.4995,278.0599,167.4926,0.000044,0.00000
278.000,167.500,2,-1.000,0.7437500,0.9999990,680.4995,278.0547,167.4927,0.000042,0.00000
278.000,167.500,2,-1.000,0.7458333,0.9999990,680.4995,278.0494,167.4928,0.000041,0.00000
278.000,167.500,2,-1.000,0.7479166,0.9999990,680.4995,278.0442,167.4929,0.000040,0.00000
278.000,167.500,2,-1.000,0.7500000,0.9999990,680.4995,278.0392,167.4930,0.000038,0.00000
278.000,167.500,2,-1.000,0.7520834,0.9999990,680.4995,278.0343,167.4932,0.000037,0.00000
278.000,167.500,2,-1.000,0.7541667,0.9999990,680.4995,278.0295,167.4933,0.000036,0.00000
278.000,167.500,2,-1.000,0.7562500,0.9999990,680.4995,278.0249,167.4935,0.000035,0.00000
278.000,167.500,2,-1.000,0.7583333,0.9999990,680.4995,278.0204,167.4936,0.000033,0.00000
278.000,167.500,2,-1.000,0.7604167,0.9999990,680.4995,278.0160,167.4938,0.000032,0.00000
278.000,167.500,2,-1.000,0.7625000,0.9999990,680.4995,278.0118,167.4939,0.000031,0.00000
278.000,167.500,2,-1.000,0.7645833,0.9999990,680.4995,278.0078,167.4941,0.000030,0.00000
278.000,167.500,2,-1.000,0.7666667,0.9999990,680.4995,278.0039,167.4942,0.000029,0.00000
278.000,167.500,2,-1.000,0.7687500,0.9999990,680.4995,278.0001,167.4944,0.000028,0.00000
278.000,167.500,2,-1.000,0.7708333,0.9999990,680.4995,277.9966,167.4945,0.000027,0.00000
278.000,167.500,2,-1.000,0.7729167,0.9999990,680.4995,277.9932,167.4947,0.000026,0.00000
278.000,167.500,2,-1.000,0.7750000,0.9999990,680.4995,277.9900,167.4948,0.000025,0.00000
278.000,167.500,2,-1.000,0.7770833,0.9999990,680.4995,277.9869,167.4950,0.000025,0.00000
278.000,167.500,2,-1.000,0.7791666,0.9999990,680.4995,277.9841,167.4952,0.000024,0.00000
278.000,167.500,2,-1.000,0.7812500,0.9999990,680.4995,277.9813,167.4953,0.000023,0.00000
278.000,167.500,2,-1.000,0.7833334,0.9999990,680.4995,277.9788,167.4955,0.000022,0.00000
278.000,167.500,2,-1.000,0.7854167,0.9999990,680.4995,277.9764,167.4956,0.000021,0.00000
278.000,167.500,2,-1.000,0.7875000,0.9999990,680.4995,277.9742,167.4957,0.000021,0.00000
278.000,167.500,2,-1.000,0.7895833,0.9999990,680.4995,277.9723,167.4959,0.000020,0.00000
278.000,167.500,2,-1.000,0.7916667,0.9999990,680.4995,277.9705,167.4960,0.000019,0.00000
278.000,167.500,2,-1.000,0.7937500,0.9999990,680.4995,277.9688,167.4962,0.000019,0.00000
278.000,167.500,2,-1.000,0.7958333,0.9999990,680.4995,277.9673,167.4963,0.000018,0.00000
278.000,167.500,2,-1.000,0.7979167,0.9999990,680.4995,277.9658,167.4965,0.000017,0.00000
278.000,167.500,2,-1.000,0.8000000,0.9999990,680.4995,277.9646,167.4966,0.000017,0.00000
278.000,167.500,2,-1.000,0.8020833,0.9999990,680.4995,277.9636,167.4967,0.000016,0.00000
278.000,167.500,2,-1.000,0.8041667,0.9999990,680.4995,277.9626,167.4968,0.000016,0.00000
278.000,167.500,2,-1.000,0.8062500,0.9999990,680.4995,277.9619,167.4969,0.000015,0.00000
278.000,167.500,2,-1.000,0.8083333,0.9999990,680.4995,277.9612,167.4971,0.000015,0.00000
278.000,167.500,2,-1.000,0.8104166,0.9999990,680.4995,277.9607,167.4972,0.000014,0.00000
278.000,167.500,2,-1.000,0.8125000,0.9999990,680.4995,277.9603,167.4973,0.000014,0.00000
278.000,167.500,2,-1.000,0.8145834,0.9999990,680.4995,277.9601,167.4974,0.000013,0.00000
278.000,167.500,2,-1.000,0.8166667,0.9999990,680.4995,277.9600,167.4975,0.000013,0.00000
278.000,167.500,2,-1.000,0.8187500,0.9999990,680.4995,277.9600,167.4976,0.000012,0.00000
278.000,167.500,2,-1.000,0.8208333,0.9999990,680.4995,277.9601,167.4977,0.000012,0.00000
278.000,167.500,2,-1.000,0.8229167,0.9999990,680.4995,277.9602,167.4978,0.000011,0.00000
278.000,167.500,2,-1.000,0.8250000,0.9999990,680.4995,277.9606,167.4979,0.000011,0.00000
278.000,167.500,2,-1.000,0.8270833,0.9999990,680.4995,277.9609,167.4980,0.000011,0.00000
278.000,167.500,2,-1.000,0.8291667,0.9999990,680.4995,277.9614,167.4981,0.000010,0.00000
278.000,167.500,2,-1.000,0.8312500,0.9999990,680.4995,277.9619,167.4982,0.000010,0.00000
278.000,167.500,2,-1.000,0.8333333,0.9999990,680.4995,277.9626,167.4982,0.000010,0.00000
278.000,167.500,2,-1.000,0.8354167,0.9999990,680.4995,277.9634,167.4984,0.000009,0.00000
278.000,167.500,2,-1.000,0.8375000,0.9999990,680.4995,277.9641,167.4984,0.000009,0.00000
278.000,167.500,2,-1.000,0.8395833,0.9999990,680.4995,277.9650,167.4985,0.000009,0.00000
278.000,167.500,2,-1.000,0.8416666,0.9999990,680.4995,277.9658,167.4985,0.000008,0.00000
278.000,167.500,2,-1.000,0.8437500,0.9999990,680.4995,277.9668,167.4986,0.000008,0.00000
278.000,167.500,2,-1.000,0.8458334,0.9999990,680.4995,277.9678,167.4987,0.000008,0.00000
278.000,167.500,2,-1.000,0.8479167,0.9999990,680.4995,277.9688,167.4987,0.000008,0.00000
278.000,167.500,2,-1.000,0.8500000,0.9999990,680.4995,277.9698,167.4988,0.000007,0.00000
278.000,167.500,2,-1.000,0.8520833,0.9999990,680.4995,277.9709,167.4989,0.000007,0.00000
278.000,167.500,2,-1.000,0.8541667,0.9999990,680.4995,277.9720,167.4989,0.000007,0.00000
278.000,167.500,2,-1.000,0.8562500,0.9999990,680.4995,277.9733,167.4990,0.000007,0.00000
278.000,167.500,2,-1.000,0.8583333,0.9999990,680.4995,277.9744,167.4990,0.000006,0.00000
278.000,167.500,2,-1.000,0.8604167,0.9999990,680.4995,277.9756,167.4991,0.000006,0.00000
278.000,167.500,2,-1.000,0.8625000,0.9999990,680.4995,277.9768,167.4991,0.000006,0.00000
278.000,167.500,2,-1.000,0.8645833,0.9999990,680.4995,277.9779,167.4992,0.000006,0.00000
278.000,167.500,2,-1.000,0.8666667,0.9999990,680.4995,277.9791,167.4992,0.000006,0.00000
278.000,167.500,2,-1.000,0.8687500,0.9999990,680.4995,277.9803,167.4993,0.000005,0.00000
278.000,167.500,2,-1.000,0.8708333,0.9999990,680.4995,277.9816,167.4993,0.000005,0.00000
278.000,167.500,2,-1.000,0.8729166,0.9999990,680.4995,277.9827,167.4993,0.000005,0.00000
278.000,167.500,2,-1.000,0.8750000,0.9999990,680.4995,277.9839,167.4994,0.000005,0.00000
278.000,167.500,2,-1.000,0.8770834,0.9999990,680.4995,277.9851,167.4994,0.000005,0.00000
278.000,167.500,2,-1.000,0.8791667,0.9999990,680.4995,277.9862,167.4995,0.000005,0.00000
278.000,167.500,2,-1.000,0.8812500,0.9999990,680.4995,277.9873,167.4995,0.000004,0.00000
278.000,167.500,2,-1.000,0.8833333,0.9999990,680.4995,277.9884,167.4995,0.000004,0.00000
278.000,167.500,2,-1.000,0.8854167,0.9999990,680.4995,277.9895,167.4996,0.000004,0.00000
278.000,167.500,2,-1.000,0.8875000,0.9999990,680.4995,277.9906,167.4996,0.000004,0.00000
278.000,167.500,2,-1.000,0.8895833,0.9999990,680.4995,277.9917,167.4996,0.000004,0.00000
278.000,167.500,2,-1.000,0.8916667,0.9999990,680.4995,277.9927,167.4996,0.000004,0.00000
278.000,167.500,2,-1.000,0.8937500,0.9999990,680.4995,277.9937,167.4997,0.000004,0.00000
278.000,167.500,2,-1.000,0.8958333,0.9999990,680.4995,277.9946,167.4997,0.000003,0.00000
278.000,167.500,2,-1.000,0.8979167,0.9999990,680.4995,277.9955,167.4997,0.000003,0.00000
278.000,167.500,2,-1.000,0.9000000,0.9999990,680.4995,277.9963,167.4997,0.000003,0.00000
278.000,167.500,2,-1.000,0.9020833,0.9999990,680.4995,277.9972,167.4998,0.000003,0.00000
278.000,167.500,2,-1.000,0.9041666,0.9999990,680.4995,277.9980,167.4998,0.000003,0.00000
278.000,167.500,2,-1.000,0.9062500,0.9999990,680.4995,277.9988,167.4998,0.000003,0.00000
278.000,167.500,2,-1.000,0.9083334,0.9999990,680.4995,277.9995,167.4998,0.000003,0.00000
278.000,167.500,2,-1.000,0.9104167,0.9999990,680.4995,278.0002,167.4998,0.000003,0.00000
278.000,167.500,2,-1.000,0.9125000,0.9999990,680.4995,278.0010,167.4998,0.000003,0.00000
278.000,167.500,2,-1.000,0.9145833,0.9999990,680.4995,278.0016,167.4998,0.000002,0.00000
278.000,167.500,2,-1.000,0.9166667,0.9999990,680.4995,278.0022,167.4999,0.000002,0.00000
278.000,167.500,2,-1.000,0.9187500,0.9999990,680.4995,278.0027,167.4999,0.000002,0.00000
278.000,167.500,2,-1.000,0.9208333,0.9999990,680.4995,278.0033,167.4999,0.000002,0.00000
278.000,167.500,2,-1.000,0.9229167,0.9999990,680.4995,278.0038,167.4999,0.000002,0.00000
278.000,167.500,2,-1.000,0.9250000,0.9999990,680.4995,278.0042,167.4999,0.000002,0.00000
278.000,167.500,2,-1.000,0.9270833,0.9999990,680.4995,278.0046,167.4999,0.000002,0.00000
278.000,167.500,2,-1.000,0.9291667,0.9999990,680.4995,278.0050,167.4999,0.000002,0.00000
278.000,167.500,2,-1.000,0.9312500,0.9999990,680.4995,278.0054,167.4999,0.000002,0.00000
278.000,167.500,2,-1.000,0.9333333,0.9999990,680.4995,278.0056,167.4999,0.000002,0.00000
278.000,167.500,2,-1.000,0.9354166,0.9999990,680.4995,278.0060,167.5000,0.000002,0.00000
278.000,167.500,2,-1.000,0.9375000,0.9999990,680.4995,278.0062,167.5000,0.000002,0.00000
278.000,167.500,2,-1.000,0.9395834,0.9999990,680.4995,278.0065,167.5000,0.000002,0.00000
278.000,167.500,2,-1.000,0.9416667,0.9999990,680.4995,278.0066,167.5000,0.000002,0.00000
278.000,167.500,2,-1.000,0.9437500,0.9999990,680.4995,278.0068,167.5000,0.000002,0.00000
278.000,167.500,2,-1.000,0.9458333,0.9999990,680.4995,278.0068,167.5000,0.000001,0.00000
278.000,167.500,2,-1.000,0.9479167,0.9999990,680.4995,278.0071,167.5000,0.000001,0.00000
278.000,167.500,2,-1.000,0.9500000,0.9999990,680.4995,278.0071,167.5000,0.000001,0.00000
278.000,167.500,2,-1.000,0.9520833,0.9999990,680.4995,278.0071,167.5000,0.000001,0.00000
278.000,167.500,2,-1.000,0.9541667,0.9999990,680.4995,278.0072,167.5000,0.000001,0.00000
278.000,167.500,2,-1.000,0.9562500,0.9999990,680.4995,278.0072,167.5000,0.000001,0.00000
278.000,167.500,2,-1.000,0.9583333,0.9999990,680.4995,278.0071,167.5001,0.000001,0.00000
278.000,167.500,2,-1.000,0.9604167,0.9999990,680.4995,278.0071,167.5001,0.000001,0.00000
278.000,167.500,2,-1.000,0.9625000,0.9999990,680.4995,278.0071,167.5001,0.000001,0.00000
278.000,167.500,2,-1.000,0.9645833,0.9999990,680.4995,278.0070,167.5001,0.000001,0.00000
278.000,167.500,2,-1.000,0.9666666,0.9999990,680.4995,278.0068,167.5001,0.000001,0.00000
278.000,167.500,2,-1.000,0.9687500,0.9999990,680.4995,278.0067,167.5001,0.000001,0.00000
278.000,167.500,2,-1.000,0.9708334,0.9999990,680.4995,278.0066,167.5001,0.000001,0.00000
278.000,167.500,2,-1.000,0.9729167,0.9999990,680.4995,278.0065,167.5001,0.000001,0.00000
278.000,167.500,2,-1.000,0.9750000,0.9999990,680.4995,278.0063,167.5001,0.000001,0.00000
278.000,167.500,2,-1.000,0.9770833,0.9999990,680.4995,278.0061,167.5001,0.000001,0.00000
278.000,167.500,2,-1.000,0.9791667,0.9999990,680.4995,278.0060,167.5001,0.000001,0.00000
278.000,167.500,2,-1.000,0.9812500,0.9999990,680.4995,278.0059,167.5001,0.000001,0.00000
278.000,167.500,2,-1.000,0.9833333,0.9999990,680.4995,278.0056,167.5001,0.000001,0.00000
278.000,167.500,2,-1.000,0.9854167,0.9999990,680.4995,278.0054,167.5001,0.000001,0.00000
278.000,167.500,2,-1.000,0.9875000,0.9999990,680.4995,278.0051,167.5001,0.000001,0.00000
278.000,167.500,2,-1.000,0.9895833,0.9999990,680.4995,278.0049,167.5001,0.000001,0.00000
278.000,167.500,2,-1.000,0.9916667,0.9999990,680.4995,278.0048,167.5001,0.000001,0.00000
278.000,167.500,2,-1.000,0.9937500,0.9999990,680.4995,278.0045,167.5001,0.000001,0.00000
278.000,167.500,2,-1.000,0.9958333,0.9999990,680.4995,278.0043,167.5001,0.000001,0.00000
278.000,167.500,2,-1.000,0.9979166,0.9999990,680.4995,278.0040,167.5001,0.000001,0.00000
278.000,167.500,2,-1.000,1.0000000,0.9999990,680.4995,278.0038,167.5001,0.000001,0.00000
271.000,172.000,1,-1.000,0.0000000,0.0000000,153.5000,270.9974,172.0000,0.000000,0.00000
271.000,172.000,1,-1.000,0.0020833,0.0012092,153.8186,270.9974,172.0000,0.000000,0.00000
271.000,172.000,1,-1.000,0.0041667,0.0046790,154.7329,271.0016,172.0006,0.000006,0.00000
271.000,172.000,1,-1.000,0.0062500,0.0101859,156.1840,271.0239,172.0037,0.000038,0.00000
271.000,172.000,1,-1.000,0.0083333,0.0175232,158.1174,271.0867,172.0123,0.000128,0.00000
271.000,172.000,1,-1.000,0.0104167,0.0264991,160.4825,271.2154,172.0293,0.000308,0.00000
271.000,172.000,1,-1.000,0.0125000,0.0369364,163.2327,271.4343,172.0573,0.000611,0.00000
271.000,172.000,1,-1.000,0.0145833,0.0486712,166.3249,271.7648,172.0981,0.001059,0.00000
271.000,172.000,1,-1.000,0.0166667,0.0615519,169.7189,272.2242,172.1528,0.001672,0.00000
271.000,172.000,1,-1.000,0.0187500,0.0754392,173.3782,272.8256,172.2217,0.002461,0.00000
271.000,172.000,1,-1.000,0.0208333,0.0902041,177.2688,273.5782,172.3048,0.003431,0.00000
271.000,172.000,1,-1.000,0.0229167,0.1057278,181.3593,274.4872,172.4014,0.004580,0.00000
271.000,172.000,1,-1.000,0.0250000,0.1219015,185.6210,275.5551,172.5104,0.005905,0.00000
271.000,172.000,1,-1.000,0.0270833,0.1386245,190.0276,276.7811,172.6306,0.007398,0.00000
271.000,172.000,1,-1.000,0.0291667,0.1558050,194.5546,278.1621,172.7605,0.009048,0.00000
271.000,172.000,1,-1.000,0.0312500,0.1733586,199.1800,279.6934,172.8987,0.010842,0.00000
271.000,172.000,1,-1.000,0.0333333,0.1912079,203.8833,281.3681,173.0436,0.012766,0.00000
271.000,172.000,1,-1.000,0.0354167,0.2092824,208.6459,283.1784,173.1936,0.014806,0.00000
271.000,172.000,1,-1.000,0.0375000,0.2275176,213.4509,285.1151,173.3474,0.016946,0.00000
271.000,172.000,1,-1.000,0.0395833,0.2458550,218.2828,287.1682,173.5034,0.019170,0.00000
271.000,172.000,1,-1.000,0.0416667,0.2642411,223.1275,289.3268,173.6602,0.021463,0.00000
271.000,172.000,1,-1.000,0.0437500,0.2826276,227.9724,291.5800,173.8167,0.023809,0.00000
271.000,172.000,1,-1.000,0.0458333,0.3009707,232.8058,293.9159,173.9716,0.026194,0.00000
271.000,172.000,1,-1.000,0.0479167,0.3192309,237.6173,296.3226,174.1238,0.028603,0.00000
271.000,172.000,1,-1.000,0.0500000,0.3373726,242.3977,298.7879,174.2726,0.031023,0.00000
271.000,172.000,1,-1.000,0.0520833,0.3553641,247.1384,301.2997,174.4168,0.033441,0.00000
271.000,172.000,1,-1.000,0.0541667,0.3731768,251.8321,303.8458,174.5559,0.035843,0.00000
271.000,172.000,1,-1.000,0.0562500,0.3907853,256.4719,306.4142,174.6891,0.038219,0.00000
271.000,172.000,1,-1.000,0.0583333,0.4081672,261.0521,308.9928,174.8159,0.040558,0.00000
271.000,172.000,1,-1.000,0.0604167,0.4253027,265.5673,311.5701,174.9358,0.042849,0.00000
271.000,172.000,1,-1.000,0.0625000,0.4421745,270.0130,314.1345,175.0484,0.045085,0.00000
271.000,172.000,1,-1.000,0.0645833,0.4587676,274.3853,316.6748,175.1533,0.047255,0.00000
271.000,172.000,1,-1.000,0.0666667,0.4750689,278.6807,319.1804,175.2503,0.049353,0.00000
271.000,172.000,1,-1.000,0.0687500,0.4910677,282.8963,321.6409,175.3391,0.051372,0.00000
271.000,172.000,1,-1.000,0.0708333,0.5067544,287.0298,324.0463,175.4198,0.053305,0.00000
271.000,172.000,1,-1.000,0.0729167,0.5221216,291.0790,326.3872,175.4921,0.055148,0.00000
271.000,172.000,1,-1.000,0.0750000,0.5371631,295.0425,328.6545,175.5561,0.056894,0.00000
271.000,172.000,1,-1.000,0.0770833,0.5518741,298.9188,330.8400,175.6118,0.058541,0.00000
271.000,172.000,1,-1.000,0.0791667,0.5662510,302.7072,332.9355,175.6591,0.060085,0.00000
271.000,172.000,1,-1.000,0.0812500,0.5802915,306.4068,334.9338,175.6984,0.061523,0.00000
271.000,172.000,1,-1.000,0.0833333,0.5939941,310.0175,336.8279,175.7296,0.062852,0.00000
271.000,172.000,1,-1.000,0.0854167,0.6073585,313.5390,338.6119,175.7529,0.064072,0.00000
271.000,172.000,1,-1.000,0.0875000,0.6203851,316.9715,340.2798,175.7686,0.065180,0.00000
271.000,172.000,1,-1.000,0.0895833,0.6330749,320.3152,341.8268,175.7769,0.066177,0.00000
271.000,172.000,1,-1.000,0.0916667,0.6454300,323.5708,343.2484,175.7780,0.067062,0.00000
271.000,172.000,1,-1.000,0.0937500,0.6574526,326.7388,344.5406,175.7721,0.067859,0.00000
271.000,172.000,1,-1.000,0.0958333,0.6691459,329.8199,345.7006,175.7596,0.068592,0.00000
271.000,172.000,1,-1.000,0.0979167,0.6805134,332.8153,346.7253,175.7408,0.069259,0.00000
271.000,172.000,1,-1.000,0.1000000,0.6915590,335.7258,347.6127,175.7159,0.069862,0.00000
271.000,172.000,1,-1.000,0.1020833,0.7022872,338.5527,348.3617,175.6854,0.070402,0.00000
271.000,172.000,1,-1.000,0.1041667,0.7127025,341.2971,348.9709,175.6494,0.070877,0.00000
271.000,172.000,1,-1.000,0.1062500,0.7228101,343.9605,349.4402,175.6083,0.071291,0.00000
271.000,172.000,1,-1.000,0.1083333,0.7326152,346.5441,349.7698,175.5625,0.071642,0.00000
271.000,172.000,1,-1.000,0.1104167,0.7421231,349.0494,349.9602,175.5124,0.071932,0.00000
271.000,172.000,1,-1.000,0.1125000,0.7513397,351.4780,350.0129,175.4582,0.072162,0.00000
271.000,172.000,1,-1.000,0.1145833,0.7602706,353.8313,349.9292,175.4002,0.072334,0.00000
271.000,172.000,1,-1.000,0.1166667,0.7689219,356.1109,349.7115,175.3389,0.072447,0.00000
271.000,172.000,1,-1.000,0.1187500,0.7772994,358.3184,349.3622,175.2746,0.072504,0.00000
271.000,172.000,1,-1.000,0.1208333,0.7854095,360.4554,348.8845,175.2075,0.072506,0.00000
271.000,172.000,1,-1.000,0.1229167,0.7932582,362.5235,348.2815,175.1380,0.072453,0.00000
271.000,172.000,1,-1.000,0.1250000,0.8008518,364.5244,347.5570,175.0664,0.072349,0.00000
271.000,172.000,1,-1.000,0.1270833,0.8081964,366.4597,346.7151,174.9930,0.072194,0.00000
271.000,172.000,1,-1.000,0.1291667,0.8152984,368.3311,345.7601,174.9181,0.071990,0.00000
271.000,172.000,1,-1.000,0.1312500,0.8221637,370.1401,344.6965,174.8419,0.071738,0.00000
271.000,172.000,1,-1.000,0.1333333,0.8287988,371.8885,343.5294,174.7648,0.071440,0.00000
271.000,172.000,1,-1.000,0.1354167,0.8352097,373.5778,342.2637,174.6870,0.071099,0.00000
271.000,172.000,1,-1.000,0.1375000,0.8414024,375.2095,340.9047,174.6087,0.070715,0.00000
271.000,172.000,1,-1.000,0.1395833,0.8473830,376.7854,339.4577,174.5302,0.070290,0.00000
271.000,172.000,1,-1.000,0.1416667,0.8531575,378.3070,337.9285,174.4516,0.069827,0.00000
271.000,172.000,1,-1.000,0.1437500,0.8587319,379.7758,336.3227,174.3732,0.069326,0.00000
271.000,172.000,1,-1.000,0.1458333,0.8641118,381.1935,334.6459,174.2952,0.068791,0.00000
271.000,172.000,1,-1.000,0.1479167,0.8693029,382.5613,332.9041,174.2178,0.068222,0.00000
271.000,172.000,1,-1.000,0.1500000,0.8743109,383.8809,331.1030,174.1410,0.067622,0.00000
271.000,172.000,1,-1.000,0.1520833,0.8791412,385.1537,329.2486,174.0651,0.066992,0.00000
271.000,172.000,1,-1.000,0.1541667,0.8837994,386.3811,327.3466,173.9902,0.066334,0.00000
271.000,172.000,1,-1.000,0.1562500,0.8882906,387.5646,325.4030,173.9164,0.065650,0.00000
271.000,172.000,1,-1.000,0.1583333,0.8926201,388.7054,323.4234,173.8439,0.064941,0.00000
271.000,172.000,1,-1.000,0.1604167,0.8967931,389.8050,321.4136,173.7727,0.064210,0.00000
271.000,172.000,1,-1.000,0.1625000,0.9008145,390.8646,319.3791,173.7029,0.063457,0.00000
271.000,172.000,1,-1.000,0.1645833,0.9046891,391.8856,317.3255,173.6346,0.062686,0.00000
271.000,172.000,1,-1.000,0.1666667,0.9084217,392.8691,315.2581,173.5680,0.061896,0.00000
271.000,172.000,1,-1.000,0.1687500,0.9120168,393.8164,313.1822,173.5029,0.061090,0.00000
271.000,172.000,1,-1.000,0.1708333,0.9154792,394.7288,311.1029,173.4395,0.060269,0.00000
271.000,172.000,1,-1.000,0.1729167,0.9188130,395.6072,309.0251,173.3778,0.059435,0.00000
271.000,172.000,1,-1.000,0.1750000,0.9220228,396.4530,306.9536,173.3179,0.058590,0.00000
271.000,172.000,1,-1.000,0.1770833,0.9251125,397.2672,304.8932,173.2597,0.057733,0.00000
271.000,172.000,1,-1.000,0.1791667,0.9280865,398.0508,302.8479,173.2033,0.056868,0.00000
271.000,172.000,1,-1.000,0.1812500,0.9309484,398.8049,300.8222,173.1487,0.055995,0.00000
271.000,172.000,1,-1.000,0.1833333,0.9337022,399.5305,298.8200,173.0959,0.055116,0.00000
271.000,172.000,1,-1.000,0.1854167,0.9363515,400.2286,296.8452,173.0449,0.054231,0.00000
271.000,172.000,1,-1.000,0.1875000,0.9389002,400.9002,294.9014,172.9956,0.053342,0.00000
271.000,172.000,1,-1.000,0.1895833,0.9413517,401.5462,292.9919,172.9482,0.052450,0.00000
271.000,172.000,1,-1.000,0.1916667,0.9437094,402.1674,291.1199,172.9024,0.051556,0.00000
271.000,172.000,1,-1.000,0.1937500,0.9459766,402.7648,289.2882,172.8584,0.050662,0.00000
271.000,172.000,1,-1.000,0.1958333,0.9481566,403.3393,287.4999,172.8161,0.049767,0.00000
271.000,172.000,1,-1.000,0.1979167,0.9502524,403.8915,285.7573,172.7755,0.048873,0.00000
271.000,172.000,1,-1.000,0.2000000,0.9522672,404.4224,284.0627,172.7365,0.047981,0.00000
271.000,172.000,1,-1.000,0.2020833,0.9542037,404.9327,282.4182,172.6990,0.047091,0.00000
271.000,172.000,1,-1.000,0.2041667,0.9560649,405.4231,280.8257,172.6632,0.046205,0.00000
271.000,172.000,1,-1.000,0.2062500,0.9578534,405.8944,279.2868,172.6289,0.045323,0.00000
271.000,172.000,1,-1.000,0.2083333,0.9595720,406.3472,277.8031,172.5961,0.044445,0.00000
271.000,172.000,1,-1.000,0.2104167,0.9612232,406.7823,276.3758,172.5647,0.043574,0.00000
271.000,172.000,1,-1.000,0.2125000,0.9628096,407.2003,275.0059,172.5347,0.042708,0.00000
271.000,172.000,1,-1.000,0.2145833,0.9643334,407.6018,273.6942,172.5060,0.041849,0.00000
271.000,172.000,1,-1.000,0.2166667,0.9657970,407.9875,272.4416,172.4788,0.040997,0.00000
271.000,172.000,1,-1.000,0.2187500,0.9672027,408.3579,271.2484,172.4527,0.040153,0.00000
271.000,172.000,1,-1.000,0.2208333,0.9685526,408.7136,270.1132,172.4260,0.039317,0.00000
271.000,172.000,1,-1.000,0.2229167,0.9698490,409.0552,269.0457,172.4083,0.038489,0.00000
271.000,172.000,1,-1.000,0.2250000,0.9710937,409.3832,268.0626,172.4162,0.037671,0.00000
271.000,172.000,1,-1.000,0.2270833,0.9722887,409.6981,267.1725,172.4583,0.036862,0.00000
271.000,172.000,1,-1.000,0.2291667,0.9734358,410.0003,266.3782,172.5380,0.036062,0.00000
271.000,172.000,1,-1.000,0.2312500,0.9745370,410.2905,265.6792,172.6549,0.035272,0.00000
271.000,172.000,1,-1.000,0.2333333,0.9755939,410.5690,265.0724,172.8066,0.034493,0.00000
271.000,172.000,1,-1.000,0.2354167,0.9766083,410.8363,264.5531,172.9890,0.033724,0.00000
271.000,172.000,1,-1.000,0.2375000,0.9775819,411.0928,264.1159,173.1976,0.032966,0.00000
271.000,172.000,1,-1.000,0.2395833,0.9785161,411.3390,263.7549,173.4272,0.032218,0.00000
271.000,172.000,1,-1.000,0.2416667,0.9794125,411.5752,263.4639,173.6730,0.031482,0.00000
271.000,172.000,1,-1.000,0.2437500,0.9802725,411.8018,263.2371,173.9300,0.030757,0.00000
271.000,172.000,1,-1.000,0.2458333,0.9810978,412.0193,263.0688,174.1938,0.030043,0.00000
271.000,172.000,1,-1.000,0.2479167,0.9818894,412.2278,262.9536,174.4604,0.029341,0.00000
271.000,172.000,1,-1.000,0.2500000,0.9826487,412.4279,262.8865,174.7260,0.028650,0.00000
271.000,172.000,1,-1.000,0.2520833,0.9833770,412.6198,262.8627,174.9874,0.027970,0.00000
271.000,172.000,1,-1.000,0.2541667,0.9840756,412.8039,262.8781,175.2418,0.027303,0.00000
271.000,172.000,1,-1.000,0.2562500,0.9847456,412.9805,262.9285,175.4868,0.026646,0.00000
271.000,172.000,1,-1.000,0.2583333,0.9853882,413.1498,263.0104,175.7203,0.026002,0.00000
271.000,172.000,1,-1.000,0.2604167,0.9860043,413.3121,263.1204,175.9407,0.025369,0.00000
271.000,172.000,1,-1.000,0.2625000,0.9865951,413.4678,263.2555,176.1467,0.024748,0.00000
271.000,172.000,1,-1.000,0.2645833,0.9871615,413.6171,263.4128,176.3370,0.024139,0.00000
271.000,172.000,1,-1.000,0.2666667,0.9877046,413.7602,263.5899,176.5109,0.023541,0.00000
271.000,172.000,1,-1.000,0.2687500,0.9882252,413.8973,263.7843,176.6679,0.022954,0.00000
271.000,172.000,1,-1.000,0.2708333,0.9887242,414.0288,263.9940,176.8075,0.022379,0.00000
271.000,172.000,1,-1.000,0.2729167,0.9892027,414.1549,264.2168,176.9295,0.021816,0.00000
271.000,172.000,1,-1.000,0.2750000,0.9896613,414.2758,264.4509,177.0339,0.021264,0.00000
271.000,172.000,1,-1.000,0.2770833,0.9901009,414.3916,264.6949,177.1207,0.020723,0.00000
271.000,172.000,1,-1.000,0.2791667,0.9905221,414.5026,264.9469,177.1901,0.020193,0.00000
271.000,172.000,1,-1.000,0.2812500,0.9909258,414.6089,265.2056,177.2426,0.019674,0.00000
271.000,172.000,1,-1.000,0.2833333,0.9913126,414.7109,265.4696,177.2784,0.019167,0.00000
271.000,172.000,1,-1.000,0.2854167,0.9916834,414.8086,265.7377,177.2980,0.018670,0.00000
271.000,172.000,1,-1.000,0.2875000,0.9920385,414.9022,266.0088,177.3020,0.018184,0.00000
271.000,172.000,1,-1.000,0.2895833,0.9923790,414.9919,266.2817,177.2909,0.017708,0.00000
271.000,172.000,1,-1.000,0.2916667,0.9927051,415.0778,266.5555,177.2654,0.017243,0.00000
271.000,172.000,1,-1.000,0.2937500,0.9930174,415.1601,266.8292,177.2262,0.016788,0.00000
271.000,172.000,1,-1.000,0.2958333,0.9933167,415.2390,267.1021,177.1740,0.016344,0.00000
271.000,172.000,1,-1.000,0.2979167,0.9936035,415.3145,267.3732,177.1094,0.015909,0.00000
271.000,172.000,1,-1.000,0.3000000,0.9938781,415.3869,267.6419,177.0332,0.015485,0.00000
271.000,172.000,1,-1.000,0.3020833,0.9941411,415.4562,267.9075,176.9462,0.015070,0.00000
271.000,172.000,1,-1.000,0.3041667,0.9943931,415.5226,268.1692,176.8491,0.014665,0.00000
271.000,172.000,1,-1.000,0.3062500,0.9946344,415.5862,268.4265,176.7427,0.014269,0.00000
271.000,172.000,1,-1.000,0.3083333,0.9948657,415.6471,268.6791,176.6277,0.013882,0.00000
271.000,172.000,1,-1.000,0.3104167,0.9950870,415.7054,268.9262,176.5048,0.013505,0.00000
271.000,172.000,1,-1.000,0.3125000,0.9952989,415.7613,269.1674,176.3748,0.013137,0.00000
271.000,172.000,1,-1.000,0.3145833,0.9955019,415.8148,269.4026,176.2384,0.012777,0.00000
271.000,172.000,1,-1.000,0.3166667,0.9956962,415.8660,269.6310,176.0963,0.012427,0.00000
271.000,172.000,1,-1.000,0.3187500,0.9958824,415.9150,269.8525,175.9493,0.012084,0.00000
271.000,172.000,1,-1.000,0.3208333,0.9960605,415.9619,270.0668,175.7979,0.011751,0.00000
271.000,172.000,1,-1.000,0.3229167,0.9962311,416.0069,270.2736,175.6429,0.011425,0.00000
271.000,172.000,1,-1.000,0.3250000,0.9963944,416.0499,270.4727,175.4848,0.011107,0.00000
271.000,172.000,1,-1.000,0.3270833,0.9965507,416.0911,270.6639,175.3243,0.010798,0.00000
271.000,172.000,1,-1.000,0.3291667,0.9967004,416.1306,270.8471,175.1620,0.010496,0.00000
271.000,172.000,1,-1.000,0.3312500,0.9968436,416.1683,271.0220,174.9984,0.010202,0.00000
271.000,172.000,1,-1.000,0.3333333,0.9969808,416.2044,271.1887,174.8342,0.009915,0.00000
271.000,172.000,1,-1.000,0.3354167,0.9971121,416.2390,271.3470,174.6697,0.009635,0.00000
271.000,172.000,1,-1.000,0.3375000,0.9972378,416.2722,271.4969,174.5054,0.009363,0.00000
271.000,172.000,1,-1.000,0.3395833,0.9973581,416.3039,271.6384,174.3420,0.009098,0.00000
271.000,172.000,1,-1.000,0.3416667,0.9974732,416.3342,271.7714,174.1797,0.008839,0.00000
271.000,172.000,1,-1.000,0.3437500,0.9975834,416.3632,271.8960,174.0190,0.008588,0.00000
271.000,172.000,1,-1.000,0.3458333,0.9976888,416.3910,272.0122,173.8604,0.008342,0.00000
271.000,172.000,1,-1.000,0.3479167,0.9977896,416.4176,272.1202,173.7040,0.008104,0.00000
271.000,172.000,1,-1.000,0.3500000,0.9978862,416.4430,272.2200,173.5504,0.007871,0.00000
271.000,172.000,1,-1.000,0.3520833,0.9979787,416.4674,272.3116,173.3997,0.007645,0.00000
271.000,172.000,1,-1.000,0.3541667,0.9980670,416.4907,272.3953,173.2523,0.007425,0.00000
271.000,172.000,1,-1.000,0.3562500,0.9981516,416.5129,272.4775,173.1150,0.007210,0.00000
271.000,172.000,1,-1.000,0.3583333,0.9982325,416.5343,272.5630,172.9922,0.007001,0.00000
271.000,172.000,1,-1.000,0.3604167,0.9983100,416.5547,272.6499,172.8826,0.006798,0.00000
271.000,172.000,1,-1.000,0.3625000,0.9983841,416.5742,272.7371,172.7847,0.006601,0.00000
271.000,172.000,1,-1.000,0.3645833,0.9984550,416.5929,272.8231,172.6973,0.006408,0.00000
271.000,172.000,1,-1.000,0.3666667,0.9985229,416.6108,272.9071,172.6192,0.006221,0.00000
271.000,172.000,1,-1.000,0.3687500,0.9985877,416.6279,272.9881,172.5496,0.006039,0.00000
271.000,172.000,1,-1.000,0.3708333,0.9986498,416.6442,273.0653,172.4874,0.005862,0.00000
271.000,172.000,1,-1.000,0.3729167,0.9987092,416.6599,273.1381,172.4321,0.005690,0.00000
271.000,172.000,1,-1.000,0.3750000,0.9987660,416.6748,273.2060,172.3827,0.005523,0.00000
271.000,172.000,1,-1.000,0.3770833,0.9988203,416.6891,273.2684,172.3387,0.005360,0.00000
271.000,172.000,1,-1.000,0.3791667,0.9988723,416.7029,273.3250,172.2996,0.005202,0.00000
271.000,172.000,1,-1.000,0.3812500,0.9989220,416.7159,273.3756,172.2647,0.005048,0.00000
271.000,172.000,1,-1.000,0.3833333,0.9989695,416.7285,273.4199,172.2336,0.004898,0.00000
271.000,172.000,1,-1.000,0.3854167,0.9990149,416.7404,273.4579,172.2061,0.004753,0.00000
271.000,172.000,1,-1.000,0.3875000,0.9990583,416.7519,273.4893,172.1816,0.004611,0.00000
271.000,172.000,1,-1.000,0.3895833,0.9990999,416.7628,273.5142,172.1598,0.004474,0.00000
271.000,172.000,1,-1.000,0.3916667,0.9991396,416.7733,273.5325,172.1404,0.004340,0.00000
271.000,172.000,1,-1.000,0.3937500,0.9991776,416.7833,273.5445,172.1233,0.004210,0.00000
271.000,172.000,1,-1.000,0.3958333,0.9992139,416.7929,273.5500,172.1081,0.004084,0.00000
271.000,172.000,1,-1.000,0.3979167,0.9992487,416.8020,273.5492,172.0946,0.003962,0.00000
271.000,172.000,1,-1.000,0.4000000,0.9992819,416.8108,273.5424,172.0827,0.003843,0.00000
271.000,172.000,1,-1.000,0.4020833,0.9993138,416.8192,273.5296,172.0722,0.003727,0.00000
271.000,172.000,1,-1.000,0.4041667,0.9993441,416.8272,273.5112,172.0629,0.003615,0.00000
271.000,172.000,1,-1.000,0.4062500,0.9993732,416.8348,273.4873,172.0546,0.003506,0.00000
271.000,172.000,1,-1.000,0.4083333,0.9994010,416.8422,273.4580,172.0474,0.003400,0.00000
271.000,172.000,1,-1.000,0.4104167,0.9994275,416.8492,273.4239,172.0410,0.003297,0.00000
271.000,172.000,1,-1.000,0.4125000,0.9994529,416.8558,273.3850,172.0353,0.003197,0.00000
271.000,172.000,1,-1.000,0.4145833,0.9994772,416.8622,273.3416,172.0304,0.003100,0.00000
271.000,172.000,1,-1.000,0.4166667,0.9995004,416.8683,273.2939,172.0261,0.003006,0.00000
271.000,172.000,1,-1.000,0.4187500,0.9995226,416.8742,273.2424,172.0222,0.002914,0.00000
271.000,172.000,1,-1.000,0.4208333,0.9995438,416.8798,273.1873,172.0189,0.002825,0.00000
271.000,172.000,1,-1.000,0.4229167,0.9995641,416.8851,273.1289,172.0159,0.002739,0.00000
271.000,172.000,1,-1.000,0.4250000,0.9995834,416.8902,273.0674,172.0134,0.002655,0.00000
271.000,172.000,1,-1.000,0.4270833,0.9996020,416.8951,273.0031,172.0112,0.002574,0.00000
271.000,172.000,1,-1.000,0.4291667,0.9996197,416.8998,272.9364,172.0093,0.002495,0.00000
271.000,172.000,1,-1.000,0.4312500,0.9996366,416.9042,272.8675,172.0076,0.002419,0.00000
271.000,172.000,1,-1.000,0.4333333,0.9996528,416.9085,272.7968,172.0062,0.002344,0.00000
271.000,172.000,1,-1.000,0.4354167,0.9996683,416.9126,272.7242,172.0049,0.002272,0.00000
271.000,172.000,1,-1.000,0.4375000,0.9996831,416.9165,272.6504,172.0038,0.002202,0.00000
271.000,172.000,1,-1.000,0.4395833,0.9996973,416.9202,272.5755,172.0029,0.002134,0.00000
271.000,172.000,1,-1.000,0.4416667,0.9997108,416.9238,272.4998,172.0021,0.002068,0.00000
271.000,172.000,1,-1.000,0.4437500,0.9997238,416.9272,272.4234,172.0014,0.002004,0.00000
271.000,172.000,1,-1.000,0.4458333,0.9997362,416.9305,272.3466,172.0009,0.001942,0.00000
271.000,172.000,1,-1.000,0.4479167,0.9997480,416.9336,272.2697,172.0004,0.001882,0.00000
271.000,172.000,1,-1.000,0.4500000,0.9997592,416.9366,272.1928,172.0000,0.001824,0.00000
271.000,172.000,1,-1.000,0.4520833,0.9997700,416.9394,272.1163,171.9997,0.001767,0.00000
271.000,172.000,1,-1.000,0.4541667,0.9997803,416.9421,272.0403,171.9994,0.001712,0.00000
271.000,172.000,1,-1.000,0.4562500,0.9997901,416.9447,271.9649,171.9992,0.001659,0.00000
271.000,172.000,1,-1.000,0.4583333,0.9997995,416.9472,271.8903,171.9990,0.001607,0.00000
271.000,172.000,1,-1.000,0.4604167,0.9998085,416.9496,271.8168,171.9988,0.001557,0.00000
271.000,172.000,1,-1.000,0.4625000,0.9998171,416.9518,271.7444,171.9988,0.001509,0.00000
271.000,172.000,1,-1.000,0.4645833,0.9998254,416.9540,271.6735,171.9987,0.001461,0.00000
271.000,172.000,1,-1.000,0.4666667,0.9998332,416.9561,271.6039,171.9986,0.001416,0.00000
271.000,172.000,1,-1.000,0.4687500,0.9998407,416.9580,271.5358,171.9986,0.001371,0.00000
271.000,172.000,1,-1.000,0.4708333,0.9998479,416.9599,271.4696,171.9986,0.001328,0.00000
271.000,172.000,1,-1.000,0.4729167,0.9998547,416.9617,271.4052,171.9986,0.001287,0.00000
271.000,172.000,1,-1.000,0.4750000,0.9998612,416.9634,271.3426,171.9986,0.001246,0.00000
271.000,172.000,1,-1.000,0.4770833,0.9998675,416.9651,271.2820,171.9986,0.001207,0.00000
271.000,172.000,1,-1.000,0.4791667,0.9998734,416.9666,271.2236,171.9987,0.001169,0.00000
271.000,172.000,1,-1.000,0.4812500,0.9998791,416.9681,271.1672,171.9987,0.001132,0.00000
271.000,172.000,1,-1.000,0.4833333,0.9998845,416.9696,271.1131,171.9987,0.001097,0.00000
271.000,172.000,1,-1.000,0.4854167,0.9998897,416.9709,271.0612,171.9987,0.001062,0.00000
271.000,172.000,1,-1.000,0.4875000,0.9998947,416.9723,271.0115,171.9988,0.001029,0.00000
271.000,172.000,1,-1.000,0.4895833,0.9998994,416.9735,270.9642,171.9988,0.000996,0.00000
271.000,172.000,1,-1.000,0.4916667,0.9999040,416.9747,270.9196,171.9992,0.000965,0.00000
271.000,172.000,1,-1.000,0.4937500,0.9999083,416.9758,270.8782,172.0005,0.000934,0.00000
271.000,172.000,1,-1.000,0.4958333,0.9999124,416.9769,270.8405,172.0031,0.000904,0.00000
271.000,172.000,1,-1.000,0.4979167,0.9999164,416.9780,270.8066,172.0071,0.000876,0.00000
271.000,172.000,1,-1.000,0.5000000,0.9999202,416.9790,270.7767,172.0126,0.000848,0.00000
271.000,172.000,1,-1.000,0.5020834,0.9999238,416.9799,270.7505,172.0196,0.000821,0.00000
271.000,172.000,1,-1.000,0.5041667,0.9999273,416.9808,270.7279,172.0278,0.000795,0.00000
271.000,172.000,1,-1.000,0.5062500,0.9999305,416.9817,270.7086,172.0370,0.000770,0.00000
271.000,172.000,1,-1.000,0.5083333,0.9999337,416.9825,270.6926,172.0472,0.000745,0.00000
271.000,172.000,1,-1.000,0.5104167,0.9999366,416.9833,270.6794,172.0580,0.000721,0.00000
271.000,172.000,1,-1.000,0.5125000,0.9999396,416.9841,270.6689,172.0692,0.000698,0.00000
271.000,172.000,1,-1.000,0.5145833,0.9999423,416.9848,270.6608,172.0807,0.000676,0.00000
271.000,172.000,1,-1.000,0.5166667,0.9999450,416.9855,270.6550,172.0924,0.000654,0.00000
271.000,172.000,1,-1.000,0.5187500,0.9999475,416.9862,270.6512,172.1040,0.000633,0.00000
271.000,172.000,1,-1.000,0.5208333,0.9999500,416.9868,270.6493,172.1154,0.000613,0.00000
271.000,172.000,1,-1.000,0.5229167,0.9999523,416.9874,270.6490,172.1265,0.000594,0.00000
271.000,172.000,1,-1.000,0.5250000,0.9999545,416.9880,270.6502,172.1372,0.000575,0.00000
271.000,172.000,1,-1.000,0.5270833,0.9999565,416.9886,270.6528,172.1474,0.000556,0.00000
271.000,172.000,1,-1.000,0.5291666,0.9999585,416.9891,270.6566,172.1571,0.000538,0.00000
271.000,172.000,1,-1.000,0.5312500,0.9999604,416.9896,270.6615,172.1661,0.000521,0.00000
271.000,172.000,1,-1.000,0.5333334,0.9999623,416.9901,270.6674,172.1746,0.000504,0.00000
271.000,172.000,1,-1.000,0.5354167,0.9999640,416.9905,270.6743,172.1824,0.000488,0.00000
271.000,172.000,1,-1.000,0.5375000,0.9999656,416.9909,270.6821,172.1896,0.000472,0.00000
271.000,172.000,1,-1.000,0.5395833,0.9999672,416.9914,270.6906,172.1963,0.000457,0.00000
271.000,172.000,1,-1.000,0.5416667,0.9999687,416.9918,270.7001,172.2025,0.000442,0.00000
271.000,172.000,1,-1.000,0.5437500,0.9999701,416.9921,270.7103,172.2082,0.000428,0.00000
271.000,172.000,1,-1.000,0.5458333,0.9999715,416.9925,270.7213,172.2134,0.000414,0.00000
271.000,172.000,1,-1.000,0.5479167,0.9999728,416.9928,270.7330,172.2181,0.000401,0.00000
271.000,172.000,1,-1.000,0.5500000,0.9999741,416.9932,270.7452,172.2224,0.000388,0.00000
271.000,172.000,1,-1.000,0.5520833,0.9999752,416.9935,270.7581,172.2263,0.000375,0.00000
271.000,172.000,1,-1.000,0.5541667,0.9999764,416.9938,270.7714,172.2298,0.000363,0.00000
271.000,172.000,1,-1.000,0.5562500,0.9999774,416.9940,270.7851,172.2329,0.000352,0.00000
271.000,172.000,1,-1.000,0.5583333,0.9999785,416.9943,270.7993,172.2357,0.000340,0.00000
271.000,172.000,1,-1.000,0.5604166,0.9999795,416.9946,270.8139,172.2381,0.000329,0.00000
271.000,172.000,1,-1.000,0.5625000,0.9999804,416.9948,270.8288,172.2402,0.000318,0.00000
271.000,172.000,1,-1.000,0.5645834,0.9999813,416.9951,270.8439,172.2420,0.000308,0.00000
271.000,172.000,1,-1.000,0.5666667,0.9999822,416.9953,270.8593,172.2435,0.000298,0.00000
271.000,172.000,1,-1.000,0.5687500,0.9999830,416.9955,270.8747,172.2447,0.000288,0.00000
271.000,172.000,1,-1.000,0.5708333,0.9999838,416.9957,270.8904,172.2457,0.000279,0.00000
271.000,172.000,1,-1.000,0.5729167,0.9999845,416.9959,270.9060,172.2464,0.000270,0.00000
271.000,172.000,1,-1.000,0.5750000,0.9999852,416.9961,270.9218,172.2469,0.000261,0.00000
271.000,172.000,1,-1.000,0.5770833,0.9999859,416.9963,270.9374,172.2472,0.000253,0.00000
271.000,172.000,1,-1.000,0.5791667,0.9999866,416.9965,270.9530,172.2472,0.000244,0.00000
271.000,172.000,1,-1.000,0.5812500,0.9999871,416.9966,270.9684,172.2471,0.000236,0.00000
271.000,172.000,1,-1.000,0.5833333,0.9999877,416.9968,270.9839,172.2467,0.000229,0.00000
271.000,172.000,1,-1.000,0.5854167,0.9999883,416.9969,270.9990,172.2462,0.000221,0.00000
271.000,172.000,1,-1.000,0.5875000,0.9999889,416.9971,271.0139,172.2455,0.000214,0.00000
271.000,172.000,1,-1.000,0.5895833,0.9999893,416.9972,271.0288,172.2447,0.000207,0.00000
271.000,172.000,1,-1.000,0.5916666,0.9999898,416.9973,271.0432,172.2437,0.000200,0.00000
271.000,172.000,1,-1.000,0.5937500,0.9999903,416.9974,271.0573,172.2426,0.000194,0.00000
271.000,172.000,1,-1.000,0.5958334,0.9999908,416.9976,271.0712,172.2413,0.000187,0.00000
271.000,172.000,1,-1.000,0.5979167,0.9999912,416.9977,271.0846,172.2400,0.000181,0.00000
271.000,172.000,1,-1.000,0.6000000,0.9999917,416.9978,271.0977,172.2385,0.000175,0.00000
271.000,172.000,1,-1.000,0.6020833,0.9999920,416.9979,271.1103,172.2369,0.000170,0.00000
271.000,172.000,1,-1.000,0.6041667,0.9999924,416.9980,271.1226,172.2352,0.000164,0.00000
271.000,172.000,1,-1.000,0.6062500,0.9999927,416.9981,271.1343,172.2335,0.000159,0.00000
271.000,172.000,1,-1.000,0.6083333,0.9999930,416.9982,271.1457,172.2316,0.000153,0.00000
271.000,172.000,1,-1.000,0.6104167,0.9999934,416.9983,271.1566,172.2296,0.000148,0.00000
271.000,172.000,1,-1.000,0.6125000,0.9999937,416.9984,271.1670,172.2276,0.000143,0.00000
271.000,172.000,1,-1.000,0.6145833,0.9999941,416.9984,271.1769,172.2255,0.000139,0.00000
271.000,172.000,1,-1.000,0.6166667,0.9999943,416.9985,271.1863,172.2233,0.000134,0.00000
271.000,172.000,1,-1.000,0.6187500,0.9999946,416.9986,271.1951,172.2211,0.000130,0.00000
271.000,172.000,1,-1.000,0.6208333,0.9999948,416.9986,271.2036,172.2189,0.000126,0.00000
271.000,172.000,1,-1.000,0.6229166,0.9999950,416.9987,271.2114,172.2166,0.000121,0.00000
271.000,172.000,1,-1.000,0.6250000,0.9999952,416.9987,271.2187,172.2142,0.000117,0.00000
271.000,172.000,1,-1.000,0.6270834,0.9999955,416.9988,271.2255,172.2118,0.000114,0.00000
271.000,172.000,1,-1.000,0.6291667,0.9999957,416.9989,271.2319,172.2094,0.000110,0.00000
271.000,172.000,1,-1.000,0.6312500,0.9999959,416.9989,271.2376,172.2069,0.000106,0.00000
271.000,172.000,1,-1.000,0.6333333,0.9999962,416.9990,271.2429,172.2044,0.000103,0.00000
271.000,172.000,1,-1.000,0.6354167,0.9999964,416.9991,271.2476,172.2019,0.000099,0.00000
271.000,172.000,1,-1.000,0.6375000,0.9999965,416.9991,271.2519,172.1993,0.000096,0.00000
271.000,172.000,1,-1.000,0.6395833,0.9999967,416.9991,271.2557,172.1968,0.000093,0.00000
271.000,172.000,1,-1.000,0.6416667,0.9999968,416.9991,271.2589,172.1942,0.000090,0.00000
271.000,172.000,1,-1.000,0.6437500,0.9999969,416.9992,271.2617,172.1917,0.000087,0.00000
271.000,172.000,1,-1.000,0.6458333,0.9999970,416.9992,271.2640,172.1891,0.000084,0.00000
271.000,172.000,1,-1.000,0.6479167,0.9999971,416.9992,271.2658,172.1865,0.000081,0.00000
271.000,172.000,1,-1.000,0.6500000,0.9999972,416.9993,271.2672,172.1839,0.000078,0.00000
271.000,172.000,1,-1.000,0.6520833,0.9999973,416.9993,271.2681,172.1813,0.000076,0.00000
271.000,172.000,1,-1.000,0.6541666,0.9999974,416.9993,271.2687,172.1786,0.000073,0.00000
271.000,172.000,1,-1.000,0.6562500,0.9999976,416.9994,271.2689,172.1761,0.000071,0.00000
271.000,172.000,1,-1.000,0.6583334,0.9999977,416.9994,271.2686,172.1735,0.000069,0.00000
271.000,172.000,1,-1.000,0.6604167,0.9999978,416.9994,271.2679,172.1709,0.000066,0.00000
271.000,172.000,1,-1.000,0.6625000,0.9999979,416.9995,271.2668,172.1683,0.000064,0.00000
271.000,172.000,1,-1.000,0.6645833,0.9999980,416.9995,271.2655,172.1658,0.000062,0.00000
271.000,172.000,1,-1.000,0.6666667,0.9999982,416.9995,271.2638,172.1632,0.000060,0.00000
271.000,172.000,1,-1.000,0.6687500,0.9999983,416.9995,271.2617,172.1606,0.000058,0.00000
271.000,172.000,1,-1.000,0.6708333,0.9999984,416.9996,271.2594,172.1581,0.000056,0.00000
271.000,172.000,1,-1.000,0.6729167,0.9999985,416.9996,271.2568,172.1556,0.000054,0.00000
271.000,172.000,1,-1.000,0.6750000,0.9999986,416.9996,271.2538,172.1531,0.000052,0.00000
271.000,172.000,1,-1.000,0.6770833,0.9999987,416.9997,271.2507,172.1506,0.000051,0.00000
271.000,172.000,1,-1.000,0.6791667,0.9999989,416.9997,271.2472,172.1481,0.000049,0.00000
271.000,172.000,1,-1.000,0.6812500,0.9999990,416.9997,271.2436,172.1457,0.000047,0.00000
271.000,172.000,1,-1.000,0.6833333,0.9999990,416.9998,271.2397,172.1432,0.000046,0.00000
271.000,172.000,1,-1.000,0.6854166,0.9999990,416.9998,271.2356,172.1408,0.000044,0.00000
271.000,172.000,1,-1.000,0.6875000,0.9999990,416.9998,271.2314,172.1385,0.000043,0.00000
271.000,172.000,1,-1.000,0.6895834,0.9999990,416.9998,271.2271,172.1361,0.000041,0.00000
271.000,172.000,1,-1.000,0.6916667,0.9999990,416.9998,271.2225,172.1338,0.000040,0.00000
271.000,172.000,1,-1.000,0.6937500,0.9999990,416.9998,271.2178,172.1315,0.000039,0.00000
271.000,172.000,1,-1.000,0.6958333,0.9999990,416.9998,271.2130,172.1292,0.000037,0.00000
271.000,172.000,1,-1.000,0.6979167,0.9999990,416.9998,271.2081,172.1269,0.000036,0.00000
271.000,172.000,1,-1.000,0.7000000,0.9999990,416.9998,271.2031,172.1246,0.000035,0.00000
271.000,172.000,1,-1.000,0.7020833,0.9999990,416.9998,271.1981,172.1224,0.000034,0.00000
271.000,172.000,1,-1.000,0.7041667,0.9999990,416.9998,271.1930,172.1202,0.000033,0.00000
271.000,172.000,1,-1.000,0.7062500,0.9999990,416.9998,271.1877,172.1180,0.000031,0.00000
271.000,172.000,1,-1.000,0.7083333,0.9999990,416.9998,271.1826,172.1159,0.000030,0.00000
271.000,172.000,1,-1.000,0.7104167,0.9999990,416.9998,271.1773,172.1138,0.000029,0.00000
271.000,172.000,1,-1.000,0.7125000,0.9999990,416.9998,271.1721,172.1117,0.000028,0.00000
271.000,172.000,1,-1.000,0.7145833,0.9999990,416.9998,271.1668,172.1097,0.000027,0.00000
271.000,172.000,1,-1.000,0.7166666,0.9999990,416.9998,271.1616,172.1076,0.000026,0.00000
271.000,172.000,1,-1.000,0.7187500,0.9999990,416.9998,271.1564,172.1057,0.000026,0.00000
271.000,172.000,1,-1.000,0.7208334,0.9999990,416.9998,271.1511,172.1036,0.000025,0.00000
271.000,172.000,1,-1.000,0.7229167,0.9999990,416.9998,271.1460,172.1017,0.000024,0.00000
271.000,172.000,1,-1.000,0.7250000,0.9999990,416.9998,271.1409,172.0998,0.000023,0.00000
271.000,172.000,1,-1.000,0.7270833,0.9999990,416.9998,271.1357,172.0979,0.000022,0.00000
271.000,172.000,1,-1.000,0.7291667,0.9999990,416.9998,271.1308,172.0960,0.000022,0.00000
271.000,172.000,1,-1.000,0.7312500,0.9999990,416.9998,271.1259,172.0942,0.000021,0.00000
271.000,172.000,1,-1.000,0.7333333,0.9999990,416.9998,271.1210,172.0923,0.000020,0.00000
271.000,172.000,1,-1.000,0.7354167,0.9999990,416.9998,271.1162,172.0906,0.000019,0.00000
271.000,172.000,1,-1.000,0.7375000,0.9999990,416.9998,271.1116,172.0888,0.000019,0.00000
271.000,172.000,1,-1.000,0.7395833,0.9999990,416.9998,271.1069,172.0871,0.000018,0.00000
271.000,172.000,1,-1.000,0.7416667,0.9999990,416.9998,271.1024,172.0854,0.000018,0.00000
271.000,172.000,1,-1.000,0.7437500,0.9999990,416.9998,271.0981,172.0837,0.000017,0.00000
271.000,172.000,1,-1.000,0.7458333,0.9999990,416.9998,271.0938,172.0820,0.000016,0.00000
271.000,172.000,1,-1.000,0.7479166,0.9999990,416.9998,271.0896,172.0804,0.000016,0.00000
271.000,172.000,1,-1.000,0.7500000,0.9999990,416.9998,271.0856,172.0788,0.000015,0.00000
271.000,172.000,1,-1.000,0.7520834,0.9999990,416.9998,271.0817,172.0772,0.000015,0.00000
271.000,172.000,1,-1.000,0.7541667,0.9999990,416.9998,271.0779,172.0757,0.000014,0.00000
271.000,172.000,1,-1.000,0.7562500,0.9999990,416.9998,271.0741,172.0742,0.000014,0.00000
271.000,172.000,1,-1.000,0.7583333,0.9999990,416.9998,271.0706,172.0727,0.000013,0.00000
271.000,172.000,1,-1.000,0.7604167,0.9999990,416.9998,271.0671,172.0712,0.000013,0.00000
271.000,172.000,1,-1.000,0.7625000,0.9999990,416.9998,271.0637,172.0698,0.000012,0.00000
271.000,172.000,1,-1.000,0.7645833,0.9999990,416.9998,271.0605,172.0684,0.000012,0.00000
271.000,172.000,1,-1.000,0.7666667,0.9999990,416.9998,271.0575,172.0670,0.000012,0.00000
271.000,172.000,1,-1.000,0.7687500,0.9999990,416.9998,271.0545,172.0656,0.000011,0.00000
271.000,172.000,1,-1.000,0.7708333,0.9999990,416.9998,271.0516,172.0642,0.000011,0.00000
271.000,172.000,1,-1.000,0.7729167,0.9999990,416.9998,271.0490,172.0629,0.000011,0.00000
271.000,172.000,1,-1.000,0.7750000,0.9999990,416.9998,271.0464,172.0616,0.000010,0.00000
271.000,172.000,1,-1.000,0.7770833,0.9999990,416.9998,271.0439,172.0603,0.000010,0.00000
271.000,172.000,1,-1.000,0.7791666,0.9999990,416.9998,271.0415,172.0591,0.000009,0.00000
271.000,172.000,1,-1.000,0.7812500,0.9999990,416.9998,271.0393,172.0578,0.000009,0.00000
271.000,172.000,1,-1.000,0.7833334,0.9999990,416.9998,271.0371,172.0566,0.000009,0.00000
271.000,172.000,1,-1.000,0.7854167,0.9999990,416.9998,271.0352,172.0554,0.000009,0.00000
271.000,172.000,1,-1.000,0.7875000,0.9999990,416.9998,271.0332,172.0543,0.000008,0.00000
271.000,172.000,1,-1.000,0.7895833,0.9999990,416.9998,271.0315,172.0531,0.000008,0.00000
271.000,172.000,1,-1.000,0.7916667,0.9999990,416.9998,271.0298,172.0520,0.000008,0.00000
271.000,172.000,1,-1.000,0.7937500,0.9999990,416.9998,271.0282,172.0509,0.000007,0.00000
271.000,172.000,1,-1.000,0.7958333,0.9999990,416.9998,271.0267,172.0498,0.000007,0.00000
271.000,172.000,1,-1.000,0.7979167,0.9999990,416.9998,271.0254,172.0487,0.000007,0.00000
271.000,172.000,1,-1.000,0.8000000,0.9999990,416.9998,271.0242,172.0477,0.000007,0.00000
271.000,172.000,1,-1.000,0.8020833,0.9999990,416.9998,271.0229,172.0467,0.000006,0.00000
271.000,172.000,1,-1.000,0.8041667,0.9999990,416.9998,271.0219,172.0457,0.000006,0.00000
271.000,172.000,1,-1.000,0.8062500,0.9999990,416.9998,271.0208,172.0447,0.000006,0.00000
271.000,172.000,1,-1.000,0.8083333,0.9999990,416.9998,271.0199,172.0437,0.000006,0.00000
271.000,172.000,1,-1.000,0.8104166,0.9999990,416.9998,271.0190,172.0428,0.000006,0.00000
271.000,172.000,1,-1.000,0.8125000,0.9999990,416.9998,271.0183,172.0419,0.000005,0.00000
271.000,172.000,1,-1.000,0.8145834,0.9999990,416.9998,271.0176,172.0410,0.000005,0.00000
271.000,172.000,1,-1.000,0.8166667,0.9999990,416.9998,271.0169,172.0401,0.000005,0.00000
271.000,172.000,1,-1.000,0.8187500,0.9999990,416.9998,271.0164,172.0392,0.000005,0.00000
271.000,172.000,1,-1.000,0.8208333,0.9999990,416.9998,271.0158,172.0383,0.000005,0.00000
271.000,172.000,1,-1.000,0.8229167,0.9999990,416.9998,271.0154,172.0375,0.000005,0.00000
271.000,172.000,1,-1.000,0.8250000,0.9999990,416.9998,271.0150,172.0367,0.000004,0.00000
271.000,172.000,1,-1.000,0.8270833,0.9999990,416.9998,271.0146,172.0359,0.000004,0.00000
271.000,172.000,1,-1.000,0.8291667,0.9999990,416.9998,271.0143,172.0351,0.000004,0.00000
271.000,172.000,1,-1.000,0.8312500,0.9999990,416.9998,271.0140,172.0343,0.000004,0.00000
271.000,172.000,1,-1.000,0.8333333,0.9999990,416.9998,271.0138,172.0335,0.000004,0.00000
271.000,172.000,1,-1.000,0.8354167,0.9999990,416.9998,271.0137,172.0328,0.000004,0.00000
271.000,172.000,1,-1.000,0.8375000,0.9999990,416.9998,271.0135,172.0321,0.000004,0.00000
271.000,172.000,1,-1.000,0.8395833,0.9999990,416.9998,271.0134,172.0314,0.000003,0.00000
271.000,172.000,1,-1.000,0.8416666,0.9999990,416.9998,271.0133,172.0307,0.000003,0.00000
271.000,172.000,1,-1.000,0.8437500,0.9999990,416.9998,271.0132,172.0300,0.000003,0.00000
271.000,172.000,1,-1.000,0.8458334,0.9999990,416.9998,271.0132,172.0293,0.000003,0.00000
271.000,172.000,1,-1.000,0.8479167,0.9999990,416.9998,271.0132,172.0287,0.000003,0.00000
271.000,172.000,1,-1.000,0.8500000,0.9999990,416.9998,271.0132,172.0280,0.000003,0.00000
271.000,172.000,1,-1.000,0.8520833,0.9999990,416.9998,271.0133,172.0274,0.000003,0.00000
271.000,172.000,1,-1.000,0.8541667,0.9999990,416.9998,271.0133,172.0268,0.000003,0.00000
271.000,172.000,1,-1.000,0.8562500,0.9999990,416.9998,271.0134,172.0262,0.000003,0.00000
271.000,172.000,1,-1.000,0.8583333,0.9999990,416.9998,271.0134,172.0256,0.000003,0.00000
271.000,172.000,1,-1.000,0.8604167,0.9999990,416.9998,271.0135,172.0250,0.000002,0.00000
271.000,172.000,1,-1.000,0.8625000,0.9999990,416.9998,271.0136,172.0244,0.000002,0.00000
271.000,172.000,1,-1.000,0.8645833,0.9999990,416.9998,271.0137,172.0239,0.000002,0.00000
271.000,172.000,1,-1.000,0.8666667,0.9999990,416.9998,271.0138,172.0233,0.000002,0.00000
271.000,172.000,1,-1.000,0.8687500,0.9999990,416.9998,271.0139,172.0228,0.000002,0.00000
271.000,172.000,1,-1.000,0.8708333,0.9999990,416.9998,271.0139,172.0223,0.000002,0.00000
271.000,172.000,1,-1.000,0.8729166,0.9999990,416.9998,271.0140,172.0218,0.000002,0.00000
271.000,172.000,1,-1.000,0.8750000,0.9999990,416.9998,271.0142,172.0213,0.000002,0.00000
271.000,172.000,1,-1.000,0.8770834,0.9999990,416.9998,271.0142,172.0208,0.000002,0.00000
271.000,172.000,1,-1.000,0.8791667,0.9999990,416.9998,271.0143,172.0203,0.000002,0.00000
271.000,172.000,1,-1.000,0.8812500,0.9999990,416.9998,271.0144,172.0198,0.000002,0.00000
271.000,172.000,1,-1.000,0.8833333,0.9999990,416.9998,271.0144,172.0194,0.000002,0.00000
271.000,172.000,1,-1.000,0.8854167,0.9999990,416.9998,271.0145,172.0190,0.000002,0.00000
271.000,172.000,1,-1.000,0.8875000,0.9999990,416.9998,271.0145,172.0185,0.000002,0.00000
271.000,172.000,1,-1.000,0.8895833,0.9999990,416.9998,271.0146,172.0181,0.000002,0.00000
271.000,172.000,1,-1.000,0.8916667,0.9999990,416.9998,271.0146,172.0177,0.000001,0.00000
271.000,172.000,1,-1.000,0.8937500,0.9999990,416.9998,271.0146,172.0173,0.000001,0.00000
271.000,172.000,1,-1.000,0.8958333,0.9999990,416.9998,271.0146,172.0169,0.000001,0.00000
271.000,172.000,1,-1.000,0.8979167,0.9999990,416.9998,271.0146,172.0165,0.000001,0.00000
271.000,172.000,1,-1.000,0.9000000,0.9999990,416.9998,271.0146,172.0161,0.000001,0.00000
271.000,172.000,1,-1.000,0.9020833,0.9999990,416.9998,271.0146,172.0157,0.000001,0.00000
271.000,172.000,1,-1.000,0.9041666,0.9999990,416.9998,271.0145,172.0154,0.000001,0.00000
271.000,172.000,1,-1.000,0.9062500,0.9999990,416.9998,271.0145,172.0150,0.000001,0.00000
271.000,172.000,1,-1.000,0.9083334,0.9999990,416.9998,271.0144,172.0146,0.000001,0.00000
271.000,172.000,1,-1.000,0.9104167,0.9999990,416.9998,271.0144,172.0143,0.000001,0.00000
271.000,172.000,1,-1.000,0.9125000,0.9999990,416.9998,271.0143,172.0140,0.000001,0.00000
271.000,172.000,1,-1.000,0.9145833,0.9999990,416.9998,271.0142,172.0136,0.000001,0.00000
271.000,172.000,1,-1.000,0.9166667,0.9999990,416.9998,271.0140,172.0133,0.000001,0.00000
271.000,172.000,1,-1.000,0.9187500,0.9999990,416.9998,271.0139,172.0130,0.000001,0.00000
271.000,172.000,1,-1.000,0.9208333,0.9999990,416.9998,271.0138,172.0127,0.000001,0.00000
271.000,172.000,1,-1.000,0.9229167,0.9999990,416.9998,271.0136,172.0124,0.000001,0.00000
271.000,172.000,1,-1.000,0.9250000,0.9999990,416.9998,271.0135,172.0121,0.000001,0.00000
271.000,172.000,1,-1.000,0.9270833,0.9999990,416.9998,271.0133,172.0118,0.000001,0.00000
271.000,172.000,1,-1.000,0.9291667,0.9999990,416.9998,271.0132,172.0115,0.000001,0.00000
271.000,172.000,1,-1.000,0.9312500,0.9999990,416.9998,271.0129,172.0113,0.000001,0.00000
271.000,172.000,1,-1.000,0.9333333,0.9999990,416.9998,271.0127,172.0110,0.000001,0.00000
271.000,172.000,1,-1.000,0.9354166,0.9999990,416.9998,271.0125,172.0107,0.000001,0.00000
271.000,172.000,1,-1.000,0.9375000,0.9999990,416.9998,271.0122,172.0105,0.000001,0.00000
271.000,172.000,1,-1.000,0.9395834,0.9999990,416.9998,271.0121,172.0103,0.000001,0.00000
271.000,172.000,1,-1.000,0.9416667,0.9999990,416.9998,271.0118,172.0100,0.000001,0.00000
271.000,172.000,1,-1.000,0.9437500,0.9999990,416.9998,271.0116,172.0098,0.000001,0.00000
271.000,172.000,1,-1.000,0.9458333,0.9999990,416.9998,271.0114,172.0095,0.000001,0.00000
271.000,172.000,1,-1.000,0.9479167,0.9999990,416.9998,271.0111,172.0093,0.000001,0.00000
271.000,172.000,1,-1.000,0.9500000,0.9999990,416.9998,271.0108,172.0091,0.000001,0.00000
271.000,172.000,1,-1.000,0.9520833,0.9999990,416.9998,271.0105,172.0089,0.000001,0.00000
271.000,172.000,1,-1.000,0.9541667,0.9999990,416.9998,271.0103,172.0087,0.000001,0.00000
271.000,172.000,1,-1.000,0.9562500,0.9999990,416.9998,271.0100,172.0085,0.000000,0.00000
271.000,172.000,1,-1.000,0.9583333,0.9999990,416.9998,271.0097,172.0082,0.000000,0.00000
271.000,172.000,1,-1.000,0.9604167,0.9999990,416.9998,271.0094,172.0081,0.000000,0.00000
271.000,172.000,1,-1.000,0.9625000,0.9999990,416.9998,271.0092,172.0079,0.000000,0.00000
271.000,172.000,1,-1.000,0.9645833,0.9999990,416.9998,271.0088,172.0077,0.000000,0.00000
271.000,172.000,1,-1.000,0.9666666,0.9999990,416.9998,271.0085,172.0075,0.000000,0.00000
271.000,172.000,1,-1.000,0.9687500,0.9999990,416.9998,271.0083,172.0073,0.000000,0.00000
271.000,172.000,1,-1.000,0.9708334,0.9999990,416.9998,271.0079,172.0071,0.000000,0.00000
271.000,172.000,1,-1.000,0.9729167,0.9999990,416.9998,271.0077,172.0070,0.000000,0.00000
271.000,172.000,1,-1.000,0.9750000,0.9999990,416.9998,271.0074,172.0068,0.000000,0.00000
271.000,172.000,1,-1.000,0.9770833,0.9999990,416.9998,271.0071,172.0066,0.000000,0.00000
271.000,172.000,1,-1.000,0.9791667,0.9999990,416.9998,271.0068,172.0065,0.000000,0.00000
271.000,172.000,1,-1.000,0.9812500,0.9999990,416.9998,271.0066,172.0063,0.000000,0.00000
271.000,172.000,1,-1.000,0.9833333,0.9999990,416.9998,271.0062,172.0062,0.000000,0.00000
271.000,172.000,1,-1.000,0.9854167,0.9999990,416.9998,271.0060,172.0060,0.000000,0.00000
271.000,172.000,1,-1.000,0.9875000,0.9999990,416.9998,271.0056,172.0059,0.000000,0.00000
271.000,172.000,1,-1.000,0.9895833,0.9999990,416.9998,271.0054,172.0057,0.000000,0.00000
271.000,172.000,1,-1.000,0.9916667,0.9999990,416.9998,271.0051,172.0056,0.000000,0.00000
271.000,172.000,1,-1.000,0.9937500,0.9999990,416.9998,271.0049,172.0054,0.000000,0.00000
271.000,172.000,1,-1.000,0.9958333,0.9999990,416.9998,271.0045,172.0053,0.000000,0.00000
271.000,172.000,1,-1.000,0.9979166,0.9999990,416.9998,271.0044,172.0052,0.000000,0.00000
271.000,172.000,1,-1.000,1.0000000,0.9999990,416.9998,271.0040,172.0051,0.000000,0.00000
271.000,172.000,2,-1.000,0.0000000,0.0000000,153.5000,270.9974,172.0000,0.000000,0.00000
271.000,172.000,2,-1.000,0.0020833,0.0012092,154.1373,270.9974,172.0000,0.000000,0.00000
271.000,172.000,2,-1.000,0.0041667,0.0046790,155.9658,271.0133,172.0023,0.000023,0.00000
271.000,172.000,2,-1.000,0.0062500,0.0101859,158.8680,271.0944,172.0137,0.000140,0.00000
271.000,172.000,2,-1.000,0.0083333,0.0175232,162.7347,271.3082,172.0427,0.000444,0.00000
271.000,172.000,2,-1.000,0.0104167,0.0264991,167.4650,271.7163,172.0962,0.001014,0.00000
271.000,172.000,2,-1.000,0.0125000,0.0369364,172.9655,272.3646,172.1780,0.001904,0.00000
271.000,172.000,2,-1.000,0.0145833,0.0486712,179.1497,273.2833,172.2894,0.003140,0.00000
271.000,172.000,2,-1.000,0.0166667,0.0615519,185.9379,274.4901,172.4297,0.004733,0.00000
271.000,172.000,2,-1.000,0.0187500,0.0754392,193.2565,275.9923,172.5971,0.006675,0.00000
271.000,172.000,2,-1.000,0.0208333,0.0902041,201.0375,277.7899,172.7888,0.008951,0.00000
271.000,172.000,2,-1.000,0.0229167,0.1057278,209.2186,279.8777,173.0018,0.011540,0.00000
271.000,172.000,2,-1.000,0.0250000,0.1219015,217.7421,282.2461,173.2328,0.014414,0.00000
271.000,172.000,2,-1.000,0.0270833,0.1386245,226.5551,284.8826,173.4786,0.017546,0.00000
271.000,172.000,2,-1.000,0.0291667,0.1558050,235.6093,287.7727,173.7361,0.020907,0.00000
271.000,172.000,2,-1.000,0.0312500,0.1733586,244.8600,290.9001,174.0021,0.024467,0.00000
271.000,172.000,2,-1.000,0.0333333,0.1912079,254.2666,294.2477,174.2740,0.028198,0.00000
271.000,172.000,2,-1.000,0.0354167,0.2092824,263.7918,297.7974,174.5494,0.032071,0.00000
271.000,172.000,2,-1.000,0.0375000,0.2275176,273.4018,301.5306,174.8258,0.036060,0.00000
271.000,172.000,2,-1.000,0.0395833,0.2458550,283.0656,305.4286,175.1013,0.040140,0.00000
271.000,172.000,2,-1.000,0.0416667,0.2642411,292.7551,309.4724,175.3741,0.044287,0.00000
271.000,172.000,2,-1.000,0.0437500,0.2826276,302.4447,313.6431,175.6426,0.048479,0.00000
271.000,172.000,2,-1.000,0.0458333,0.3009707,312.1115,317.9221,175.9055,0.052694,0.00000
271.000,172.000,2,-1.000,0.0479167,0.3192309,321.7347,322.2905,176.1615,0.056915,0.00000
271.000,172.000,2,-1.000,0.0500000,0.3373726,331.2954,326.7303,176.4097,0.061124,0.00000
271.000,172.000,2,-1.000,0.0520833,0.3553641,340.7769,331.2235,176.6492,0.065303,0.00000
271.000,172.000,2,-1.000,0.0541667,0.3731768,350.1642,335.7526,176.8793,0.069439,0.00000
271.000,172.000,2,-1.000,0.0562500,0.3907853,359.4438,340.3004,177.0995,0.073518,0.00000
271.000,172.000,2,-1.000,0.0583333,0.4081672,368.6041,344.8504,177.3092,0.077527,0.00000
271.000,172.000,2,-1.000,0.0604167,0.4253026,377.6345,349.3865,177.5082,0.081456,0.00000
271.000,172.000,2,-1.000,0.0625000,0.4421744,386.5259,353.8930,177.6961,0.085294,0.00000
271.000,172.000,2,-1.000,0.0645833,0.4587674,395.2704,358.3551,177.8729,0.089032,0.00000
271.000,172.000,2,-1.000,0.0666667,0.4750689,403.8613,362.7582,178.0382,0.092663,0.00000
271.000,172.000,2,-1.000,0.0687500,0.4910676,412.2926,367.0885,178.1922,0.096178,0.00000
271.000,172.000,2,-1.000,0.0708333,0.5067543,420.5595,371.3327,178.3347,0.099571,0.00000
271.000,172.000,2,-1.000,0.0729167,0.5221214,428.6580,375.4782,178.4659,0.102837,0.00000
271.000,172.000,2,-1.000,0.0750000,0.5371629,436.5848,379.5127,178.5858,0.105970,0.00000
271.000,172.000,2,-1.000,0.0770833,0.5518739,444.3375,383.4250,178.6944,0.108967,0.00000
271.000,172.000,2,-1.000,0.0791667,0.5662508,451.9142,387.2043,178.7920,0.111822,0.00000
271.000,172.000,2,-1.000,0.0812500,0.5802913,459.3135,390.8405,178.8786,0.114533,0.00000
271.000,172.000,2,-1.000,0.0833333,0.5939940,466.5349,394.3236,178.9544,0.117096,0.00000
271.000,172.000,2,-1.000,0.0854167,0.6073584,473.5779,397.6451,179.0197,0.119510,0.00000
271.000,172.000,2,-1.000,0.0875000,0.6203849,480.4429,400.7966,179.0745,0.121773,0.00000
271.000,172.000,2,-1.000,0.0895833,0.6330748,487.1304,403.7705,179.1191,0.123882,0.00000
271.000,172.000,2,-1.000,0.0916667,0.6454297,493.6415,406.5597,179.1537,0.125837,0.00000
271.000,172.000,2,-1.000,0.0937500,0.6574524,499.9774,409.1578,179.1786,0.127636,0.00000
271.000,172.000,2,-1.000,0.0958333,0.6691457,506.1398,411.5593,179.1939,0.129279,0.00000
271.000,172.000,2,-1.000,0.0979167,0.6805131,512.1304,413.7587,179.1999,0.130767,0.00000
271.000,172.000,2,-1.000,0.1000000,0.6915588,517.9515,415.7518,179.1968,0.132098,0.00000
271.000,172.000,2,-1.000,0.1020833,0.7022870,523.6052,417.5347,179.1848,0.133305,0.00000
271.000,172.000,2,-1.000,0.1041667,0.7127023,529.0941,419.1042,179.1643,0.134418,0.00000
271.000,172.000,2,-1.000,0.1062500,0.7228099,534.4208,420.4577,179.1354,0.135438,0.00000
271.000,172.000,2,-1.000,0.1083333,0.7326149,539.5881,421.5931,179.0985,0.136366,0.00000
271.000,172.000,2,-1.000,0.1104167,0.7421229,544.5988,422.5094,179.0538,0.137200,0.00000
271.000,172.000,2,-1.000,0.1125000,0.7513394,549.4559,423.2055,179.0015,0.137943,0.00000
271.000,172.000,2,-1.000,0.1145833,0.7602704,554.1625,423.6815,178.9419,0.138593,0.00000
271.000,172.000,2,-1.000,0.1166667,0.7689216,558.7217,423.9380,178.8754,0.139152,0.00000
271.000,172.000,2,-1.000,0.1187500,0.7772992,563.1367,423.9757,178.8022,0.139621,0.00000
271.000,172.000,2,-1.000,0.1208333,0.7854092,567.4106,423.7968,178.7226,0.139999,0.00000
271.000,172.000,2,-1.000,0.1229167,0.7932580,571.5469,423.4032,178.6370,0.140288,0.00000
271.000,172.000,2,-1.000,0.1250000,0.8008515,575.5488,422.7977,178.5455,0.140489,0.00000
271.000,172.000,2,-1.000,0.1270833,0.8081961,579.4194,421.9840,178.4487,0.140603,0.00000
271.000,172.000,2,-1.000,0.1291667,0.8152981,583.1621,420.9658,178.3468,0.140630,0.00000
271.000,172.000,2,-1.000,0.1312500,0.8221635,586.7802,419.7476,178.2401,0.140572,0.00000
271.000,172.000,2,-1.000,0.1333333,0.8287986,590.2769,418.3342,178.1290,0.140431,0.00000
271.000,172.000,2,-1.000,0.1354167,0.8352095,593.6554,416.7313,178.0138,0.140207,0.00000
271.000,172.000,2,-1.000,0.1375000,0.8414023,596.9190,414.9446,177.8948,0.139903,0.00000
271.000,172.000,2,-1.000,0.1395833,0.8473829,600.0708,412.9805,177.7725,0.139519,0.00000
271.000,172.000,2,-1.000,0.1416667,0.8531575,603.1140,410.8456,177.6472,0.139058,0.00000
271.000,172.000,2,-1.000,0.1437500,0.8587319,606.0517,408.5472,177.5192,0.138522,0.00000
271.000,172.000,2,-1.000,0.1458333,0.8641118,608.8869,406.0927,177.3888,0.137912,0.00000
271.000,172.000,2,-1.000,0.1479167,0.8693029,611.6226,403.4896,177.2565,0.137230,0.00000
271.000,172.000,2,-1.000,0.1500000,0.8743109,614.2618,400.7463,177.1225,0.136480,0.00000
271.000,172.000,2,-1.000,0.1520833,0.8791412,616.8074,397.8711,176.9873,0.135662,0.00000
271.000,172.000,2,-1.000,0.1541667,0.8837994,619.2623,394.8726,176.8511,0.134779,0.00000
271.000,172.000,2,-1.000,0.1562500,0.8882906,621.6292,391.7592,176.7142,0.133835,0.00000
271.000,172.000,2,-1.000,0.1583333,0.8926201,623.9108,388.5400,176.5770,0.132830,0.00000
271.000,172.000,2,-1.000,0.1604167,0.8967931,626.1100,385.2241,176.4398,0.131767,0.00000
271.000,172.000,2,-1.000,0.1625000,0.9008145,628.2292,381.8206,176.3029,0.130650,0.00000
271.000,172.000,2,-1.000,0.1645833,0.9046891,630.2712,378.3384,176.1665,0.129481,0.00000
271.000,172.000,2,-1.000,0.1666667,0.9084217,632.2382,374.7869,176.0309,0.128261,0.00000
271.000,172.000,2,-1.000,0.1687500,0.9120168,634.1329,371.1752,175.8964,0.126995,0.00000
271.000,172.000,2,-1.000,0.1708333,0.9154792,635.9575,367.5124,175.7631,0.125684,0.00000
271.000,172.000,2,-1.000,0.1729167,0.9188130,637.7145,363.8076,175.6314,0.124331,0.00000
271.000,172.000,2,-1.000,0.1750000,0.9220228,639.4060,360.0696,175.5015,0.122940,0.00000
271.000,172.000,2,-1.000,0.1770833,0.9251125,641.0343,356.3075,175.3734,0.121511,0.00000
271.000,172.000,2,-1.000,0.1791667,0.9280865,642.6016,352.5297,175.2474,0.120048,0.00000
271.000,172.000,2,-1.000,0.1812500,0.9309484,644.1098,348.7445,175.1237,0.118555,0.00000
271.000,172.000,2,-1.000,0.1833333,0.9337022,645.5610,344.9607,175.0024,0.117032,0.00000
271.000,172.000,2,-1.000,0.1854167,0.9363515,646.9573,341.1858,174.8836,0.115482,0.00000
271.000,172.000,2,-1.000,0.1875000,0.9389002,648.3004,337.4279,174.7675,0.113909,0.00000
271.000,172.000,2,-1.000,0.1895833,0.9413517,649.5923,333.6945,174.6540,0.112315,0.00000
271.000,172.000,2,-1.000,0.1916667,0.9437094,650.8348,329.9926,174.5434,0.110701,0.00000
271.000,172.000,2,-1.000,0.1937500,0.9459766,652.0297,326.3295,174.4357,0.109070,0.00000
271.000,172.000,2,-1.000,0.1958333,0.9481566,653.1785,322.7115,174.3309,0.107425,0.00000
271.000,172.000,2,-1.000,0.1979167,0.9502524,654.2830,319.1451,174.2292,0.105767,0.00000
271.000,172.000,2,-1.000,0.2000000,0.9522672,655.3448,315.6363,174.1304,0.104099,0.00000
271.000,172.000,2,-1.000,0.2020833,0.9542037,656.3654,312.1907,174.0347,0.102423,0.00000
271.000,172.000,2,-1.000,0.2041667,0.9560649,657.3462,308.8135,173.9420,0.100740,0.00000
271.000,172.000,2,-1.000,0.2062500,0.9578534,658.2888,305.5098,173.8524,0.099053,0.00000
271.000,172.000,2,-1.000,0.2083333,0.9595720,659.1945,302.2841,173.7658,0.097364,0.00000
271.000,172.000,2,-1.000,0.2104167,0.9612232,660.0646,299.1407,173.6823,0.095673,0.00000
271.000,172.000,2,-1.000,0.2125000,0.9628096,660.9006,296.0834,173.6017,0.093984,0.00000
271.000,172.000,2,-1.000,0.2145833,0.9643334,661.7037,293.1158,173.5242,0.092297,0.00000
271.000,172.000,2,-1.000,0.2166667,0.9657970,662.4750,290.2411,173.4495,0.090614,0.00000
271.000,172.000,2,-1.000,0.2187500,0.9672027,663.2158,287.4620,173.3777,0.088936,0.00000
271.000,172.000,2,-1.000,0.2208333,0.9685526,663.9272,284.7811,173.3088,0.087265,0.00000
271.000,172.000,2,-1.000,0.2229167,0.9698490,664.6104,282.2007,173.2427,0.085602,0.00000
271.000,172.000,2,-1.000,0.2250000,0.9710937,665.2664,279.7222,173.1793,0.083949,0.00000
271.000,172.000,2,-1.000,0.2270833,0.9722887,665.8961,277.3474,173.1185,0.082306,0.00000
271.000,172.000,2,-1.000,0.2291667,0.9734358,666.5007,275.0774,173.0603,0.080674,0.00000
271.000,172.000,2,-1.000,0.2312500,0.9745370,667.0810,272.9130,173.0046,0.079056,0.00000
271.000,172.000,2,-1.000,0.2333333,0.9755939,667.6380,270.8547,172.9515,0.077451,0.00000
271.000,172.000,2,-1.000,0.2354167,0.9766083,668.1726,268.9053,172.9029,0.075860,0.00000
271.000,172.000,2,-1.000,0.2375000,0.9775819,668.6857,267.0841,172.8786,0.074285,0.00000
271.000,172.000,2,-1.000,0.2395833,0.9785161,669.1780,265.4163,172.9036,0.072726,0.00000
271.000,172.000,2,-1.000,0.2416667,0.9794125,669.6504,263.9135,172.9903,0.071183,0.00000
271.000,172.000,2,-1.000,0.2437500,0.9802725,670.1036,262.5792,173.1428,0.069659,0.00000
271.000,172.000,2,-1.000,0.2458333,0.9810978,670.5385,261.4110,173.3596,0.068152,0.00000
271.000,172.000,2,-1.000,0.2479167,0.9818894,670.9557,260.4027,173.6355,0.066664,0.00000
271.000,172.000,2,-1.000,0.2500000,0.9826487,671.3558,259.5455,173.9634,0.065195,0.00000
271.000,172.000,2,-1.000,0.2520833,0.9833770,671.7397,258.8297,174.3349,0.063746,0.00000
271.000,172.000,2,-1.000,0.2541667,0.9840756,672.1078,258.2448,174.7415,0.062317,0.00000
271.000,172.000,2,-1.000,0.2562500,0.9847456,672.4609,257.7800,175.1743,0.060908,0.00000
271.000,172.000,2,-1.000,0.2583333,0.9853882,672.7996,257.4254,175.6254,0.059520,0.00000
271.000,172.000,2,-1.000,0.2604167,0.9860043,673.1243,257.1709,176.0868,0.058152,0.00000
271.000,172.000,2,-1.000,0.2625000,0.9865951,673.4356,257.0070,176.5516,0.056806,0.00000
271.000,172.000,2,-1.000,0.2645833,0.9871615,673.7341,256.9249,177.0137,0.055482,0.00000
271.000,172.000,2,-1.000,0.2666667,0.9877046,674.0203,256.9166,177.4674,0.054179,0.00000
271.000,172.000,2,-1.000,0.2687500,0.9882252,674.2947,256.9747,177.9079,0.052897,0.00000
271.000,172.000,2,-1.000,0.2708333,0.9887242,674.5577,257.0919,178.3311,0.051638,0.00000
271.000,172.000,2,-1.000,0.2729167,0.9892027,674.8098,257.2622,178.7334,0.050400,0.00000
271.000,172.000,2,-1.000,0.2750000,0.9896613,675.0515,257.4795,179.1121,0.049184,0.00000
271.000,172.000,2,-1.000,0.2770833,0.9901009,675.2831,257.7386,179.4648,0.047990,0.00000
271.000,172.000,2,-1.000,0.2791667,0.9905221,675.5051,258.0347,179.7896,0.046818,0.00000
271.000,172.000,2,-1.000,0.2812500,0.9909258,675.7179,258.2849,180.0070,0.045668,0.00352
271.000,172.000,2,-1.000,0.2833333,0.9913126,675.9218,258.3733,180.0040,0.044539,0.00198
271.000,172.000,2,-1.000,0.2854167,0.9916834,676.1171,258.5199,180.0037,0.043432,0.00183
271.000,172.000,2,-1.000,0.2875000,0.9920385,676.3043,258.7190,180.0035,0.042347,0.00175
271.000,172.000,2,-1.000,0.2895833,0.9923790,676.4837,258.9672,180.0033,0.041283,0.00163
271.000,172.000,2,-1.000,0.2916667,0.9927051,676.6556,259.2616,180.0031,0.040240,0.00159
271.000,172.000,2,-1.000,0.2937500,0.9930174,676.8202,259.5989,180.0028,0.039219,0.00142
271.000,172.000,2,-1.000,0.2958333,0.9933167,676.9779,259.9763,180.0026,0.038219,0.00133
271.000,172.000,2,-1.000,0.2979167,0.9936035,677.1290,260.3904,180.0022,0.037239,0.00114
271.000,172.000,2,-1.000,0.3000000,0.9938781,677.2737,260.8385,180.0019,0.036280,0.00098
271.000,172.000,2,-1.000,0.3020833,0.9941411,677.4124,261.3176,180.0015,0.035341,0.00075
271.000,172.000,2,-1.000,0.3041667,0.9943931,677.5452,261.8248,180.0011,0.034423,0.00055
271.000,172.000,2,-1.000,0.3062500,0.9946344,677.6724,262.3573,180.0006,0.033524,0.00031
271.000,172.000,2,-1.000,0.3083333,0.9948657,677.7942,262.9124,180.0001,0.032645,0.00008
271.000,172.000,2,-1.000,0.3104167,0.9950870,677.9108,263.4813,179.9936,0.031786,0.00000
271.000,172.000,2,-1.000,0.3125000,0.9952989,678.0225,264.0533,179.9728,0.030946,0.00000
271.000,172.000,2,-1.000,0.3145833,0.9955019,678.1295,264.6205,179.9326,0.030124,0.00000
271.000,172.000,2,-1.000,0.3166667,0.9956962,678.2319,265.1777,179.8701,0.029322,0.00000
271.000,172.000,2,-1.000,0.3187500,0.9958824,678.3300,265.7212,179.7841,0.028538,0.00000
271.000,172.000,2,-1.000,0.3208333,0.9960605,678.4239,266.2488,179.6744,0.027772,0.00000
271.000,172.000,2,-1.000,0.3229167,0.9962311,678.5138,266.7588,179.5417,0.027023,0.00000
271.000,172.000,2,-1.000,0.3250000,0.9963944,678.5999,267.2504,179.3875,0.026293,0.00000
271.000,172.000,2,-1.000,0.3270833,0.9965507,678.6823,267.7233,179.2131,0.025579,0.00000
271.000,172.000,2,-1.000,0.3291667,0.9967004,678.7611,268.1771,179.0204,0.024883,0.00000
271.000,172.000,2,-1.000,0.3312500,0.9968436,678.8366,268.6119,178.8112,0.024203,0.00000
271.000,172.000,2,-1.000,0.3333333,0.9969808,678.9089,269.0282,178.5875,0.023539,0.00000
271.000,172.000,2,-1.000,0.3354167,0.9971121,678.9781,269.4258,178.3511,0.022892,0.00000
271.000,172.000,2,-1.000,0.3375000,0.9972378,679.0443,269.8051,178.1039,0.022261,0.00000
271.000,172.000,2,-1.000,0.3395833,0.9973581,679.1077,270.1665,177.8475,0.021645,0.00000
271.000,172.000,2,-1.000,0.3416667,0.9974732,679.1684,270.5103,177.5837,0.021044,0.00000
271.000,172.000,2,-1.000,0.3437500,0.9975834,679.2264,270.8367,177.3140,0.020458,0.00000
271.000,172.000,2,-1.000,0.3458333,0.9976888,679.2820,271.1459,177.0398,0.019887,0.00000
271.000,172.000,2,-1.000,0.3479167,0.9977896,679.3351,271.4384,176.7625,0.019330,0.00000
271.000,172.000,2,-1.000,0.3500000,0.9978862,679.3860,271.7144,176.4834,0.018788,0.00000
271.000,172.000,2,-1.000,0.3520833,0.9979787,679.4348,271.9740,176.2036,0.018259,0.00000
271.000,172.000,2,-1.000,0.3541667,0.9980670,679.4813,272.2178,175.9242,0.017743,0.00000
271.000,172.000,2,-1.000,0.3562500,0.9981516,679.5259,272.4458,175.6462,0.017241,0.00000
271.000,172.000,2,-1.000,0.3583333,0.9982325,679.5685,272.6583,175.3705,0.016752,0.00000
271.000,172.000,2,-1.000,0.3604167,0.9983100,679.6094,272.8557,175.0979,0.016275,0.00000
271.000,172.000,2,-1.000,0.3625000,0.9983841,679.6484,273.0381,174.8291,0.015811,0.00000
271.000,172.000,2,-1.000,0.3645833,0.9984550,679.6858,273.2059,174.5649,0.015359,0.00000
271.000,172.000,2,-1.000,0.3666667,0.9985229,679.7216,273.3594,174.3060,0.014919,0.00000
271.000,172.000,2,-1.000,0.3687500,0.9985877,679.7557,273.5101,174.0640,0.014491,0.00000
271.000,172.000,2,-1.000,0.3708333,0.9986498,679.7885,273.6659,173.8470,0.014073,0.00000
271.000,172.000,2,-1.000,0.3729167,0.9987092,679.8198,273.8241,173.6524,0.013667,0.00000
271.000,172.000,2,-1.000,0.3750000,0.9987660,679.8497,273.9822,173.4781,0.013272,0.00000
271.000,172.000,2,-1.000,0.3770833,0.9988203,679.8783,274.1383,173.3217,0.012887,0.00000
271.000,172.000,2,-1.000,0.3791667,0.9988723,679.9057,274.2906,173.1816,0.012513,0.00000
271.000,172.000,2,-1.000,0.3812500,0.9989220,679.9319,274.4375,173.0561,0.012149,0.00000
271.000,172.000,2,-1.000,0.3833333,0.9989695,679.9569,274.5776,172.9436,0.011794,0.00000
271.000,172.000,2,-1.000,0.3854167,0.9990149,679.9808,274.7101,172.8428,0.011450,0.00000
271.000,172.000,2,-1.000,0.3875000,0.9990583,680.0037,274.8336,172.7526,0.011114,0.00000
271.000,172.000,2,-1.000,0.3895833,0.9990999,680.0256,274.9476,172.6718,0.010788,0.00000
271.000,172.000,2,-1.000,0.3916667,0.9991396,680.0466,275.0514,172.5994,0.010471,0.00000
271.000,172.000,2,-1.000,0.3937500,0.9991776,680.0666,275.1445,172.5346,0.010163,0.00000
271.000,172.000,2,-1.000,0.3958333,0.9992139,680.0858,275.2267,172.4766,0.009863,0.00000
271.000,172.000,2,-1.000,0.3979167,0.9992487,680.1041,275.2975,172.4247,0.009571,0.00000
271.000,172.000,2,-1.000,0.4000000,0.9992819,680.1216,275.3568,172.3784,0.009288,0.00000
271.000,172.000,2,-1.000,0.4020833,0.9993138,680.1384,275.4047,172.3369,0.009012,0.00000
271.000,172.000,2,-1.000,0.4041667,0.9993441,680.1544,275.4409,172.2998,0.008744,0.00000
271.000,172.000,2,-1.000,0.4062500,0.9993732,680.1697,275.4658,172.2667,0.008484,0.00000
271.000,172.000,2,-1.000,0.4083333,0.9994010,680.1843,275.4795,172.2371,0.008231,0.00000
271.000,172.000,2,-1.000,0.4104167,0.9994275,680.1983,275.4822,172.2107,0.007985,0.00000
271.000,172.000,2,-1.000,0.4125000,0.9994529,680.2117,275.4740,172.1871,0.007746,0.00000
271.000,172.000,2,-1.000,0.4145833,0.9994772,680.2245,275.4553,172.1660,0.007514,0.00000
271.000,172.000,2,-1.000,0.4166667,0.9995004,680.2367,275.4266,172.1472,0.007288,0.00000
271.000,172.000,2,-1.000,0.4187500,0.9995226,680.2484,275.3882,172.1304,0.007069,0.00000
271.000,172.000,2,-1.000,0.4208333,0.9995438,680.2596,275.3403,172.1155,0.006856,0.00000
271.000,172.000,2,-1.000,0.4229167,0.9995641,680.2703,275.2836,172.1022,0.006649,0.00000
271.000,172.000,2,-1.000,0.4250000,0.9995834,680.2805,275.2184,172.0904,0.006449,0.00000
271.000,172.000,2,-1.000,0.4270833,0.9996020,680.2902,275.1451,172.0798,0.006254,0.00000
271.000,172.000,2,-1.000,0.4291667,0.9996197,680.2996,275.0645,172.0704,0.006064,0.00000
271.000,172.000,2,-1.000,0.4312500,0.9996366,680.3085,274.9768,172.0621,0.005880,0.00000
271.000,172.000,2,-1.000,0.4333333,0.9996528,680.3170,274.8826,172.0547,0.005701,0.00000
271.000,172.000,2,-1.000,0.4354167,0.9996683,680.3252,274.7823,172.0481,0.005528,0.00000
271.000,172.000,2,-1.000,0.4375000,0.9996831,680.3330,274.6768,172.0423,0.005360,0.00000
271.000,172.000,2,-1.000,0.4395833,0.9996973,680.3405,274.5660,172.0371,0.005196,0.00000
271.000,172.000,2,-1.000,0.4416667,0.9997108,680.3476,274.4508,172.0325,0.005037,0.00000
271.000,172.000,2,-1.000,0.4437500,0.9997238,680.3544,274.3317,172.0284,0.004883,0.00000
271.000,172.000,2,-1.000,0.4458333,0.9997362,680.3610,274.2089,172.0248,0.004734,0.00000
271.000,172.000,2,-1.000,0.4479167,0.9997480,680.3672,274.0830,172.0217,0.004589,0.00000
271.000,172.000,2,-1.000,0.4500000,0.9997592,680.3731,273.9547,172.0189,0.004448,0.00000
271.000,172.000,2,-1.000,0.4520833,0.9997700,680.3788,273.8243,172.0164,0.004311,0.00000
271.000,172.000,2,-1.000,0.4541667,0.9997803,680.3842,273.6923,172.0142,0.004178,0.00000
271.000,172.000,2,-1.000,0.4562500,0.9997901,680.3894,273.5588,172.0122,0.004049,0.00000
271.000,172.000,2,-1.000,0.4583333,0.9997995,680.3943,273.4247,172.0106,0.003924,0.00000
271.000,172.000,2,-1.000,0.4604167,0.9998085,680.3991,273.2902,172.0091,0.003803,0.00000
271.000,172.000,2,-1.000,0.4625000,0.9998171,680.4036,273.1556,172.0078,0.003686,0.00000
271.000,172.000,2,-1.000,0.4645833,0.9998254,680.4080,273.0214,172.0066,0.003571,0.00000
271.000,172.000,2,-1.000,0.4666667,0.9998332,680.4121,272.8878,172.0056,0.003461,0.00000
271.000,172.000,2,-1.000,0.4687500,0.9998407,680.4161,272.7552,172.0047,0.003353,0.00000
271.000,172.000,2,-1.000,0.4708333,0.9998479,680.4199,272.6241,172.0040,0.003249,0.00000
271.000,172.000,2,-1.000,0.4729167,0.9998547,680.4235,272.4946,172.0033,0.003148,0.00000
271.000,172.000,2,-1.000,0.4750000,0.9998612,680.4269,272.3671,172.0027,0.003050,0.00000
271.000,172.000,2,-1.000,0.4770833,0.9998675,680.4302,272.2418,172.0022,0.002955,0.00000
271.000,172.000,2,-1.000,0.4791667,0.9998734,680.4333,272.1189,172.0018,0.002863,0.00000
271.000,172.000,2,-1.000,0.4812500,0.9998791,680.4363,271.9987,172.0014,0.002773,0.00000
271.000,172.000,2,-1.000,0.4833333,0.9998845,680.4391,271.8813,172.0011,0.002687,0.00000
271.000,172.000,2,-1.000,0.4854167,0.9998897,680.4419,271.7671,172.0008,0.002603,0.00000
271.000,172.000,2,-1.000,0.4875000,0.9998947,680.4445,271.6561,172.0006,0.002521,0.00000
271.000,172.000,2,-1.000,0.4895833,0.9998994,680.4470,271.5486,172.0004,0.002442,0.00000
271.000,172.000,2,-1.000,0.4916667,0.9999040,680.4494,271.4446,172.0002,0.002365,0.00000
271.000,172.000,2,-1.000,0.4937500,0.9999083,680.4517,271.3444,172.0001,0.002291,0.00000
271.000,172.000,2,-1.000,0.4958333,0.9999124,680.4539,271.2478,171.9999,0.002219,0.00000
271.000,172.000,2,-1.000,0.4979167,0.9999164,680.4559,271.1553,171.9999,0.002149,0.00000
271.000,172.000,2,-1.000,0.5000000,0.9999202,680.4579,271.0665,171.9998,0.002081,0.00000
271.000,172.000,2,-1.000,0.5020834,0.9999238,680.4598,270.9819,171.9997,0.002016,0.00000
271.000,172.000,2,-1.000,0.5041667,0.9999273,680.4617,270.9016,171.9998,0.001952,0.00000
271.000,172.000,2,-1.000,0.5062500,0.9999305,680.4634,270.8263,172.0009,0.001890,0.00000
271.000,172.000,2,-1.000,0.5083333,0.9999337,680.4650,270.7571,172.0040,0.001831,0.00000
271.000,172.000,2,-1.000,0.5104167,0.9999366,680.4666,270.6946,172.0096,0.001773,0.00000
271.000,172.000,2,-1.000,0.5125000,0.9999396,680.4681,270.6389,172.0178,0.001717,0.00000
271.000,172.000,2,-1.000,0.5145833,0.9999423,680.4696,270.5897,172.0286,0.001662,0.00000
271.000,172.000,2,-1.000,0.5166667,0.9999450,680.4710,270.5471,172.0417,0.001609,0.00000
271.000,172.000,2,-1.000,0.5187500,0.9999475,680.4724,270.5106,172.0569,0.001558,0.00000
271.000,172.000,2,-1.000,0.5208333,0.9999500,680.4736,270.4797,172.0738,0.001509,0.00000
271.000,172.000,2,-1.000,0.5229167,0.9999523,680.4749,270.4543,172.0920,0.001461,0.00000
271.000,172.000,2,-1.000,0.5250000,0.9999545,680.4760,270.4337,172.1112,0.001414,0.00000
271.000,172.000,2,-1.000,0.5270833,0.9999565,680.4771,270.4175,172.1310,0.001369,0.00000
271.000,172.000,2,-1.000,0.5291666,0.9999585,680.4781,270.4054,172.1512,0.001326,0.00000
271.000,172.000,2,-1.000,0.5312500,0.9999604,680.4791,270.3971,172.1715,0.001283,0.00000
271.000,172.000,2,-1.000,0.5333334,0.9999623,680.4801,270.3921,172.1915,0.001242,0.00000
271.000,172.000,2,-1.000,0.5354167,0.9999640,680.4810,270.3901,172.2111,0.001203,0.00000
271.000,172.000,2,-1.000,0.5375000,0.9999656,680.4819,270.3910,172.2302,0.001164,0.00000
271.000,172.000,2,-1.000,0.5395833,0.9999672,680.4827,270.3944,172.2484,0.001127,0.00000
271.000,172.000,2,-1.000,0.5416667,0.9999687,680.4835,270.3999,172.2658,0.001091,0.00000
271.000,172.000,2,-1.000,0.5437500,0.9999701,680.4843,270.4076,172.2821,0.001056,0.00000
271.000,172.000,2,-1.000,0.5458333,0.9999715,680.4850,270.4170,172.2974,0.001022,0.00000
271.000,172.000,2,-1.000,0.5479167,0.9999728,680.4857,270.4281,172.3115,0.000989,0.00000
271.000,172.000,2,-1.000,0.5500000,0.9999741,680.4863,270.4407,172.3244,0.000957,0.00000
271.000,172.000,2,-1.000,0.5520833,0.9999752,680.4869,270.4545,172.3361,0.000927,0.00000
271.000,172.000,2,-1.000,0.5541667,0.9999764,680.4875,270.4695,172.3464,0.000897,0.00000
271.000,172.000,2,-1.000,0.5562500,0.9999774,680.4881,270.4855,172.3556,0.000868,0.00000
271.000,172.000,2,-1.000,0.5583333,0.9999785,680.4886,270.5023,172.3634,0.000840,0.00000
271.000,172.000,2,-1.000,0.5604166,0.9999795,680.4892,270.5199,172.3699,0.000813,0.00000
271.000,172.000,2,-1.000,0.5625000,0.9999804,680.4897,270.5382,172.3752,0.000787,0.00000
271.000,172.000,2,-1.000,0.5645834,0.9999813,680.4902,270.5570,172.3793,0.000761,0.00000
271.000,172.000,2,-1.000,0.5666667,0.9999822,680.4906,270.5762,172.3822,0.000737,0.00000
271.000,172.000,2,-1.000,0.5687500,0.9999830,680.4910,270.5958,172.3840,0.000713,0.00000
271.000,172.000,2,-1.000,0.5708333,0.9999838,680.4915,270.6157,172.3846,0.000690,0.00000
271.000,172.000,2,-1.000,0.5729167,0.9999845,680.4918,270.6359,172.3841,0.000667,0.00000
271.000,172.000,2,-1.000,0.5750000,0.9999852,680.4922,270.6560,172.3826,0.000646,0.00000
271.000,172.000,2,-1.000,0.5770833,0.9999859,680.4926,270.6763,172.3801,0.000625,0.00000
271.000,172.000,2,-1.000,0.5791667,0.9999866,680.4929,270.6965,172.3766,0.000605,0.00000
271.000,172.000,2,-1.000,0.5812500,0.9999871,680.4932,270.7167,172.3723,0.000585,0.00000
271.000,172.000,2,-1.000,0.5833333,0.9999877,680.4935,270.7367,172.3671,0.000566,0.00000
271.000,172.000,2,-1.000,0.5854167,0.9999883,680.4938,270.7566,172.3611,0.000548,0.00000
271.000,172.000,2,-1.000,0.5875000,0.9999889,680.4941,270.7761,172.3544,0.000530,0.00000
271.000,172.000,2,-1.000,0.5895833,0.9999893,680.4944,270.7954,172.3470,0.000513,0.00000
271.000,172.000,2,-1.000,0.5916666,0.9999898,680.4946,270.8145,172.3390,0.000496,0.00000
271.000,172.000,2,-1.000,0.5937500,0.9999903,680.4949,270.8330,172.3304,0.000480,0.00000
271.000,172.000,2,-1.000,0.5958334,0.9999908,680.4951,270.8512,172.3212,0.000464,0.00000
271.000,172.000,2,-1.000,0.5979167,0.9999912,680.4954,270.8689,172.3116,0.000449,0.00000
271.000,172.000,2,-1.000,0.6000000,0.9999917,680.4956,270.8862,172.3016,0.000434,0.00000
271.000,172.000,2,-1.000,0.6020833,0.9999920,680.4958,270.9030,172.2911,0.000420,0.00000
271.000,172.000,2,-1.000,0.6041667,0.9999924,680.4960,270.9192,172.2803,0.000406,0.00000
271.000,172.000,2,-1.000,0.6062500,0.9999927,680.4962,270.9349,172.2693,0.000393,0.00000
271.000,172.000,2,-1.000,0.6083333,0.9999930,680.4963,270.9501,172.2580,0.000380,0.00000
271.000,172.000,2,-1.000,0.6104167,0.9999934,680.4965,270.9647,172.2465,0.000368,0.00000
271.000,172.000,2,-1.000,0.6125000,0.9999937,680.4967,270.9786,172.2348,0.000356,0.00000
271.000,172.000,2,-1.000,0.6145833,0.9999941,680.4969,270.9919,172.2231,0.000344,0.00000
271.000,172.000,2,-1.000,0.6166667,0.9999943,680.4970,271.0046,172.2112,0.000333,0.00000
271.000,172.000,2,-1.000,0.6187500,0.9999946,680.4971,271.0167,172.1993,0.000322,0.00000
271.000,172.000,2,-1.000,0.6208333,0.9999948,680.4973,271.0282,172.1874,0.000311,0.00000
271.000,172.000,2,-1.000,0.6229166,0.9999950,680.4974,271.0391,172.1756,0.000301,0.00000
271.000,172.000,2,-1.000,0.6250000,0.9999952,680.4975,271.0492,172.1638,0.000291,0.00000
271.000,172.000,2,-1.000,0.6270834,0.9999955,680.4976,271.0588,172.1520,0.000282,0.00000
271.000,172.000,2,-1.000,0.6291667,0.9999957,680.4977,271.0677,172.1405,0.000273,0.00000
271.000,172.000,2,-1.000,0.6312500,0.9999959,680.4979,271.0762,172.1291,0.000264,0.00000
271.000,172.000,2,-1.000,0.6333333,0.9999962,680.4980,271.0839,172.1178,0.000255,0.00000
271.000,172.000,2,-1.000,0.6354167,0.9999964,680.4981,271.0909,172.1067,0.000247,0.00000
271.000,172.000,2,-1.000,0.6375000,0.9999965,680.4982,271.0974,172.0959,0.000238,0.00000
271.000,172.000,2,-1.000,0.6395833,0.9999967,680.4982,271.1038,172.0858,0.000231,0.00000
271.000,172.000,2,-1.000,0.6416667,0.9999968,680.4983,271.1104,172.0767,0.000223,0.00000
271.000,172.000,2,-1.000,0.6437500,0.9999969,680.4984,271.1169,172.0685,0.000216,0.00000
271.000,172.000,2,-1.000,0.6458333,0.9999970,680.4984,271.1235,172.0612,0.000208,0.00000
271.000,172.000,2,-1.000,0.6479167,0.9999971,680.4985,271.1301,172.0547,0.000202,0.00000
271.000,172.000,2,-1.000,0.6500000,0.9999972,680.4985,271.1365,172.0488,0.000195,0.00000
271.000,172.000,2,-1.000,0.6520833,0.9999973,680.4986,271.1427,172.0436,0.000189,0.00000
271.000,172.000,2,-1.000,0.6541666,0.9999974,680.4987,271.1486,172.0389,0.000182,0.00000
271.000,172.000,2,-1.000,0.6562500,0.9999976,680.4987,271.1541,172.0347,0.000176,0.00000
271.000,172.000,2,-1.000,0.6583334,0.9999977,680.4988,271.1593,172.0309,0.000170,0.00000
271.000,172.000,2,-1.000,0.6604167,0.9999978,680.4988,271.1639,172.0275,0.000165,0.00000
271.000,172.000,2,-1.000,0.6625000,0.9999979,680.4989,271.1683,172.0245,0.000159,0.00000
271.000,172.000,2,-1.000,0.6645833,0.9999980,680.4990,271.1722,172.0219,0.000154,0.00000
271.000,172.000,2,-1.000,0.6666667,0.9999982,680.4990,271.1755,172.0193,0.000149,0.00000
271.000,172.000,2,-1.000,0.6687500,0.9999983,680.4991,271.1783,172.0170,0.000144,0.00000
271.000,172.000,2,-1.000,0.6708333,0.9999984,680.4991,271.1804,172.0148,0.000139,0.00000
271.000,172.000,2,-1.000,0.6729167,0.9999985,680.4992,271.1821,172.0127,0.000135,0.00000
271.000,172.000,2,-1.000,0.6750000,0.9999986,680.4993,271.1831,172.0107,0.000130,0.00000
271.000,172.000,2,-1.000,0.6770833,0.9999987,680.4993,271.1836,172.0088,0.000126,0.00000
271.000,172.000,2,-1.000,0.6791667,0.9999989,680.4994,271.1836,172.0070,0.000122,0.00000
271.000,172.000,2,-1.000,0.6812500,0.9999990,680.4995,271.1831,172.0053,0.000118,0.00000
271.000,172.000,2,-1.000,0.6833333,0.9999990,680.4995,271.1821,172.0037,0.000114,0.00000
271.000,172.000,2,-1.000,0.6854166,0.9999990,680.4995,271.1807,172.0023,0.000110,0.00000
271.000,172.000,2,-1.000,0.6875000,0.9999990,680.4995,271.1788,172.0009,0.000106,0.00000
271.000,172.000,2,-1.000,0.6895834,0.9999990,680.4995,271.1768,171.9997,0.000103,0.00000
271.000,172.000,2,-1.000,0.6916667,0.9999990,680.4995,271.1741,171.9986,0.000099,0.00000
271.000,172.000,2,-1.000,0.6937500,0.9999990,680.4995,271.1713,171.9976,0.000096,0.00000
271.000,172.000,2,-1.000,0.6958333,0.9999990,680.4995,271.1681,171.9968,0.000093,0.00000
271.000,172.000,2,-1.000,0.6979167,0.9999990,680.4995,271.1646,171.9960,0.000090,0.00000
271.000,172.000,2,-1.000,0.7000000,0.9999990,680.4995,271.1609,171.9952,0.000087,0.00000
271.000,172.000,2,-1.000,0.7020833,0.9999990,680.4995,271.1569,171.9946,0.000084,0.00000
271.000,172.000,2,-1.000,0.7041667,0.9999990,680.4995,271.1526,171.9941,0.000081,0.00000
271.000,172.000,2,-1.000,0.7062500,0.9999990,680.4995,271.1482,171.9936,0.000078,0.00000
271.000,172.000,2,-1.000,0.7083333,0.9999990,680.4995,271.1436,171.9932,0.000076,0.00000
271.000,172.000,2,-1.000,0.7104167,0.9999990,680.4995,271.1387,171.9928,0.000073,0.00000
271.000,172.000,2,-1.000,0.7125000,0.9999990,680.4995,271.1337,171.9925,0.000071,0.00000
271.000,172.000,2,-1.000,0.7145833,0.9999990,680.4995,271.1285,171.9922,0.000068,0.00000
271.000,172.000,2,-1.000,0.7166666,0.9999990,680.4995,271.1233,171.9920,0.000066,0.00000
271.000,172.000,2,-1.000,0.7187500,0.9999990,680.4995,271.1179,171.9918,0.000064,0.00000
271.000,172.000,2,-1.000,0.7208334,0.9999990,680.4995,271.1124,171.9916,0.000062,0.00000
271.000,172.000,2,-1.000,0.7229167,0.9999990,680.4995,271.1069,171.9915,0.000060,0.00000
271.000,172.000,2,-1.000,0.7250000,0.9999990,680.4995,271.1013,171.9915,0.000058,0.00000
271.000,172.000,2,-1.000,0.7270833,0.9999990,680.4995,271.0957,171.9914,0.000056,0.00000
271.000,172.000,2,-1.000,0.7291667,0.9999990,680.4995,271.0901,171.9914,0.000054,0.00000
271.000,172.000,2,-1.000,0.7312500,0.9999990,680.4995,271.0845,171.9914,0.000052,0.00000
271.000,172.000,2,-1.000,0.7333333,0.9999990,680.4995,271.0789,171.9914,0.000050,0.00000
271.000,172.000,2,-1.000,0.7354167,0.9999990,680.4995,271.0734,171.9915,0.000049,0.00000
271.000,172.000,2,-1.000,0.7375000,0.9999990,680.4995,271.0679,171.9915,0.000047,0.00000
271.000,172.000,2,-1.000,0.7395833,0.9999990,680.4995,271.0624,171.9916,0.000045,0.00000
271.000,172.000,2,-1.000,0.7416667,0.9999990,680.4995,271.0570,171.9917,0.000044,0.00000
271.000,172.000,2,-1.000,0.7437500,0.9999990,680.4995,271.0516,171.9918,0.000042,0.00000
271.000,172.000,2,-1.000,0.7458333,0.9999990,680.4995,271.0464,171.9919,0.000041,0.00000
271.000,172.000,2,-1.000,0.7479166,0.9999990,680.4995,271.0413,171.9921,0.000040,0.00000
271.000,172.000,2,-1.000,0.7500000,0.9999990,680.4995,271.0363,171.9922,0.000038,0.00000
271.000,172.000,2,-1.000,0.7520834,0.9999990,680.4995,271.0314,171.9923,0.000037,0.00000
271.000,172.000,2,-1.000,0.7541667,0.9999990,680.4995,271.0266,171.9925,0.000036,0.00000
271.000,172.000,2,-1.000,0.7562500,0.9999990,680.4995,271.0220,171.9926,0.000035,0.00000
271.000,172.000,2,-1.000,0.7583333,0.9999990,680.4995,271.0175,171.9928,0.000033,0.00000
271.000,172.000,2,-1.000,0.7604167,0.9999990,680.4995,271.0132,171.9929,0.000032,0.00000
271.000,172.000,2,-1.000,0.7625000,0.9999990,680.4995,271.0089,171.9931,0.000031,0.00000
271.000,172.000,2,-1.000,0.7645833,0.9999990,680.4995,271.0049,171.9933,0.000030,0.00000
271.000,172.000,2,-1.000,0.7666667,0.9999990,680.4995,271.0010,171.9934,0.000029,0.00000
271.000,172.000,2,-1.000,0.7687500,0.9999990,680.4995,270.9973,171.9936,0.000028,0.00000
271.000,172.000,2,-1.000,0.7708333,0.9999990,680.4995,270.9938,171.9938,0.000027,0.00000
271.000,172.000,2,-1.000,0.7729167,0.9999990,680.4995,270.9904,171.9940,0.000026,0.00000
271.000,172.000,2,-1.000,0.7750000,0.9999990,680.4995,270.9872,171.9941,0.000025,0.00000
271.000,172.000,2,-1.000,0.7770833,0.9999990,680.4995,270.9841,171.9943,0.000025,0.00000
271.000,172.000,2,-1.000,0.7791666,0.9999990,680.4995,270.9813,171.9944,0.000024,0.00000
271.000,172.000,2,-1.000,0.7812500,0.9999990,680.4995,270.9785,171.9946,0.000023,0.00000
271.000,172.000,2,-1.000,0.7833334,0.9999990,680.4995,270.9761,171.9948,0.000022,0.00000
271.000,172.000,2,-1.000,0.7854167,0.9999990,680.4995,270.9738,171.9949,0.000021,0.00000
271.000,172.000,2,-1.000,0.7875000,0.9999990,680.4995,270.9716,171.9951,0.000021,0.00000
271.000,172.000,2,-1.000,0.7895833,0.9999990,680.4995,270.9695,171.9952,0.000020,0.00000
271.000,172.000,2,-1.000,0.7916667,0.9999990,680.4995,270.9678,171.9954,0.000019,0.00000
271.000,172.000,2,-1.000,0.7937500,0.9999990,680.4995,270.9661,171.9955,0.000019,0.00000
271.000,172.000,2,-1.000,0.7958333,0.9999990,680.4995,270.9646,171.9957,0.000018,0.00000
271.000,172.000,2,-1.000,0.7979167,0.9999990,680.4995,270.9631,171.9958,0.000017,0.00000
271.000,172.000,2,-1.000,0.8000000,0.9999990,680.4995,270.9619,171.9960,0.000017,0.00000
271.000,172.000,2,-1.000,0.8020833,0.9999990,680.4995,270.9609,171.9962,0.000016,0.00000
271.000,172.000,2,-1.000,0.8041667,0.9999990,680.4995,270.9600,171.9963,0.000016,0.00000
271.000,172.000,2,-1.000,0.8062500,0.9999990,680.4995,270.9592,171.9964,0.000015,0.00000
271.000,172.000,2,-1.000,0.8083333,0.9999990,680.4995,270.9586,171.9966,0.000015,0.00000
271.000,172.000,2,-1.000,0.8104166,0.9999990,680.4995,270.9581,171.9967,0.000014,0.00000
271.000,172.000,2,-1.000,0.8125000,0.9999990,680.4995,270.9578,171.9968,0.000014,0.00000
271.000,172.000,2,-1.000,0.8145834,0.9999990,680.4995,270.9575,171.9969,0.000013,0.00000
271.000,172.000,2,-1.000,0.8166667,0.9999990,680.4995,270.9574,171.9970,0.000013,0.00000
271.000,172.000,2,-1.000,0.8187500,0.9999990,680.4995,270.9574,171.9971,0.000012,0.00000
271.000,172.000,2,-1.000,0.8208333,0.9999990,680.4995,270.9575,171.9973,0.000012,0.00000
271.000,172.000,2,-1.000,0.8229167,0.9999990,680.4995,270.9578,171.9974,0.000011,0.00000
271.000,172.000,2,-1.000,0.8250000,0.9999990,680.4995,270.9580,171.9975,0.000011,0.00000
271.000,172.000,2,-1.000,0.8270833,0.9999990,680.4995,270.9585,171.9976,0.000011,0.00000
271.000,172.000,2,-1.000,0.8291667,0.9999990,680.4995,270.9590,171.9977,0.000010,0.00000
271.000,172.000,2,-1.000,0.8312500,0.9999990,680.4995,270.9595,171.9978,0.000010,0.00000
271.000,172.000,2,-1.000,0.8333333,0.9999990,680.4995,270.9602,171.9979,0.000010,0.00000
271.000,172.000,2,-1.000,0.8354167,0.9999990,680.4995,270.9609,171.9980,0.000009,0.00000
271.000,172.000,2,-1.000,0.8375000,0.9999990,680.4995,270.9617,171.9980,0.000009,0.00000
271.000,172.000,2,-1.000,0.8395833,0.9999990,680.4995,270.9625,171.9981,0.000009,0.00000
271.000,172.000,2,-1.000,0.8416666,0.9999990,680.4995,270.9634,171.9982,0.000008,0.00000
271.000,172.000,2,-1.000,0.8437500,0.9999990,680.4995,270.9644,171.9983,0.000008,0.00000
271.000,172.000,2,-1.000,0.8458334,0.9999990,680.4995,270.9653,171.9984,0.000008,0.00000
271.000,172.000,2,-1.000,0.8479167,0.9999990,680.4995,270.9664,171.9984,0.000008,0.00000
271.000,172.000,2,-1.000,0.8500000,0.9999990,680.4995,270.9675,171.9985,0.000007,0.00000
271.000,172.000,2,-1.000,0.8520833,0.9999990,680.4995,270.9685,171.9986,0.000007,0.00000
271.000,172.000,2,-1.000,0.8541667,0.9999990,680.4995,270.9697,171.9987,0.000007,0.00000
271.000,172.000,2,-1.000,0.8562500,0.9999990,680.4995,270.9708,171.9987,0.000007,0.00000
271.000,172.000,2,-1.000,0.8583333,0.9999990,680.4995,270.9720,171.9988,0.000006,0.00000
271.000,172.000,2,-1.000,0.8604167,0.9999990,680.4995,270.9733,171.9988,0.000006,0.00000
271.000,172.000,2,-1.000,0.8625000,0.9999990,680.4995,270.9744,171.9989,0.000006,0.00000
271.000,172.000,2,-1.000,0.8645833,0.9999990,680.4995,270.9756,171.9989,0.000006,0.00000
271.000,172.000,2,-1.000,0.8666667,0.9999990,680.4995,270.9768,171.9990,0.000006,0.00000
271.000,172.000,2,-1.000,0.8687500,0.9999990,680.4995,270.9780,171.9990,0.000005,0.00000
271.000,172.000,2,-1.000,0.8708333,0.9999990,680.4995,270.9792,171.9991,0.000005,0.00000
271.000,172.000,2,-1.000,0.8729166,0.9999990,680.4995,270.9805,171.9991,0.000005,0.00000
271.000,172.000,2,-1.000,0.8750000,0.9999990,680.4995,270.9816,171.9992,0.000005,0.00000
271.000,172.000,2,-1.000,0.8770834,0.9999990,680.4995,270.9828,171.9992,0.000005,0.00000
271.000,172.000,2,-1.000,0.8791667,0.9999990,680.4995,270.9839,171.9993,0.000005,0.00000
271.000,172.000,2,-1.000,0.8812500,0.9999990,680.4995,270.9851,171.9993,0.000004,0.00000
271.000,172.000,2,-1.000,0.8833333,0.9999990,680.4995,270.9862,171.9993,0.000004,0.00000
271.000,172.000,2,-1.000,0.8854167,0.9999990,680.4995,270.9873,171.9994,0.000004,0.00000
271.000,172.000,2,-1.000,0.8875000,0.9999990,680.4995,270.9883,171.9994,0.000004,0.00000
271.000,172.000,2,-1.000,0.8895833,0.9999990,680.4995,270.9894,171.9995,0.000004,0.00000
271.000,172.000,2,-1.000,0.8916667,0.9999990,680.4995,270.9904,171.9995,0.000004,0.00000
271.000,172.000,2,-1.000,0.8937500,0.9999990,680.4995,270.9915,171.9995,0.000004,0.00000
271.000,172.000,2,-1.000,0.8958333,0.9999990,680.4995,270.9923,171.9995,0.000003,0.00000
271.000,172.000,2,-1.000,0.8979167,0.9999990,680.4995,270.9933,171.9995,0.000003,0.00000
271.000,172.000,2,-1.000,0.9000000,0.9999990,680.4995,270.9941,171.9996,0.000003,0.00000
271.000,172.000,2,-1.000,0.9020833,0.9999990,680.4995,270.9950,171.9996,0.000003,0.00000
271.000,172.000,2,-1.000,0.9041666,0.9999990,680.4995,270.9958,171.9996,0.000003,0.00000
271.000,172.000,2,-1.000,0.9062500,0.9999990,680.4995,270.9966,171.9996,0.000003,0.00000
271.000,172.000,2,-1.000,0.9083334,0.9999990,680.4995,270.9973,171.9997,0.000003,0.00000
271.000,172.000,2,-1.000,0.9104167,0.9999990,680.4995,270.9980,171.9997,0.000003,0.00000
271.000,172.000,2,-1.000,0.9125000,0.9999990,680.4995,270.9988,171.9997,0.000003,0.00000
271.000,172.000,2,-1.000,0.9145833,0.9999990,680.4995,270.9994,171.9998,0.000002,0.00000
271.000,172.000,2,-1.000,0.9166667,0.9999990,680.4995,271.0000,171.9998,0.000002,0.00000
271.000,172.000,2,-1.000,0.9187500,0.9999990,680.4995,271.0005,171.9998,0.000002,0.00000
271.000,172.000,2,-1.000,0.9208333,0.9999990,680.4995,271.0011,171.9998,0.000002,0.00000
271.000,172.000,2,-1.000,0.9229167,0.9999990,680.4995,271.0016,171.9998,0.000002,0.00000
271.000,172.000,2,-1.000,0.9250000,0.9999990,680.4995,271.0020,171.9998,0.000002,0.00000
271.000,172.000,2,-1.000,0.9270833,0.9999990,680.4995,271.0024,171.9998,0.000002,0.00000
271.000,172.000,2,-1.000,0.9291667,0.9999990,680.4995,271.0028,171.9998,0.000002,0.00000
271.000,172.000,2,-1.000,0.9312500,0.9999990,680.4995,271.0032,171.9999,0.000002,0.00000
271.000,172.000,2,-1.000,0.9333333,0.9999990,680.4995,271.0035,171.9999,0.000002,0.00000
271.000,172.000,2,-1.000,0.9354166,0.9999990,680.4995,271.0038,171.9999,0.000002,0.00000
271.000,172.000,2,-1.000,0.9375000,0.9999990,680.4995,271.0040,171.9999,0.000002,0.00000
271.000,172.000,2,-1.000,0.9395834,0.9999990,680.4995,271.0043,171.9999,0.000002,0.00000
271.000,172.000,2,-1.000,0.9416667,0.9999990,680.4995,271.0044,171.9999,0.000002,0.00000
271.000,172.000,2,-1.000,0.9437500,0.9999990,680.4995,271.0046,171.9999,0.000002,0.00000
271.000,172.000,2,-1.000,0.9458333,0.9999990,680.4995,271.0048,171.9999,0.000001,0.00000
271.000,172.000,2,-1.000,0.9479167,0.9999990,680.4995,271.0049,171.9999,0.000001,0.00000
271.000,172.000,2,-1.000,0.9500000,0.9999990,680.4995,271.0049,171.9999,0.000001,0.00000
271.000,172.000,2,-1.000,0.9520833,0.9999990,680.4995,271.0050,171.9999,0.000001,0.00000
271.000,172.000,2,-1.000,0.9541667,0.9999990,680.4995,271.0050,171.9999,0.000001,0.00000
271.000,172.000,2,-1.000,0.9562500,0.9999990,680.4995,271.0050,171.9999,0.000001,0.00000
271.000,172.000,2,-1.000,0.9583333,0.9999990,680.4995,271.0050,172.0000,0.000001,0.00000
271.000,172.000,2,-1.000,0.9604167,0.9999990,680.4995,271.0050,172.0000,0.000001,0.00000
271.000,172.000,2,-1.000,0.9625000,0.9999990,680.4995,271.0049,172.0000,0.000001,0.00000
271.000,172.000,2,-1.000,0.9645833,0.9999990,680.4995,271.0049,172.0000,0.000001,0.00000
271.000,172.000,2,-1.000,0.9666666,0.9999990,680.4995,271.0048,172.0000,0.000001,0.00000
271.000,172.000,2,-1.000,0.9687500,0.9999990,680.4995,271.0046,172.0000,0.000001,0.00000
271.000,172.000,2,-1.000,0.9708334,0.9999990,680.4995,271.0045,172.0000,0.000001,0.00000
271.000,172.000,2,-1.000,0.9729167,0.9999990,680.4995,271.0044,172.0000,0.000001,0.00000
271.000,172.000,2,-1.000,0.9750000,0.9999990,680.4995,271.0042,172.0000,0.000001,0.00000
271.000,172.000,2,-1.000,0.9770833,0.9999990,680.4995,271.0040,172.0000,0.000001,0.00000
271.000,172.000,2,-1.000,0.9791667,0.9999990,680.4995,271.0039,172.0000,0.000001,0.00000
271.000,172.000,2,-1.000,0.9812500,0.9999990,680.4995,271.0037,172.0000,0.000001,0.00000
271.000,172.000,2,-1.000,0.9833333,0.9999990,680.4995,271.0034,172.0000,0.000001,0.00000
271.000,172.000,2,-1.000,0.9854167,0.9999990,680.4995,271.0033,172.0000,0.000001,0.00000
271.000,172.000,2,-1.000,0.9875000,0.9999990,680.4995,271.0031,172.0000,0.000001,0.00000
271.000,172.000,2,-1.000,0.9895833,0.9999990,680.4995,271.0028,172.0000,0.000001,0.00000
271.000,172.000,2,-1.000,0.9916667,0.9999990,680.4995,271.0027,172.0000,0.000001,0.00000
271.000,172.000,2,-1.000,0.9937500,0.9999990,680.4995,271.0024,172.0000,0.000001,0.00000
271.000,172.000,2,-1.000,0.9958333,0.9999990,680.4995,271.0022,172.0000,0.000001,0.00000
271.000,172.000,2,-1.000,0.9979166,0.9999990,680.4995,271.0020,172.0001,0.000001,0.00000
271.000,172.000,2,-1.000,1.0000000,0.9999990,680.4995,271.0017,172.0001,0.000001,0.00000
