duration,time,width,height,phase
0.06,0.0020833334,291.17114,223.19763,0.0
0.06,0.004166667,291.1713,223.19775,1.1406523E-4
0.06,0.00625,291.20316,223.19556,5.4594484E-4
0.06,0.008333334,291.3531,223.18475,0.0014660383
0.06,0.010416667,291.7201,223.15817,0.0030155375
0.06,0.0125,292.3742,223.11057,0.005309789
0.06,0.014583333,293.35272,223.0391,0.0084419055
0.06,0.016666668,294.66867,222.94257,0.012485023
0.06,0.01875,296.31915,222.82104,0.017495666
0.06,0.020833334,298.2909,222.67517,0.02351495
0.06,0.022916667,300.56476,222.50616,0.03057187
0.06,0.025,303.11755,222.3154,0.038683575
0.06,0.027083334,305.92438,222.10449,0.047858767
0.06,0.029166667,308.9593,221.87506,0.058096915
0.06,0.03125,312.19647,221.62878,0.06939193
0.06,0.033333335,315.61035,221.36725,0.08173112
0.06,0.035416666,319.1759,221.09213,0.09509686
0.06,0.0375,322.8694,220.80487,0.109468825
0.06,0.039583333,326.66803,220.50702,0.124821864
0.06,0.041666668,330.55035,220.19995,0.14113
0.06,0.04375,334.49597,219.88498,0.15836349
0.06,0.045833334,338.4862,219.56335,0.17649294
0.06,0.047916666,342.50323,219.23618,0.19548593
0.06,0.05,346.53094,218.9046,0.2153115
0.06,0.052083332,350.55408,218.56967,0.23593594
0.06,0.054166667,354.55902,218.23221,0.25732788
0.06,0.05625,358.53305,217.89319,0.27945358
0.06,0.058333334,362.46497,217.55334,0.30228215
0.06,0.060416665,366.3442,217.21344,0.32578042
0.06,0.0625,370.16144,216.87418,0.34980455
0.06,0.06458333,373.90753,216.53622,0.37411964
0.06,0.06666667,377.57443,216.2002,0.39852488
0.06,0.06875,381.15558,215.86658,0.42285168
0.06,0.07083333,384.64493,215.53595,0.4469553
0.06,0.072916664,388.03772,215.20868,0.47071716
0.06,0.075,391.32947,214.8852,0.49403659
0.06,0.077083334,394.51712,214.56583,0.51683366
0.06,0.079166666,397.59778,214.25089,0.5390417
0.06,0.08125,400.56967,213.94061,0.5606101
0.06,0.083333336,403.43103,213.63528,0.58149827
0.06,0.08541667,406.18118,213.33508,0.6016781
0.06,0.0875,408.8197,213.04016,0.62112826
0.06,0.08958333,411.3468,212.75067,0.63983756
0.06,0.09166667,413.76282,212.46674,0.657799
0.06,0.09375,416.06876,212.18848,0.6750136
0.06,0.09583333,418.26584,211.91595,0.69148546
0.06,0.09791667,420.35535,211.64917,0.70722294
0.06,0.1,422.33936,211.38824,0.72223884
0.06,0.10208333,424.21872,211.13324,0.7365473
0.06,0.104166664,425.99368,210.88428,0.7501662
0.06,0.10625,427.66467,210.64148,0.76311344
0.06,0.108333334,429.23242,210.405,0.7754103
0.06,0.110416666,430.69775,210.17493,0.7870772
0.06,0.1125,432.06177,209.95132,0.79813695
0.06,0.114583336,433.32544,209.73428,0.80861145
0.06,0.11666667,434.4901,209.52386,0.8185241
0.06,0.11875,435.55713,209.32013,0.82789737
0.06,0.12083333,436.52783,209.12317,0.83675456
0.06,0.12291667,437.40356,208.93295,0.84511775
0.06,0.125,438.1859,208.74957,0.8530099
0.06,0.12708333,438.87628,208.57306,0.86045253
0.06,0.12916666,439.47626,208.40347,0.8674669
0.06,0.13125,439.987,208.24084,0.87407416
0.06,0.13333334,440.4101,208.08514,0.8802946
0.06,0.13541667,440.7467,207.93646,0.8861479
0.06,0.1375,440.9983,207.7948,0.89165276
0.06,0.13958333,441.1662,207.66022,0.89682764
0.06,0.14166667,441.2514,207.53278,0.90168995
0.06,0.14375,441.255,207.41241,0.90625685
0.06,0.14583333,441.17834,207.29929,0.9105443
0.06,0.14791666,441.02197,207.1933,0.9145679
0.06,0.15,440.78717,207.0946,0.91834235
0.06,0.15208334,440.4746,207.00317,0.9218818
0.06,0.15416667,440.08514,206.9191,0.9251996
0.06,0.15625,439.6194,206.84238,0.9283088
0.06,0.15833333,439.07806,206.77307,0.93122137
0.06,0.16041666,438.4618,206.71118,0.93394893
0.06,0.1625,437.77112,206.6568,0.9365024
0.06,0.16458334,437.0066,206.60992,0.93889225
0.06,0.16666667,436.16882,206.57068,0.94112825
0.06,0.16875,435.25818,206.539,0.94321984
0.06,0.17083333,434.2755,206.51495,0.9451757
0.06,0.17291667,433.22113,206.4986,0.9470042
0.06,0.175,432.09552,206.48996,0.9487133
0.06,0.17708333,430.89954,206.48901,0.95031023
0.06,0.17916666,429.6338,206.49579,0.95180213
0.06,0.18125,428.29895,206.51035,0.9531955
0.06,0.18333334,426.89618,206.53265,0.9544966
0.06,0.18541667,425.42603,206.56265,0.9557113
0.06,0.1875,423.8899,206.6004,0.95684505
0.06,0.18958333,422.2887,206.64581,0.9579031
0.06,0.19166666,420.62408,206.69885,0.9588902
0.06,0.19375,418.89746,206.75955,0.959811
0.06,0.19583334,417.11005,206.82776,0.96066976
0.06,0.19791667,415.26392,206.90344,0.9614706
0.06,0.2,413.36108,206.98645,0.9622172
0.06,0.20208333,411.40363,207.07675,0.9629132
0.06,0.20416667,409.39355,207.1742,0.96356183
0.06,0.20625,407.33337,207.27869,0.9641663
0.06,0.20833333,405.22583,207.39005,0.96472937
0.06,0.21041666,403.07343,207.50812,0.96525395
0.06,0.2125,400.87903,207.63281,0.9657425
0.06,0.21458334,398.6458,207.76382,0.96619755
0.06,0.21666667,396.3767,207.90103,0.96662116
0.06,0.21875,394.07495,208.04425,0.96701556
0.06,0.22083333,391.74377,208.1932,0.9673828
0.06,0.22291666,389.38666,208.34772,0.9677245
0.06,0.225,387.00732,208.5075,0.96804255
0.06,0.22708334,384.6089,208.67242,0.9683385
0.06,0.22916667,382.1952,208.8421,0.9686138
0.06,0.23125,379.7696,209.01636,0.9688699
0.06,0.23333333,377.336,209.19489,0.9691081
0.06,0.23541667,374.89746,209.3775,0.96932966
0.06,0.2375,372.458,209.56384,0.96953577
0.06,0.23958333,370.02118,209.75366,0.96972734
0.06,0.24166666,367.59015,209.94672,0.96990544
0.06,0.24375,365.1682,210.1427,0.970071
0.06,0.24583334,362.7591,210.34137,0.9702249
0.06,0.24791667,360.36566,210.54242,0.97036797
0.06,0.25,357.99127,210.7456,0.9705009
0.06,0.25208333,355.6386,210.95062,0.97062445
0.06,0.25416666,353.3109,211.15729,0.97073925
0.06,0.25625,351.01062,211.36523,0.97084594
0.06,0.25833333,348.74036,211.57428,0.97094506
0.06,0.26041666,346.50275,211.78418,0.97103703
0.06,0.2625,344.3,211.99466,0.9711225
0.06,0.26458332,342.13422,212.20547,0.9712019
0.06,0.26666668,340.00726,212.41644,0.9712756
0.06,0.26875,337.92126,212.62732,0.97134405
0.06,0.27083334,335.87775,212.83783,0.97140765
0.06,0.27291667,333.87817,213.04791,0.97146666
0.06,0.275,331.924,213.2572,0.9715215
0.06,0.27708334,330.01648,213.46564,0.97157234
0.06,0.27916667,328.15643,213.67297,0.9716195
0.06,0.28125,326.34503,213.87903,0.9716633
0.06,0.28333333,324.58264,214.08374,0.97170395
0.06,0.28541666,322.8703,214.28683,0.97174174
0.06,0.2875,321.2083,214.48822,0.9717767
0.06,0.28958333,319.59674,214.68774,0.97180915
0.06,0.29166666,318.03625,214.88531,0.9718393
0.06,0.29375,316.5266,215.08075,0.97186726
0.06,0.29583332,315.068,215.27399,0.97189325
0.06,0.29791668,313.65985,215.46494,0.9719173
0.06,0.3,312.30255,215.65344,0.9719396
0.06,0.30208334,310.99518,215.83948,0.97196037
0.06,0.30416667,309.7375,216.02295,0.97197956
0.06,0.30625,308.5291,216.20374,0.9719973
0.06,0.30833334,307.36932,216.3818,0.97201383
0.06,0.31041667,306.25726,216.55713,0.97202915
0.06,0.3125,305.19244,216.72958,0.97204334
0.06,0.31458333,304.17383,216.89923,0.9720565
0.06,0.31666666,303.20068,217.06592,0.9720687
0.06,0.31875,302.27203,217.22968,0.97208005
0.06,0.32083333,301.38678,217.3905,0.97209054
0.06,0.32291666,300.54407,217.54834,0.97210026
0.06,0.325,299.74292,217.70312,0.97210926
0.06,0.32708332,298.98218,217.85489,0.97211754
0.06,0.32916668,298.26056,218.00366,0.9721253
0.06,0.33125,297.57727,218.14941,0.97213244
0.06,0.33333334,296.9308,218.29211,0.97213906
0.06,0.33541667,296.32025,218.4318,0.97214526
0.06,0.3375,295.7445,218.56848,0.9721509
0.06,0.33958334,295.20227,218.70215,0.97215617
0.06,0.34166667,294.69238,218.83286,0.97216105
0.06,0.34375,294.21368,218.9606,0.9721656
0.06,0.34583333,293.765,219.08539,0.97216976
0.06,0.34791666,293.34515,219.20728,0.9721736
0.06,0.35,292.95312,219.3263,0.9721772
0.06,0.35208333,292.58777,219.44244,0.97218055
0.06,0.35416666,292.24774,219.55573,0.9721836
0.06,0.35625,291.9322,219.66626,0.97218645
0.06,0.35833332,291.63995,219.77402,0.97218907
0.06,0.36041668,291.37012,219.87909,0.9721916
0.06,0.3625,291.12134,219.98145,0.97219384
0.06,0.36458334,290.8927,220.08115,0.9721959
0.06,0.36666667,290.68335,220.17828,0.9721979
0.06,0.36875,290.49225,220.27283,0.9721996
0.06,0.37083334,290.3183,220.36487,0.97220135
0.06,0.37291667,290.16095,220.45447,0.9722029
0.06,0.375,290.01898,220.54156,0.9722043
0.06,0.37708333,289.89148,220.62634,0.97220564
0.06,0.37916666,289.77795,220.70877,0.9722069
0.06,0.38125,289.67743,220.78888,0.972208
0.06,0.38333333,289.58905,220.86676,0.9722091
0.06,0.38541666,289.5121,220.94244,0.9722101
0.06,0.3875,289.44592,221.01593,0.97221106
0.06,0.38958332,289.38965,221.08728,0.9722119
0.06,0.39166668,289.34302,221.15665,0.9722127
0.06,0.39375,289.30487,221.22394,0.9722134
0.06,0.39583334,289.2749,221.2893,0.97221404
0.06,0.39791667,289.25262,221.35269,0.9722147
0.06,0.4,289.23718,221.41422,0.97221524
0.06,0.40208334,289.2281,221.47388,0.9722158
0.06,0.40416667,289.2251,221.53174,0.9722162
0.06,0.40625,289.22754,221.58789,0.97221667
0.06,0.40833333,289.23492,221.64227,0.9722171
0.06,0.41041666,289.24683,221.695,0.97221744
0.06,0.4125,289.26282,221.74615,0.97221786
0.06,0.41458333,289.28278,221.79568,0.97221816
0.06,0.41666666,289.30597,221.84369,0.97221845
0.06,0.41875,289.33215,221.8902,0.97221875
0.06,0.42083332,289.36108,221.93518,0.972219
0.06,0.42291668,289.39246,221.97882,0.9722192
0.06,0.425,289.42584,222.021,0.97221947
0.06,0.42708334,289.46112,222.06189,0.9722197
0.06,0.42916667,289.498,222.10144,0.9722198
0.06,0.43125,289.53625,222.13974,0.97222
0.06,0.43333334,289.57556,222.17679,0.9722201
0.06,0.43541667,289.61578,222.21265,0.9722203
0.06,0.4375,289.65668,222.24731,0.9722204
0.06,0.43958333,289.69818,222.28085,0.9722206
0.06,0.44166666,289.7401,222.3133,0.9722208
0.06,0.44375,289.78223,222.34467,0.97222084
0.06,0.44583333,289.82434,222.375,0.9722209
0.06,0.44791666,289.86652,222.4043,0.972221
0.06,0.45,289.90857,222.43265,0.9722211
0.06,0.45208332,289.95038,222.46005,0.97222114
0.06,0.45416668,289.99176,222.48651,0.9722212
0.06,0.45625,290.0327,222.51208,0.9722213
0.06,0.45833334,290.07312,222.5368,0.9722214
0.06,0.46041667,290.11298,222.56067,0.97222143
0.06,0.4625,290.15216,222.58377,0.97222155
0.06,0.46458334,290.19067,222.60602,0.9722216
0.06,0.46666667,290.2284,222.62756,0.9722217
0.06,0.46875,290.26532,222.64832,0.97222173
0.06,0.47083333,290.3014,222.66837,0.97222185
0.06,0.47291666,290.33655,222.68774,0.97222185
0.06,0.475,290.37097,222.70642,0.97222185
0.06,0.47708333,290.40442,222.72449,0.97222185
0.06,0.47916666,290.4369,222.74188,0.97222185
0.06,0.48125,290.46844,222.7587,0.97222185
0.06,0.48333332,290.49915,222.7749,0.97222185
0.06,0.48541668,290.52887,222.79056,0.97222185
0.06,0.4875,290.55768,222.80566,0.97222185
0.06,0.48958334,290.58533,222.82022,0.97222185
0.06,0.49166667,290.61224,222.83429,0.97222185
0.06,0.49375,290.63824,222.84781,0.97222185
0.06,0.49583334,290.6632,222.8609,0.97222185
0.06,0.49791667,290.6872,222.87347,0.97222185
0.06,0.5,290.7105,222.88565,0.97222185
0.06,0.50208336,290.7328,222.89737,0.97222185
0.06,0.50416666,290.75427,222.90866,0.97222185
0.06,0.50625,290.77478,222.91956,0.97222185
0.06,0.5083333,290.79456,222.93005,0.97222185
0.06,0.5104167,290.81342,222.94019,0.97222185
0.06,0.5125,290.83167,222.94995,0.97222185
0.06,0.51458335,290.84894,222.95932,0.97222185
0.06,0.51666665,290.86554,222.96838,0.97222185
0.06,0.51875,290.88147,222.97711,0.97222185
0.06,0.5208333,290.89655,222.98553,0.97222185
0.06,0.5229167,290.911,222.99365,0.97222185
0.06,0.525,290.92474,223.00143,0.97222185
0.06,0.52708334,290.93787,223.00897,0.97222185
0.06,0.52916664,290.95038,223.01624,0.97222185
0.06,0.53125,290.96228,223.0232,0.97222185
0.06,0.53333336,290.97375,223.0299,0.97222185
0.06,0.53541666,290.9845,223.03638,0.97222185
0.06,0.5375,290.99475,223.04263,0.97222185
0.06,0.5395833,291.00452,223.04865,0.97222185
0.06,0.5416667,291.01373,223.05441,0.97222185
0.06,0.54375,291.02234,223.06,0.97222185
0.06,0.54583335,291.03064,223.06534,0.97222185
0.06,0.54791665,291.0385,223.0705,0.97222185
0.06,0.55,291.04602,223.07547,0.97222185
0.06,0.5520833,291.05304,223.08026,0.97222185
0.06,0.5541667,291.0597,223.08484,0.97222185
0.06,0.55625,291.06604,223.0893,0.97222185
0.06,0.55833334,291.0719,223.09357,0.97222185
0.06,0.56041664,291.0775,223.09766,0.97222185
0.06,0.5625,291.0829,223.10162,0.97222185
0.06,0.56458336,291.08777,223.10541,0.97222185
0.06,0.56666666,291.09247,223.10907,0.97222185
0.06,0.56875,291.09705,223.11261,0.97222185
0.06,0.5708333,291.1012,223.11597,0.97222185
0.06,0.5729167,291.1051,223.11926,0.97222185
0.06,0.575,291.10876,223.12238,0.97222185
0.06,0.57708335,291.11224,223.1254,0.97222185
0.06,0.57916665,291.1156,223.1283,0.97222185
0.06,0.58125,291.1187,223.1311,0.97222185
0.06,0.5833333,291.12152,223.13376,0.97222185
0.06,0.5854167,291.12433,223.13635,0.97222185
0.06,0.5875,291.12683,223.13885,0.97222185
0.06,0.58958334,291.12927,223.14124,0.97222185
0.06,0.59166664,291.13147,223.14355,0.97222185
0.06,0.59375,291.13367,223.14575,0.97222185
0.06,0.59583336,291.13562,223.14786,0.97222185
0.06,0.59791666,291.13757,223.1499,0.97222185
0.06,0.6,291.13928,223.15186,0.97222185
0.06,0.6020833,291.14093,223.15375,0.97222185
0.06,0.6041667,291.14246,223.15558,0.97222185
0.06,0.60625,291.14392,223.15735,0.97222185
0.06,0.60833335,291.14532,223.159,0.97222185
0.06,0.61041665,291.1466,223.16061,0.97222185
0.06,0.6125,291.14783,223.16217,0.97222185
0.06,0.6145833,291.149,223.16367,0.97222185
0.06,0.6166667,291.15002,223.1651,0.97222185
0.06,0.61875,291.151,223.16644,0.97222185
0.06,0.62083334,291.15198,223.16779,0.97222185
0.06,0.62291664,291.1529,223.16907,0.97222185
0.06,0.625,291.1537,223.17029,0.97222185
0.06,0.62708336,291.15442,223.17145,0.97222185
0.06,0.62916666,291.15515,223.1726,0.97222185
0.06,0.63125,291.15588,223.1737,0.97222185
0.06,0.6333333,291.15662,223.17474,0.97222185
0.06,0.6354167,291.15717,223.17572,0.97222185
0.06,0.6375,291.15784,223.1767,0.97222185
0.06,0.63958335,291.15833,223.17761,0.97222185
0.06,0.64166665,291.1588,223.17853,0.97222185
0.06,0.64375,291.1593,223.17938,0.97222185
0.06,0.6458333,291.1598,223.18018,0.97222185
0.06,0.6479167,291.16028,223.18097,0.97222185
0.06,0.65,291.16077,223.18173,0.97222185
0.06,0.65208334,291.1612,223.18246,0.97222185
0.06,0.65416664,291.1615,223.18317,0.97222185
0.06,0.65625,291.162,223.18384,0.97222185
0.06,0.65833336,291.16223,223.18448,0.97222185
0.06,0.66041666,291.16266,223.18512,0.97222185
0.06,0.6625,291.16296,223.1857,0.97222185
0.06,0.6645833,291.16327,223.18628,0.97222185
0.06,0.6666667,291.16364,223.18683,0.97222185
0.06,0.66875,291.16394,223.18738,0.97222185
0.06,0.67083335,291.16418,223.18787,0.97222185
0.06,0.67291665,291.16443,223.18835,0.97222185
0.06,0.675,291.16467,223.18881,0.97222185
0.06,0.6770833,291.16492,223.18927,0.97222185
0.06,0.6791667,291.16516,223.1897,0.97222185
0.06,0.68125,291.1654,223.1901,0.97222185
0.06,0.68333334,291.16565,223.19049,0.97222185
0.06,0.68541664,291.1659,223.19089,0.97222185
0.06,0.6875,291.16614,223.19125,0.97222185
0.06,0.68958336,291.16638,223.19159,0.97222185
0.06,0.69166666,291.16663,223.19196,0.97222185
0.06,0.69375,291.1668,223.19226,0.97222185
0.06,0.6958333,291.16693,223.19257,0.97222185
0.06,0.6979167,291.1671,223.19287,0.97222185
0.06,0.7,291.16736,223.19318,0.97222185
0.06,0.70208335,291.1676,223.19342,0.97222185
0.06,0.70416665,291.16766,223.19373,0.97222185
0.06,0.70625,291.16785,223.19397,0.97222185
0.06,0.7083333,291.1681,223.19421,0.97222185
0.06,0.7104167,291.16815,223.19446,0.97222185
0.06,0.7125,291.16833,223.19464,0.97222185
0.06,0.71458334,291.16858,223.19489,0.97222185
0.06,0.71666664,291.16864,223.19507,0.97222185
0.06,0.71875,291.16882,223.19528,0.97222185
0.06,0.72083336,291.169,223.19547,0.97222185
0.06,0.72291666,291.16907,223.19568,0.97222185
0.06,0.725,291.1693,223.19583,0.97222185
0.06,0.7270833,291.16937,223.19601,0.97222185
0.06,0.7291667,291.16956,223.19617,0.97222185
0.06,0.73125,291.16962,223.19632,0.97222185
0.06,0.73333335,291.1698,223.19647,0.97222185
0.06,0.73541665,291.16998,223.1966,0.97222185
0.06,0.7375,291.17004,223.19675,0.97222185
0.06,0.7395833,291.1701,223.1969,0.97222185
0.06,0.7416667,291.1703,223.19702,0.97222185
0.06,0.74375,291.1703,223.19714,0.97222185
0.06,0.74583334,291.17053,223.19727,0.97222185
0.06,0.74791664,291.17053,223.19736,0.97222185
0.06,0.75,291.1706,223.19745,0.97222185
0.06,0.75208336,291.17078,223.19757,0.97222185
0.06,0.75416666,291.17084,223.19766,0.97222185
0.06,0.75625,291.17102,223.19775,0.97222185
0.06,0.7583333,291.17102,223.19785,0.97222185
0.06,0.7604167,291.17108,223.19794,0.97222185
0.06,0.7625,291.17126,223.198,0.97222185
0.06,0.76458335,291.17126,223.19809,0.97222185
0.06,0.76666665,291.17145,223.19818,0.97222185
0.06,0.76875,291.1715,223.19824,0.97222185
0.06,0.7708333,291.1715,223.1983,0.97222185
0.06,0.7729167,291.17157,223.19843,0.97222185
0.06,0.775,291.17175,223.19846,0.97222185
0.06,0.77708334,291.17175,223.19852,0.97222185
0.06,0.77916664,291.17175,223.19858,0.97222185
0.06,0.78125,291.17194,223.19864,0.97222185
0.06,0.78333336,291.172,223.1987,0.97222185
0.06,0.78541666,291.172,223.19873,0.97222185
0.06,0.7875,291.17206,223.19879,0.97222185
0.06,0.7895833,291.17206,223.19885,0.97222185
0.06,0.7916667,291.17224,223.19888,0.97222185
0.06,0.79375,291.17224,223.19894,0.97222185
0.06,0.79583335,291.17224,223.19897,0.97222185
0.06,0.79791665,291.1723,223.19904,0.97222185
0.06,0.8,291.17242,223.19907,0.97222185
0.06,0.8020833,291.1725,223.1991,0.97222185
0.06,0.8041667,291.1725,223.19916,0.97222185
0.06,0.80625,291.1725,223.19916,0.97222185
0.06,0.80833334,291.1725,223.19919,0.97222185
0.06,0.81041664,291.17255,223.19922,0.97222185
0.06,0.8125,291.17267,223.19928,0.97222185
0.06,0.81458336,291.17273,223.19928,0.97222185
0.06,0.81666666,291.17273,223.19931,0.97222185
0.06,0.81875,291.17273,223.19934,0.97222185
0.06,0.8208333,291.17273,223.19937,0.97222185
0.06,0.8229167,291.1728,223.1994,0.97222185
0.06,0.825,291.1728,223.19943,0.97222185
0.06,0.82708335,291.1729,223.19946,0.97222185
0.06,0.82916665,291.1729,223.19946,0.97222185
0.06,0.83125,291.17297,223.19946,0.97222185
0.06,0.8333333,291.17297,223.19952,0.97222185
0.06,0.8354167,291.17297,223.19952,0.97222185
0.06,0.8375,291.17297,223.19952,0.97222185
0.06,0.83958334,291.17297,223.19955,0.97222185
0.06,0.84166664,291.17297,223.19958,0.97222185
0.06,0.84375,291.17297,223.19958,0.97222185
0.06,0.84583336,291.17303,223.19962,0.97222185
0.06,0.84791666,291.17303,223.19962,0.97222185
0.06,0.85,291.17303,223.19965,0.97222185
0.06,0.8520833,291.17303,223.19965,0.97222185
0.06,0.8541667,291.17303,223.19965,0.97222185
0.06,0.85625,291.17316,223.19968,0.97222185
0.06,0.85833335,291.17322,223.1997,0.97222185
0.06,0.86041665,291.17322,223.1997,0.97222185
0.06,0.8625,291.17322,223.1997,0.97222185
0.06,0.8645833,291.17322,223.19974,0.97222185
0.06,0.8666667,291.17322,223.19974,0.97222185
0.06,0.86875,291.17322,223.19977,0.97222185
0.06,0.87083334,291.17322,223.19977,0.97222185
0.06,0.87291664,291.17322,223.19977,0.97222185
0.06,0.875,291.17322,223.19977,0.97222185
0.06,0.87708336,291.17322,223.19977,0.97222185
0.06,0.87916666,291.17322,223.1998,0.97222185
0.06,0.88125,291.17322,223.1998,0.97222185
0.06,0.8833333,291.17322,223.1998,0.97222185
0.06,0.8854167,291.17322,223.19983,0.97222185
0.06,0.8875,291.17322,223.19983,0.97222185
0.06,0.88958335,291.17322,223.19983,0.97222185
0.06,0.89166665,291.17322,223.19983,0.97222185
0.06,0.89375,291.17322,223.19983,0.97222185
0.06,0.8958333,291.17322,223.19983,0.97222185
0.06,0.8979167,291.17328,223.19983,0.97222185
0.06,0.9,291.17328,223.19983,0.97222185
0.06,0.90208334,291.17328,223.19983,0.97222185
0.06,0.90416664,291.17328,223.19989,0.97222185
0.06,0.90625,291.17328,223.19989,0.97222185
0.06,0.90833336,291.17328,223.19989,0.97222185
0.06,0.91041666,291.1734,223.19989,0.97222185
0.06,0.9125,291.1734,223.19989,0.97222185
0.06,0.9145833,291.1734,223.19989,0.97222185
0.06,0.9166667,291.1734,223.19989,0.97222185
0.06,0.91875,291.1734,223.19989,0.97222185
0.06,0.92083335,291.1734,223.19989,0.97222185
0.06,0.92291665,291.1734,223.19989,0.97222185
0.06,0.925,291.1734,223.19989,0.97222185
0.06,0.9270833,291.1734,223.19989,0.97222185
0.06,0.9291667,291.1734,223.19989,0.97222185
0.06,0.93125,291.1734,223.19989,0.97222185
0.06,0.93333334,291.1734,223.19989,0.97222185
0.06,0.93541664,291.1734,223.19989,0.97222185
0.06,0.9375,291.1734,223.19989,0.97222185
0.06,0.93958336,291.1734,223.19989,0.97222185
0.06,0.94166666,291.1734,223.19989,0.97222185
0.06,0.94375,291.1734,223.19989,0.97222185
0.06,0.9458333,291.1734,223.19989,0.97222185
0.06,0.9479167,291.1734,223.19989,0.97222185
0.06,0.95,291.1734,223.19989,0.97222185
0.06,0.95208335,291.1734,223.19989,0.97222185
0.06,0.95416665,291.1734,223.19989,0.97222185
0.06,0.95625,291.1734,223.19989,0.97222185
0.06,0.9583333,291.1734,223.19989,0.97222185
0.06,0.9604167,291.1734,223.19989,0.97222185
0.06,0.9625,291.1734,223.19989,0.97222185
0.06,0.96458334,291.1734,223.19989,0.97222185
0.06,0.96666664,291.1734,223.19989,0.97222185
0.06,0.96875,291.1734,223.19989,0.97222185
0.06,0.97083336,291.1734,223.19989,0.97222185
0.06,0.97291666,291.1734,223.19989,0.97222185
0.06,0.975,291.1734,223.19989,0.97222185
0.06,0.9770833,291.1734,223.19989,0.97222185
0.06,0.9791667,291.1734,223.19989,0.97222185
0.06,0.98125,291.1734,223.19989,0.97222185
0.06,0.98333335,291.1734,223.19989,0.97222185
0.06,0.98541665,291.1734,223.19989,0.97222185
0.06,0.9875,291.1734,223.19989,0.97222185
0.06,0.9895833,291.1734,223.19989,0.97222185
0.06,0.9916667,291.1734,223.19989,0.97222185
0.06,0.99375,291.1734,223.19989,0.97222185
0.06,0.99583334,291.1734,223.19989,0.97222185
0.06,0.99791664,291.1734,223.19989,0.97222185
0.06,1.0,291.1734,223.19989,0.97222185
0.06,1.0020833,291.1734,223.19989,0.97222185
0.06,1.0041667,291.1734,223.19989,0.97222185
0.06,1.00625,291.1734,223.19989,0.97222185
0.06,1.0083333,291.1734,223.19989,0.97222185
0.06,1.0104166,291.1734,223.19989,0.97222185
0.06,1.0125,291.1734,223.19989,0.97222185
0.06,1.0145833,291.1734,223.19989,0.97222185
0.06,1.0166667,291.1734,223.19989,0.97222185
0.06,1.01875,291.1734,223.19989,0.97222185
0.06,1.0208334,291.1734,223.19989,0.97222185
0.06,1.0229167,291.1734,223.19989,0.97222185
0.06,1.025,291.1734,223.19989,0.97222185
0.06,1.0270833,291.1734,223.19989,0.97222185
0.06,1.0291667,291.1734,223.19989,0.97222185
0.06,1.03125,291.1734,223.19989,0.97222185
0.06,1.0333333,291.1734,223.19989,0.97222185
0.06,1.0354167,291.1734,223.19989,0.97222185
0.06,1.0375,291.1734,223.19989,0.97222185
0.06,1.0395833,291.1734,223.19989,0.97222185
0.06,1.0416666,291.1734,223.19989,0.97222185
0.06,1.04375,291.1734,223.19989,0.97222185
0.06,1.0458333,291.1734,223.19989,0.97222185
0.06,1.0479167,291.1734,223.19989,0.97222185
0.06,1.05,291.1734,223.19989,0.97222185
0.06,1.0520834,291.1734,223.19989,0.97222185
0.06,1.0541667,291.1734,223.19989,0.97222185
0.06,1.05625,291.1734,223.19989,0.97222185
0.06,1.0583333,291.1734,223.19989,0.97222185
0.06,1.0604167,291.1734,223.19989,0.97222185
0.06,1.0625,291.1734,223.19989,0.97222185
0.06,1.0645833,291.1734,223.19989,0.97222185
0.06,1.0666667,291.1734,223.19989,0.97222185
0.06,1.06875,291.1734,223.19989,0.97222185
0.06,1.0708333,291.1734,223.19989,0.97222185
0.06,1.0729166,291.1734,223.19989,0.97222185
0.06,1.075,291.1734,223.19989,0.97222185
0.06,1.0770833,291.1734,223.19989,0.97222185
0.06,1.0791667,291.1734,223.19989,0.97222185
0.06,1.08125,291.1734,223.19989,0.97222185
0.06,1.0833334,291.1734,223.19989,0.97222185
0.06,1.0854167,291.1734,223.19989,0.97222185
0.06,1.0875,291.1734,223.19989,0.97222185
0.06,1.0895833,291.1734,223.19989,0.97222185
0.06,1.0916667,291.1734,223.19989,0.97222185
0.06,1.09375,291.1734,223.19989,0.97222185
0.06,1.0958333,291.1734,223.19989,0.97222185
0.06,1.0979167,291.1734,223.19989,0.97222185
0.06,1.1,291.1734,223.19989,0.97222185
0.06,1.1020833,291.1734,223.19989,0.97222185
0.06,1.1041666,291.1734,223.19989,0.97222185
0.06,1.10625,291.1734,223.19989,0.97222185
0.06,1.1083333,291.1734,223.19989,0.97222185
0.06,1.1104167,291.1734,223.19989,0.97222185
0.06,1.1125,291.1734,223.19989,0.97222185
0.06,1.1145834,291.1734,223.19989,0.97222185
0.06,1.1166667,291.1734,223.19989,0.97222185
0.06,1.11875,291.1734,223.19989,0.97222185
0.06,1.1208333,291.1734,223.19989,0.97222185
0.06,1.1229167,291.1734,223.19989,0.97222185
0.06,1.125,291.1734,223.19989,0.97222185
0.06,1.1270833,291.1734,223.19989,0.97222185
0.06,1.1291667,291.1734,223.19989,0.97222185
0.06,1.13125,291.1734,223.19989,0.97222185
0.06,1.1333333,291.1734,223.19989,0.97222185
0.06,1.1354166,291.1734,223.19989,0.97222185
0.06,1.1375,291.1734,223.19989,0.97222185
0.06,1.1395833,291.1734,223.19989,0.97222185
0.06,1.1416667,291.1734,223.19989,0.97222185
0.06,1.14375,291.1734,223.19989,0.97222185
0.06,1.1458334,291.1734,223.19989,0.97222185
0.06,1.1479167,291.1734,223.19989,0.97222185
0.06,1.15,291.1734,223.19989,0.97222185
0.06,1.1520833,291.1734,223.19989,0.97222185
0.06,1.1541667,291.1734,223.19989,0.97222185
0.06,1.15625,291.1734,223.19989,0.97222185
0.06,1.1583333,291.1734,223.19989,0.97222185
0.06,1.1604167,291.1734,223.19989,0.97222185
0.06,1.1625,291.1734,223.19989,0.97222185
0.06,1.1645833,291.1734,223.19989,0.97222185
0.06,1.1666666,291.1734,223.19989,0.97222185
0.06,1.16875,291.1734,223.19989,0.97222185
0.06,1.1708333,291.1734,223.19989,0.97222185
0.06,1.1729167,291.1734,223.19989,0.97222185
0.06,1.175,291.1734,223.19989,0.97222185
0.06,1.1770834,291.1734,223.19989,0.97222185
0.06,1.1791667,291.1734,223.19989,0.97222185
0.06,1.18125,291.1734,223.19989,0.97222185
0.06,1.1833333,291.1734,223.19989,0.97222185
0.06,1.1854167,291.1734,223.19989,0.97222185
0.06,1.1875,291.1734,223.19989,0.97222185
0.06,1.1895833,291.1734,223.19989,0.97222185
0.06,1.1916667,291.1734,223.19989,0.97222185
0.06,1.19375,291.1734,223.19989,0.97222185
0.06,1.1958333,291.1734,223.19989,0.97222185
0.06,1.1979166,291.1734,223.19989,0.97222185
0.06,1.2,291.1734,223.19989,0.97222185
0.06,1.2020833,291.1734,223.19989,0.97222185
0.06,1.2041667,291.1734,223.19989,0.97222185
0.06,1.20625,291.1734,223.19989,0.97222185
0.06,1.2083334,291.1734,223.19989,0.97222185
0.06,1.2104167,291.1734,223.19989,0.97222185
0.06,1.2125,291.1734,223.19989,0.97222185
0.06,1.2145833,291.1734,223.19989,0.97222185
0.06,1.2166667,291.1734,223.19989,0.97222185
0.06,1.21875,291.1734,223.19989,0.97222185
0.06,1.2208333,291.1734,223.19989,0.97222185
0.06,1.2229167,291.1734,223.19989,0.97222185
0.06,1.225,291.1734,223.19989,0.97222185
0.06,1.2270833,291.1734,223.19989,0.97222185
0.06,1.2291666,291.1734,223.19989,0.97222185
0.06,1.23125,291.1734,223.19989,0.97222185
0.06,1.2333333,291.1734,223.19989,0.97222185
0.06,1.2354167,291.1734,223.19989,0.97222185
0.06,1.2375,291.1734,223.19989,0.97222185
0.06,1.2395834,291.1734,223.19989,0.97222185
0.06,1.2416667,291.1734,223.19989,0.97222185
0.06,1.24375,291.1734,223.19989,0.97222185
0.06,1.2458333,291.1734,223.19989,0.97222185
0.06,1.2479167,291.1734,223.19989,0.97222185
0.06,1.25,291.1734,223.19989,0.97222185
0.06,1.2520833,291.1734,223.19989,0.97222185
0.06,1.2541667,291.1734,223.19989,0.97222185
0.06,1.25625,291.1734,223.19989,0.97222185
0.06,1.2583333,291.1734,223.19989,0.97222185
0.06,1.2604166,291.1734,223.19989,0.97222185
0.06,1.2625,291.1734,223.19989,0.97222185
0.06,1.2645833,291.1734,223.19989,0.97222185
0.06,1.2666667,291.1734,223.19989,0.97222185
0.06,1.26875,291.1734,223.19989,0.97222185
0.06,1.2708334,291.1734,223.19989,0.97222185
0.06,1.2729167,291.1734,223.19989,0.97222185
0.06,1.275,291.1734,223.19989,0.97222185
0.06,1.2770833,291.1734,223.19989,0.97222185
0.06,1.2791667,291.1734,223.19989,0.97222185
0.06,1.28125,291.1734,223.19989,0.97222185
0.06,1.2833333,291.1734,223.19989,0.97222185
0.06,1.2854167,291.1734,223.19989,0.97222185
0.06,1.2875,291.1734,223.19989,0.97222185
0.06,1.2895833,291.1734,223.19989,0.97222185
0.06,1.2916666,291.1734,223.19989,0.97222185
0.06,1.29375,291.1734,223.19989,0.97222185
0.06,1.2958333,291.1734,223.19989,0.97222185
0.06,1.2979167,291.1734,223.19989,0.97222185
0.06,1.3,291.1734,223.19989,0.97222185
0.06,1.3020834,291.1734,223.19989,0.97222185
0.06,1.3041667,291.1734,223.19989,0.97222185
0.06,1.30625,291.1734,223.19989,0.97222185
0.06,1.3083333,291.1734,223.19989,0.97222185
0.06,1.3104167,291.1734,223.19989,0.97222185
0.06,1.3125,291.1734,223.19989,0.97222185
0.06,1.3145833,291.1734,223.19989,0.97222185
0.06,1.3166667,291.1734,223.19989,0.97222185
0.06,1.31875,291.1734,223.19989,0.97222185
0.06,1.3208333,291.1734,223.19989,0.97222185
0.06,1.3229166,291.1734,223.19989,0.97222185
0.06,1.325,291.1734,223.19989,0.97222185
0.06,1.3270833,291.1734,223.19989,0.97222185
0.06,1.3291667,291.1734,223.19989,0.97222185
0.06,1.33125,291.1734,223.19989,0.97222185
0.06,1.3333334,291.1734,223.19989,0.97222185
0.06,1.3354167,291.1734,223.19989,0.97222185
0.06,1.3375,291.1734,223.19989,0.97222185
0.06,1.3395833,291.1734,223.19989,0.97222185
0.06,1.3416667,291.1734,223.19989,0.97222185
0.06,1.34375,291.1734,223.19989,0.97222185
0.06,1.3458333,291.1734,223.19989,0.97222185
0.06,1.3479167,291.1734,223.19989,0.97222185
0.06,1.35,291.1734,223.19989,0.97222185
0.06,1.3520833,291.1734,223.19989,0.97222185
0.06,1.3541666,291.1734,223.19989,0.97222185
0.06,1.35625,291.1734,223.19989,0.97222185
0.06,1.3583333,291.1734,223.19989,0.97222185
0.06,1.3604167,291.1734,223.19989,0.97222185
0.06,1.3625,291.1734,223.19989,0.97222185
0.06,1.3645834,291.1734,223.19989,0.97222185
0.06,1.3666667,291.1734,223.19989,0.97222185
0.06,1.36875,291.1734,223.19989,0.97222185
0.06,1.3708333,291.1734,223.19989,0.97222185
0.06,1.3729167,291.1734,223.19989,0.97222185
0.06,1.375,291.1734,223.19989,0.97222185
0.06,1.3770833,291.1734,223.19989,0.97222185
0.06,1.3791667,291.1734,223.19989,0.97222185
0.06,1.38125,291.1734,223.19989,0.97222185
0.06,1.3833333,291.1734,223.19989,0.97222185
0.06,1.3854166,291.1734,223.19989,0.97222185
0.06,1.3875,291.1734,223.19989,0.97222185
0.06,1.3895833,291.1734,223.19989,0.97222185
0.06,1.3916667,291.1734,223.19989,0.97222185
0.06,1.39375,291.1734,223.19989,0.97222185
0.06,1.3958334,291.1734,223.19989,0.97222185
0.06,1.3979167,291.1734,223.19989,0.97222185
0.06,1.4,291.1734,223.19989,0.97222185
0.06,1.4020833,291.1734,223.19989,0.97222185
0.06,1.4041667,291.1734,223.19989,0.97222185
0.06,1.40625,291.1734,223.19989,0.97222185
0.06,1.4083333,291.1734,223.19989,0.97222185
0.06,1.4104167,291.1734,223.19989,0.97222185
0.06,1.4125,291.1734,223.19989,0.97222185
0.06,1.4145833,291.1734,223.19989,0.97222185
0.06,1.4166666,291.1734,223.19989,0.97222185
0.06,1.41875,291.1734,223.19989,0.97222185
0.06,1.4208333,291.1734,223.19989,0.97222185
0.06,1.4229167,291.1734,223.19989,0.97222185
0.06,1.425,291.1734,223.19989,0.97222185
0.06,1.4270834,291.1734,223.19989,0.97222185
0.06,1.4291667,291.1734,223.19989,0.97222185
0.06,1.43125,291.1734,223.19989,0.97222185
0.06,1.4333333,291.1734,223.19989,0.97222185
0.06,1.4354167,291.1734,223.19989,0.97222185
0.06,1.4375,291.1734,223.19989,0.97222185
0.06,1.4395833,291.1734,223.19989,0.97222185
0.06,1.4416667,291.1734,223.19989,0.97222185
0.06,1.44375,291.1734,223.19989,0.97222185
0.06,1.4458333,291.1734,223.19989,0.97222185
0.06,1.4479166,291.1734,223.19989,0.97222185
0.06,1.45,291.1734,223.19989,0.97222185
0.06,1.4520833,291.1734,223.19989,0.97222185
0.06,1.4541667,291.1734,223.19989,0.97222185
0.06,1.45625,291.1734,223.19989,0.97222185
0.06,1.4583334,291.1734,223.19989,0.97222185
0.06,1.4604167,291.1734,223.19989,0.97222185
0.06,1.4625,291.1734,223.19989,0.97222185
0.06,1.4645833,291.1734,223.19989,0.97222185
0.06,1.4666667,291.1734,223.19989,0.97222185
0.06,1.46875,291.1734,223.19989,0.97222185
0.06,1.4708333,291.1734,223.19989,0.97222185
0.06,1.4729167,291.1734,223.19989,0.97222185
0.06,1.475,291.1734,223.19989,0.97222185
0.06,1.4770833,291.1734,223.19989,0.97222185
0.06,1.4791666,291.1734,223.19989,0.97222185
0.06,1.48125,291.1734,223.19989,0.97222185
0.06,1.4833333,291.1734,223.19989,0.97222185
0.06,1.4854167,291.1734,223.19989,0.97222185
0.06,1.4875,291.1734,223.19989,0.97222185
0.06,1.4895834,291.1734,223.19989,0.97222185
0.06,1.4916667,291.1734,223.19989,0.97222185
0.06,1.49375,291.1734,223.19989,0.97222185
0.06,1.4958333,291.1734,223.19989,0.97222185
0.06,1.4979167,291.1734,223.19989,0.97222185
0.06,1.5,291.1734,223.19989,0.97222185
0.06,1.5020833,291.1734,223.19989,0.97222185
0.06,1.5041667,291.1734,223.19989,0.97222185
0.06,1.50625,291.1734,223.19989,0.97222185
0.06,1.5083333,291.1734,223.19989,0.97222185
0.06,1.5104166,291.1734,223.19989,0.97222185
0.06,1.5125,291.1734,223.19989,0.97222185
0.06,1.5145833,291.1734,223.19989,0.97222185
0.06,1.5166667,291.1734,223.19989,0.97222185
0.06,1.51875,291.1734,223.19989,0.97222185
0.06,1.5208334,291.1734,223.19989,0.97222185
0.06,1.5229167,291.1734,223.19989,0.97222185
0.06,1.525,291.1734,223.19989,0.97222185
0.06,1.5270833,291.1734,223.19989,0.97222185
0.06,1.5291667,291.1734,223.19989,0.97222185
0.06,1.53125,291.1734,223.19989,0.97222185
0.06,1.5333333,291.1734,223.19989,0.97222185
0.06,1.5354167,291.1734,223.19989,0.97222185
0.06,1.5375,291.1734,223.19989,0.97222185
0.06,1.5395833,291.1734,223.19989,0.97222185
0.06,1.5416666,291.1734,223.19989,0.97222185
0.06,1.54375,291.1734,223.19989,0.97222185
0.06,1.5458333,291.1734,223.19989,0.97222185
0.06,1.5479167,291.1734,223.19989,0.97222185
0.06,1.55,291.1734,223.19989,0.97222185
0.06,1.5520834,291.1734,223.19989,0.97222185
0.06,1.5541667,291.1734,223.19989,0.97222185
0.06,1.55625,291.1734,223.19989,0.97222185
0.06,1.5583333,291.1734,223.19989,0.97222185
0.06,1.5604167,291.1734,223.19989,0.97222185
0.06,1.5625,291.1734,223.19989,0.97222185
0.06,1.5645833,291.1734,223.19989,0.97222185
0.06,1.5666667,291.1734,223.19989,0.97222185
0.06,1.56875,291.1734,223.19989,0.97222185
0.06,1.5708333,291.1734,223.19989,0.97222185
0.06,1.5729166,291.1734,223.19989,0.97222185
0.06,1.575,291.1734,223.19989,0.97222185
0.06,1.5770833,291.1734,223.19989,0.97222185
0.06,1.5791667,291.1734,223.19989,0.97222185
0.06,1.58125,291.1734,223.19989,0.97222185
0.06,1.5833334,291.1734,223.19989,0.97222185
0.06,1.5854167,291.1734,223.19989,0.97222185
0.06,1.5875,291.1734,223.19989,0.97222185
0.06,1.5895833,291.1734,223.19989,0.97222185
0.06,1.5916667,291.1734,223.19989,0.97222185
0.06,1.59375,291.1734,223.19989,0.97222185
0.06,1.5958333,291.1734,223.19989,0.97222185
0.06,1.5979167,291.1734,223.19989,0.97222185
0.06,1.6,291.1734,223.19989,0.97222185
0.06,1.6020833,291.1734,223.19989,0.97222185
0.06,1.6041666,291.1734,223.19989,0.97222185
0.06,1.60625,291.1734,223.19989,0.97222185
0.06,1.6083333,291.1734,223.19989,0.97222185
0.06,1.6104167,291.1734,223.19989,0.97222185
0.06,1.6125,291.1734,223.19989,0.97222185
0.06,1.6145834,291.1734,223.19989,0.97222185
0.06,1.6166667,291.1734,223.19989,0.97222185
0.06,1.61875,291.1734,223.19989,0.97222185
0.06,1.6208333,291.1734,223.19989,0.97222185
0.06,1.6229167,291.1734,223.19989,0.97222185
0.06,1.625,291.1734,223.19989,0.97222185
0.06,1.6270833,291.1734,223.19989,0.97222185
0.06,1.6291667,291.1734,223.19989,0.97222185
0.06,1.63125,291.1734,223.19989,0.97222185
0.06,1.6333333,291.1734,223.19989,0.97222185
0.06,1.6354166,291.1734,223.19989,0.97222185
0.06,1.6375,291.1734,223.19989,0.97222185
0.06,1.6395833,291.1734,223.19989,0.97222185
0.06,1.6416667,291.1734,223.19989,0.97222185
0.06,1.64375,291.1734,223.19989,0.97222185
0.06,1.6458334,291.1734,223.19989,0.97222185
0.06,1.6479167,291.1734,223.19989,0.97222185
0.06,1.65,291.1734,223.19989,0.97222185
0.06,1.6520833,291.1734,223.19989,0.97222185
0.06,1.6541667,291.1734,223.19989,0.97222185
0.06,1.65625,291.1734,223.19989,0.97222185
0.06,1.6583333,291.1734,223.19989,0.97222185
0.06,1.6604167,291.1734,223.19989,0.97222185
0.06,1.6625,291.1734,223.19989,0.97222185
0.06,1.6645833,291.1734,223.19989,0.97222185
0.06,1.6666666,291.1734,223.19989,0.97222185
0.06,1.66875,291.1734,223.19989,0.97222185
0.06,1.6708333,291.1734,223.19989,0.97222185
0.06,1.6729167,291.1734,223.19989,0.97222185
0.06,1.675,291.1734,223.19989,0.97222185
0.06,1.6770834,291.1734,223.19989,0.97222185
0.06,1.6791667,291.1734,223.19989,0.97222185
0.06,1.68125,291.1734,223.19989,0.97222185
0.06,1.6833333,291.1734,223.19989,0.97222185
0.06,1.6854167,291.1734,223.19989,0.97222185
0.06,1.6875,291.1734,223.19989,0.97222185
0.06,1.6895833,291.1734,223.19989,0.97222185
0.06,1.6916667,291.1734,223.19989,0.97222185
0.06,1.69375,291.1734,223.19989,0.97222185
0.06,1.6958333,291.1734,223.19989,0.97222185
0.06,1.6979166,291.1734,223.19989,0.97222185
0.06,1.7,291.1734,223.19989,0.97222185
0.06,1.7020833,291.1734,223.19989,0.97222185
0.06,1.7041667,291.1734,223.19989,0.97222185
0.06,1.70625,291.1734,223.19989,0.97222185
0.06,1.7083334,291.1734,223.19989,0.97222185
0.06,1.7104167,291.1734,223.19989,0.97222185
0.06,1.7125,291.1734,223.19989,0.97222185
0.06,1.7145833,291.1734,223.19989,0.97222185
0.06,1.7166667,291.1734,223.19989,0.97222185
0.06,1.71875,291.1734,223.19989,0.97222185
0.06,1.7208333,291.1734,223.19989,0.97222185
0.06,1.7229167,291.1734,223.19989,0.97222185
0.06,1.725,291.1734,223.19989,0.97222185
0.06,1.7270833,291.1734,223.19989,0.97222185
0.06,1.7291666,291.1734,223.19989,0.97222185
0.06,1.73125,291.1734,223.19989,0.97222185
0.06,1.7333333,291.1734,223.19989,0.97222185
0.06,1.7354167,291.1734,223.19989,0.97222185
0.06,1.7375,291.1734,223.19989,0.97222185
0.06,1.7395834,291.1734,223.19989,0.97222185
0.06,1.7416667,291.1734,223.19989,0.97222185
0.06,1.74375,291.1734,223.19989,0.97222185
0.06,1.7458333,291.1734,223.19989,0.97222185
0.06,1.7479167,291.1734,223.19989,0.97222185
0.06,1.75,291.1734,223.19989,0.97222185
0.06,1.7520833,291.1734,223.19989,0.97222185
0.06,1.7541667,291.1734,223.19989,0.97222185
0.06,1.75625,291.1734,223.19989,0.97222185
0.06,1.7583333,291.1734,223.19989,0.97222185
0.06,1.7604166,291.1734,223.19989,0.97222185
0.06,1.7625,291.1734,223.19989,0.97222185
0.06,1.7645833,291.1734,223.19989,0.97222185
0.06,1.7666667,291.1734,223.19989,0.97222185
0.06,1.76875,291.1734,223.19989,0.97222185
0.06,1.7708334,291.1734,223.19989,0.97222185
0.06,1.7729167,291.1734,223.19989,0.97222185
0.06,1.775,291.1734,223.19989,0.97222185
0.06,1.7770833,291.1734,223.19989,0.97222185
0.06,1.7791667,291.1734,223.19989,0.97222185
0.06,1.78125,291.1734,223.19989,0.97222185
0.06,1.7833333,291.1734,223.19989,0.97222185
0.06,1.7854167,291.1734,223.19989,0.97222185
0.06,1.7875,291.1734,223.19989,0.97222185
0.06,1.7895833,291.1734,223.19989,0.97222185
0.06,1.7916666,291.1734,223.19989,0.97222185
0.06,1.79375,291.1734,223.19989,0.97222185
0.06,1.7958333,291.1734,223.19989,0.97222185
0.06,1.7979167,291.1734,223.19989,0.97222185
0.06,1.8,291.1734,223.19989,0.97222185
0.06,1.8020834,291.1734,223.19989,0.97222185
0.06,1.8041667,291.1734,223.19989,0.97222185
0.06,1.80625,291.1734,223.19989,0.97222185
0.06,1.8083333,291.1734,223.19989,0.97222185
0.06,1.8104167,291.1734,223.19989,0.97222185
0.06,1.8125,291.1734,223.19989,0.97222185
0.06,1.8145833,291.1734,223.19989,0.97222185
0.06,1.8166667,291.1734,223.19989,0.97222185
0.06,1.81875,291.1734,223.19989,0.97222185
0.06,1.8208333,291.1734,223.19989,0.97222185
0.06,1.8229166,291.1734,223.19989,0.97222185
0.06,1.825,291.1734,223.19989,0.97222185
0.06,1.8270833,291.1734,223.19989,0.97222185
0.06,1.8291667,291.1734,223.19989,0.97222185
0.06,1.83125,291.1734,223.19989,0.97222185
0.06,1.8333334,291.1734,223.19989,0.97222185
0.06,1.8354167,291.1734,223.19989,0.97222185
0.06,1.8375,291.1734,223.19989,0.97222185
0.06,1.8395833,291.1734,223.19989,0.97222185
0.06,1.8416667,291.1734,223.19989,0.97222185
0.06,1.84375,291.1734,223.19989,0.97222185
0.06,1.8458333,291.1734,223.19989,0.97222185
0.06,1.8479167,291.1734,223.19989,0.97222185
0.06,1.85,291.1734,223.19989,0.97222185
0.06,1.8520833,291.1734,223.19989,0.97222185
0.06,1.8541666,291.1734,223.19989,0.97222185
0.06,1.85625,291.1734,223.19989,0.97222185
0.06,1.8583333,291.1734,223.19989,0.97222185
0.06,1.8604167,291.1734,223.19989,0.97222185
0.06,1.8625,291.1734,223.19989,0.97222185
0.06,1.8645834,291.1734,223.19989,0.97222185
0.06,1.8666667,291.1734,223.19989,0.97222185
0.06,1.86875,291.1734,223.19989,0.97222185
0.06,1.8708333,291.1734,223.19989,0.97222185
0.06,1.8729167,291.1734,223.19989,0.97222185
0.06,1.875,291.1734,223.19989,0.97222185
0.06,1.8770833,291.1734,223.19989,0.97222185
0.06,1.8791667,291.1734,223.19989,0.97222185
0.06,1.88125,291.1734,223.19989,0.97222185
0.06,1.8833333,291.1734,223.19989,0.97222185
0.06,1.8854166,291.1734,223.19989,0.97222185
0.06,1.8875,291.1734,223.19989,0.97222185
0.06,1.8895833,291.1734,223.19989,0.97222185
0.06,1.8916667,291.1734,223.19989,0.97222185
0.06,1.89375,291.1734,223.19989,0.97222185
0.06,1.8958334,291.1734,223.19989,0.97222185
0.06,1.8979167,291.1734,223.19989,0.97222185
0.06,1.9,291.1734,223.19989,0.97222185
0.06,1.9020833,291.1734,223.19989,0.97222185
0.06,1.9041667,291.1734,223.19989,0.97222185
0.06,1.90625,291.1734,223.19989,0.97222185
0.06,1.9083333,291.1734,223.19989,0.97222185
0.06,1.9104167,291.1734,223.19989,0.97222185
0.06,1.9125,291.1734,223.19989,0.97222185
0.06,1.9145833,291.1734,223.19989,0.97222185
0.06,1.9166666,291.1734,223.19989,0.97222185
0.06,1.91875,291.1734,223.19989,0.97222185
0.06,1.9208333,291.1734,223.19989,0.97222185
0.06,1.9229167,291.1734,223.19989,0.97222185
0.06,1.925,291.1734,223.19989,0.97222185
0.06,1.9270834,291.1734,223.19989,0.97222185
0.06,1.9291667,291.1734,223.19989,0.97222185
0.06,1.93125,291.1734,223.19989,0.97222185
0.06,1.9333333,291.1734,223.19989,0.97222185
0.06,1.9354167,291.1734,223.19989,0.97222185
0.06,1.9375,291.1734,223.19989,0.97222185
0.06,1.9395833,291.1734,223.19989,0.97222185
0.06,1.9416667,291.1734,223.19989,0.97222185
0.06,1.94375,291.1734,223.19989,0.97222185
0.06,1.9458333,291.1734,223.19989,0.97222185
0.06,1.9479166,291.1734,223.19989,0.97222185
0.06,1.95,291.1734,223.19989,0.97222185
0.06,1.9520833,291.1734,223.19989,0.97222185
0.06,1.9541667,291.1734,223.19989,0.97222185
0.06,1.95625,291.1734,223.19989,0.97222185
0.06,1.9583334,291.1734,223.19989,0.97222185
0.06,1.9604167,291.1734,223.19989,0.97222185
0.06,1.9625,291.1734,223.19989,0.97222185
0.06,1.9645833,291.1734,223.19989,0.97222185
0.06,1.9666667,291.1734,223.19989,0.97222185
0.06,1.96875,291.1734,223.19989,0.97222185
0.06,1.9708333,291.1734,223.19989,0.97222185
0.06,1.9729167,291.1734,223.19989,0.97222185
0.06,1.975,291.1734,223.19989,0.97222185
0.06,1.9770833,291.1734,223.19989,0.97222185
0.06,1.9791666,291.1734,223.19989,0.97222185
0.06,1.98125,291.1734,223.19989,0.97222185
0.06,1.9833333,291.1734,223.19989,0.97222185
0.06,1.9854167,291.1734,223.19989,0.97222185
0.06,1.9875,291.1734,223.19989,0.97222185
0.06,1.9895834,291.1734,223.19989,0.97222185
0.06,1.9916667,291.1734,223.19989,0.97222185
0.06,1.99375,291.1734,223.19989,0.97222185
0.06,1.9958333,291.1734,223.19989,0.97222185
0.06,1.9979167,291.1734,223.19989,0.97222185
0.06,2.0,291.1734,223.19989,0.97222185
0.08,0.0020833334,291.17114,223.19763,0.0
0.08,0.004166667,291.17126,223.19775,8.555133E-5
0.08,0.00625,291.19003,223.19647,4.0946345E-4
0.08,0.008333334,291.28326,223.18982,0.0010995191
0.08,0.010416667,291.52524,223.1723,0.0022616435
0.08,0.0125,291.98053,223.13922,0.003982351
0.08,0.014583333,292.69415,223.08716,0.006331434
0.08,0.016666668,293.6917,223.0141,0.009363771
0.08,0.01875,294.98376,222.91907,0.013121749
0.08,0.020833334,296.56934,222.80194,0.017636212
0.08,0.022916667,298.43973,222.66321,0.022928894
0.08,0.025,300.58057,222.5036,0.029012661
0.08,0.027083334,302.9743,222.32422,0.03589403
0.08,0.029166667,305.6006,222.12628,0.043572627
0.08,0.03125,308.43832,221.91113,0.052043933
0.08,0.033333335,311.4655,221.68011,0.06129837
0.08,0.035416666,314.66022,221.4347,0.0713227
0.08,0.0375,318.00085,221.17618,0.08210169
0.08,0.039583333,321.466,220.90594,0.093616486
0.08,0.041666668,325.0357,220.62534,0.1058476
0.08,0.04375,328.69012,220.33557,0.11877268
0.08,0.045833334,332.41107,220.03784,0.1323698
0.08,0.047916666,336.1808,219.73334,0.14661454
0.08,0.05,339.98315,219.42307,0.16148369
0.08,0.052083332,343.80273,219.1081,0.17695202
0.08,0.054166667,347.62555,218.78937,0.19299598
0.08,0.05625,351.4381,218.46777,0.20959026
0.08,0.058333334,355.22882,218.14413,0.22671162
0.08,0.060416665,358.98627,217.81921,0.24433532
0.08,0.0625,362.70074,217.49371,0.26243895
0.08,0.06458333,366.36298,217.16833,0.28099918
0.08,0.06666667,369.96478,216.84363,0.29999316
0.08,0.06875,373.49905,216.52023,0.31940037
0.08,0.07083333,376.95932,216.19858,0.3391988
0.08,0.072916664,380.34003,215.87915,0.35936925
0.08,0.075,383.63605,215.56238,0.3798912
0.08,0.077083334,386.8435,215.2486,0.40074697
0.08,0.079166666,389.95868,214.93826,0.42191744
0.08,0.08125,392.97885,214.63159,0.44338647
0.08,0.083333336,395.90128,214.32889,0.46505082
0.08,0.08541667,398.72382,214.03046,0.48674315
0.08,0.0875,401.4447,213.73657,0.5083194
0.08,0.08958333,404.06277,213.44733,0.52966046
0.08,0.09166667,406.57742,213.16309,0.550665
0.08,0.09375,408.98853,212.88385,0.57125145
0.08,0.09583333,411.29626,212.6098,0.5913519
0.08,0.09791667,413.501,212.34106,0.61091185
0.08,0.1,415.604,212.0777,0.6298904
0.08,0.10208333,417.60632,211.81982,0.6482542
0.08,0.104166664,419.5095,211.56744,0.6659816
0.08,0.10625,421.31516,211.32056,0.6830557
0.08,0.108333334,423.0254,211.07925,0.6994686
0.08,0.110416666,424.6423,210.8435,0.7152161
0.08,0.1125,426.1681,210.61331,0.73030055
0.08,0.114583336,427.60522,210.38867,0.7447263
0.08,0.11666667,428.95642,210.1695,0.75850326
0.08,0.11875,430.22388,209.95578,0.771642
0.08,0.12083333,431.41077,209.7475,0.7841574
0.08,0.12291667,432.5182,209.54468,0.79606444
0.08,0.125,433.54614,209.34744,0.8073809
0.08,0.12708333,434.495,209.15588,0.81812495
0.08,0.12916666,435.36487,208.97018,0.82831544
0.08,0.13125,436.15613,208.79037,0.8379724
0.08,0.13333334,436.86914,208.61655,0.84711635
0.08,0.13541667,437.50464,208.44879,0.8557673
0.08,0.1375,438.0628,208.28723,0.86394536
0.08,0.13958333,438.54443,208.13184,0.87167144
0.08,0.14166667,438.94995,207.98279,0.87896496
0.08,0.14375,439.27985,207.84009,0.8858462
0.08,0.14583333,439.5348,207.70383,0.89233404
0.08,0.14791666,439.7152,207.57404,0.89844775
0.08,0.15,439.8216,207.4508,0.9042055
0.08,0.15208334,439.8545,207.3342,0.909625
0.08,0.15416667,439.8141,207.22424,0.91472363
0.08,0.15625,439.70105,207.12103,0.9195183
0.08,0.15833333,439.51562,207.0246,0.9240248
0.08,0.16041666,439.25806,206.93506,0.9282584
0.08,0.1625,438.9287,206.85239,0.93223417
0.08,0.16458334,438.5277,206.77667,0.9359663
0.08,0.16666667,438.0553,206.70801,0.9394683
0.08,0.16875,437.51184,206.64642,0.94275296
0.08,0.17083333,436.89716,206.59204,0.9458328
0.08,0.17291667,436.2119,206.5448,0.9487194
0.08,0.175,435.45575,206.50482,0.9514242
0.08,0.17708333,434.62897,206.47217,0.9539576
0.08,0.17916666,433.73193,206.4469,0.95632994
0.08,0.18125,432.7649,206.42902,0.95855063
0.08,0.18333334,431.72778,206.41858,0.9606288
0.08,0.18541667,430.62134,206.41565,0.962573
0.08,0.1875,429.44568,206.42023,0.96439147
0.08,0.18958333,428.20123,206.43237,0.9660918
0.08,0.19166666,426.88873,206.45209,0.9676813
0.08,0.19375,425.5089,206.47931,0.9691667
0.08,0.19583334,424.06238,206.51413,0.97055465
0.08,0.19791667,422.5501,206.55652,0.97185117
0.08,0.2,420.97327,206.60638,0.973062
0.08,0.20208333,419.3329,206.66382,0.97419256
0.08,0.20416667,417.63055,206.72867,0.97524804
0.08,0.20625,415.8678,206.8009,0.97623307
0.08,0.20833333,414.04614,206.8805,0.97715217
0.08,0.21041666,412.1676,206.96729,0.9780097
0.08,0.2125,410.234,207.06122,0.97880965
0.08,0.21458334,408.24805,207.16217,0.97955555
0.08,0.21666667,406.2116,207.27002,0.980251
0.08,0.21875,404.1275,207.38464,0.98089945
0.08,0.22083333,401.99823,207.50586,0.9815039
0.08,0.22291666,399.82678,207.63351,0.98206717
0.08,0.225,397.61627,207.76743,0.9825919
0.08,0.22708334,395.3694,207.90741,0.9830809
0.08,0.22916667,393.08984,208.05322,0.98353636
0.08,0.23125,390.78058,208.20471,0.98396057
0.08,0.23333333,388.4453,208.36163,0.98435557
0.08,0.23541667,386.0871,208.52374,0.9847234
0.08,0.2375,383.70996,208.6908,0.9850658
0.08,0.23958333,381.3172,208.86255,0.9853845
0.08,0.24166666,378.91248,209.03876,0.9856812
0.08,0.24375,376.49915,209.21915,0.9859572
0.08,0.24583334,374.0813,209.40347,0.98621404
0.08,0.24791667,371.66205,209.59143,0.98645306
0.08,0.25,369.24524,209.78278,0.9866753
0.08,0.25208333,366.83398,209.9773,0.9868821
0.08,0.25416666,364.43182,210.17459,0.9870743
0.08,0.25625,362.0423,210.37445,0.9872531
0.08,0.25833333,359.66815,210.57666,0.98741937
0.08,0.26041666,357.31293,210.78088,0.9875739
0.08,0.2625,354.9795,210.98688,0.9877176
0.08,0.26458332,352.67053,211.19437,0.98785114
0.08,0.26666668,350.38892,211.40314,0.9879753
0.08,0.26875,348.13733,211.61288,0.9880907
0.08,0.27083334,345.91797,211.82336,0.98819786
0.08,0.27291667,343.73322,212.03442,0.98829746
0.08,0.275,341.58545,212.24567,0.9883899
0.08,0.27708334,339.47644,212.45703,0.98847586
0.08,0.27916667,337.40802,212.66821,0.98855567
0.08,0.28125,335.38177,212.87903,0.9886298
0.08,0.28333333,333.3993,213.08923,0.9886987
0.08,0.28541666,331.46204,213.2987,0.9887627
0.08,0.2875,329.57092,213.50717,0.988822
0.08,0.28958333,327.7273,213.71454,0.9888771
0.08,0.29166666,325.9319,213.9206,0.98892826
0.08,0.29375,324.1853,214.12518,0.98897576
0.08,0.29583332,322.48853,214.32816,0.9890198
0.08,0.29791668,320.8415,214.52939,0.98906076
0.08,0.3,319.24493,214.7287,0.9890987
0.08,0.30208334,317.6991,214.926,0.98913395
0.08,0.30416667,316.2036,215.12115,0.98916674
0.08,0.30625,314.7588,215.31409,0.9891971
0.08,0.30833334,313.36456,215.50464,0.9892252
0.08,0.31041667,312.02032,215.69278,0.9892513
0.08,0.3125,310.72595,215.87839,0.98927563
0.08,0.31458333,309.48083,216.0614,0.9892981
0.08,0.31666666,308.28473,216.2417,0.989319
0.08,0.31875,307.13684,216.41931,0.98933834
0.08,0.32083333,306.03632,216.59412,0.9893563
0.08,0.32291666,304.98267,216.76608,0.98937297
0.08,0.325,303.97485,216.93518,0.98938835
0.08,0.32708332,303.0122,217.10132,0.9894027
0.08,0.32916668,302.0937,217.26453,0.98941594
0.08,0.33125,301.21826,217.42474,0.9894283
0.08,0.33333334,300.3852,217.58197,0.98943967
0.08,0.33541667,299.59308,217.7362,0.9894502
0.08,0.3375,298.84106,217.88739,0.98946005
0.08,0.33958334,298.12793,218.03552,0.9894691
0.08,0.34166667,297.45276,218.18066,0.9894775
0.08,0.34375,296.8142,218.32275,0.9894853
0.08,0.34583333,296.21118,218.46182,0.98949254
0.08,0.34791666,295.64252,218.5979,0.9894993
0.08,0.35,295.10718,218.73096,0.98950547
0.08,0.35208333,294.60388,218.86105,0.98951125
0.08,0.35416666,294.1314,218.98816,0.9895166
0.08,0.35625,293.68872,219.11237,0.9895215
0.08,0.35833332,293.27478,219.23364,0.9895261
0.08,0.36041668,292.88818,219.35205,0.9895303
0.08,0.3625,292.5279,219.46759,0.98953426
0.08,0.36458334,292.19287,219.58032,0.9895379
0.08,0.36666667,291.88202,219.69025,0.98954123
0.08,0.36875,291.59412,219.79742,0.9895444
0.08,0.37083334,291.32843,219.90192,0.9895474
0.08,0.37291667,291.08356,220.00372,0.98955005
0.08,0.375,290.8587,220.10284,0.9895525
0.08,0.37708333,290.65283,220.19943,0.9895548
0.08,0.37916666,290.4651,220.29346,0.98955697
0.08,0.38125,290.29443,220.38495,0.989559
0.08,0.38333333,290.13983,220.474,0.98956084
0.08,0.38541666,290.00067,220.56061,0.9895625
0.08,0.3875,289.8758,220.64487,0.98956406
0.08,0.38958332,289.7646,220.72678,0.98956555
0.08,0.39166668,289.66626,220.8064,0.98956686
0.08,0.39375,289.58002,220.88379,0.98956805
0.08,0.39583334,289.505,220.95898,0.98956925
0.08,0.39791667,289.44055,221.03201,0.9895703
0.08,0.4,289.38617,221.10297,0.98957133
0.08,0.40208334,289.34082,221.17181,0.9895722
0.08,0.40416667,289.30426,221.23871,0.98957306
0.08,0.40625,289.2755,221.30362,0.98957384
0.08,0.40833333,289.2544,221.36658,0.98957455
0.08,0.41041666,289.24005,221.42767,0.98957527
0.08,0.4125,289.23206,221.487,0.98957586
0.08,0.41458333,289.2298,221.54443,0.9895764
0.08,0.41666666,289.23303,221.60022,0.98957694
0.08,0.41875,289.2411,221.65424,0.9895774
0.08,0.42083332,289.25378,221.70663,0.9895779
0.08,0.42291668,289.27032,221.75739,0.98957825
0.08,0.425,289.29065,221.80658,0.9895786
0.08,0.42708334,289.3144,221.85425,0.989579
0.08,0.42916667,289.341,221.90039,0.9895793
0.08,0.43125,289.37018,221.94513,0.9895796
0.08,0.43333334,289.40186,221.9884,0.9895799
0.08,0.43541667,289.4355,222.03033,0.98958015
0.08,0.4375,289.47095,222.07089,0.9895804
0.08,0.43958333,289.50793,222.11017,0.98958063
0.08,0.44166666,289.5462,222.1482,0.98958087
0.08,0.44375,289.58563,222.18494,0.98958105
0.08,0.44583333,289.62592,222.22055,0.98958117
0.08,0.44791666,289.66675,222.25494,0.98958135
0.08,0.45,289.70825,222.28827,0.98958147
0.08,0.45208332,289.75006,222.32043,0.98958164
0.08,0.45416668,289.79205,222.3516,0.98958176
0.08,0.45625,289.83423,222.38168,0.98958194
0.08,0.45833334,289.87628,222.41077,0.989582
0.08,0.46041667,289.91815,222.4389,0.9895821
0.08,0.4625,289.95978,222.4661,0.9895822
0.08,0.46458334,290.00098,222.49237,0.98958224
0.08,0.46666667,290.0417,222.51776,0.98958236
0.08,0.46875,290.08203,222.5423,0.9895824
0.08,0.47083333,290.12164,222.56598,0.9895825
0.08,0.47291666,290.16064,222.58884,0.98958254
0.08,0.475,290.19885,222.61096,0.98958266
0.08,0.47708333,290.23633,222.6323,0.9895827
0.08,0.47916666,290.27307,222.6529,0.9895828
0.08,0.48125,290.30902,222.67279,0.9895829
0.08,0.48333332,290.34393,222.69202,0.98958296
0.08,0.48541668,290.3781,222.71057,0.98958296
0.08,0.4875,290.41132,222.72845,0.98958296
0.08,0.48958334,290.44366,222.74573,0.98958296
0.08,0.49166667,290.47498,222.76239,0.98958296
0.08,0.49375,290.5055,222.7785,0.98958296
0.08,0.49583334,290.53485,222.794,0.98958296
0.08,0.49791667,290.56335,222.80896,0.98958296
0.08,0.5,290.591,222.82343,0.98958296
0.08,0.50208336,290.61774,222.83737,0.98958296
0.08,0.50416666,290.64343,222.85083,0.98958296
0.08,0.50625,290.66815,222.86377,0.98958296
0.08,0.5083333,290.69202,222.87628,0.98958296
0.08,0.5104167,290.71503,222.88834,0.98958296
0.08,0.5125,290.73718,222.89993,0.98958296
0.08,0.51458335,290.75842,222.91116,0.98958296
0.08,0.51666665,290.77887,222.92194,0.98958296
0.08,0.51875,290.79846,222.93237,0.98958296
0.08,0.5208333,290.8172,222.94238,0.98958296
0.08,0.5229167,290.83508,222.95209,0.98958296
0.08,0.525,290.85236,222.96143,0.98958296
0.08,0.52708334,290.86877,222.9704,0.98958296
0.08,0.52916664,290.8844,222.97903,0.98958296
0.08,0.53125,290.89954,222.98737,0.98958296
0.08,0.53333336,290.91376,222.99542,0.98958296
0.08,0.53541666,290.92743,223.00317,0.98958296
0.08,0.5375,290.94055,223.01062,0.98958296
0.08,0.5395833,290.95282,223.01782,0.98958296
0.08,0.5416667,290.96472,223.02472,0.98958296
0.08,0.54375,290.97595,223.03137,0.98958296
0.08,0.54583335,290.9865,223.03784,0.98958296
0.08,0.54791665,290.9967,223.044,0.98958296
0.08,0.55,291.0063,223.04996,0.98958296
0.08,0.5520833,291.0155,223.05573,0.98958296
0.08,0.5541667,291.0241,223.06122,0.98958296
0.08,0.55625,291.03235,223.06653,0.98958296
0.08,0.55833334,291.04016,223.07166,0.98958296
0.08,0.56041664,291.0475,223.0766,0.98958296
0.08,0.5625,291.05438,223.08133,0.98958296
0.08,0.56458336,291.0609,223.08588,0.98958296
0.08,0.56666666,291.06726,223.0903,0.98958296
0.08,0.56875,291.07312,223.09454,0.98958296
0.08,0.5708333,291.07867,223.09857,0.98958296
0.08,0.5729167,291.08386,223.10248,0.98958296
0.08,0.575,291.08875,223.10626,0.98958296
0.08,0.57708335,291.09344,223.1099,0.98958296
0.08,0.57916665,291.09784,223.1134,0.98958296
0.08,0.58125,291.102,223.11676,0.98958296
0.08,0.5833333,291.10583,223.12,0.98958296
0.08,0.5854167,291.1095,223.12311,0.98958296
0.08,0.5875,291.11298,223.1261,0.98958296
0.08,0.58958334,291.11627,223.12897,0.98958296
0.08,0.59166664,291.11926,223.13171,0.98958296
0.08,0.59375,291.1222,223.1344,0.98958296
0.08,0.59583336,291.12488,223.13693,0.98958296
0.08,0.59791666,291.12738,223.1394,0.98958296
0.08,0.6,291.12976,223.14175,0.98958296
0.08,0.6020833,291.13196,223.14404,0.98958296
0.08,0.6041667,291.1341,223.14624,0.98958296
0.08,0.60625,291.1361,223.14835,0.98958296
0.08,0.60833335,291.13788,223.15039,0.98958296
0.08,0.61041665,291.1396,223.15231,0.98958296
0.08,0.6125,291.14124,223.1542,0.98958296
0.08,0.6145833,291.14276,223.156,0.98958296
0.08,0.6166667,291.14417,223.15771,0.98958296
0.08,0.61875,291.14563,223.1594,0.98958296
0.08,0.62083334,291.14685,223.16101,0.98958296
0.08,0.62291664,291.14807,223.16254,0.98958296
0.08,0.625,291.1491,223.164,0.98958296
0.08,0.62708336,291.15027,223.1654,0.98958296
0.08,0.62916666,291.15125,223.16681,0.98958296
0.08,0.63125,291.15222,223.16809,0.98958296
0.08,0.6333333,291.15295,223.16937,0.98958296
0.08,0.6354167,291.15393,223.1706,0.98958296
0.08,0.6375,291.15466,223.17175,0.98958296
0.08,0.63958335,291.1554,223.17285,0.98958296
0.08,0.64166665,291.15613,223.17395,0.98958296
0.08,0.64375,291.15668,223.17496,0.98958296
0.08,0.6458333,291.15735,223.17596,0.98958296
0.08,0.6479167,291.15784,223.17691,0.98958296
0.08,0.65,291.1584,223.17786,0.98958296
0.08,0.65208334,291.15906,223.17871,0.98958296
0.08,0.65416664,291.15955,223.17957,0.98958296
0.08,0.65625,291.15997,223.18036,0.98958296
0.08,0.65833336,291.16034,223.18115,0.98958296
0.08,0.66041666,291.16083,223.18192,0.98958296
0.08,0.6625,291.16125,223.18262,0.98958296
0.08,0.6645833,291.16168,223.18332,0.98958296
0.08,0.6666667,291.162,223.18396,0.98958296
0.08,0.66875,291.1624,223.18463,0.98958296
0.08,0.67083335,291.16272,223.18524,0.98958296
0.08,0.67291665,291.16302,223.18585,0.98958296
0.08,0.675,291.1634,223.1864,0.98958296
0.08,0.6770833,291.1637,223.18695,0.98958296
0.08,0.6791667,291.16394,223.18747,0.98958296
0.08,0.68125,291.16418,223.18799,0.98958296
0.08,0.68333334,291.1645,223.18848,0.98958296
0.08,0.68541664,291.16473,223.1889,0.98958296
0.08,0.6875,291.1651,223.18936,0.98958296
0.08,0.68958336,291.16522,223.18979,0.98958296
0.08,0.69166666,291.1656,223.19022,0.98958296
0.08,0.69375,291.1657,223.19061,0.98958296
0.08,0.6958333,291.16595,223.19098,0.98958296
0.08,0.6979167,291.16614,223.19135,0.98958296
0.08,0.7,291.16638,223.19168,0.98958296
0.08,0.70208335,291.16663,223.19202,0.98958296
0.08,0.70416665,291.16687,223.19232,0.98958296
0.08,0.70625,291.16705,223.19263,0.98958296
0.08,0.7083333,291.16718,223.19293,0.98958296
0.08,0.7104167,291.16736,223.19324,0.98958296
0.08,0.7125,291.1676,223.19348,0.98958296
0.08,0.71458334,291.1678,223.19379,0.98958296
0.08,0.71666664,291.16785,223.19403,0.98958296
0.08,0.71875,291.1681,223.19424,0.98958296
0.08,0.72083336,291.16827,223.19449,0.98958296
0.08,0.72291666,291.16833,223.1947,0.98958296
0.08,0.725,291.16858,223.19495,0.98958296
0.08,0.7270833,291.16864,223.19513,0.98958296
0.08,0.7291667,291.16882,223.19531,0.98958296
0.08,0.73125,291.16907,223.1955,0.98958296
0.08,0.73333335,291.16913,223.19568,0.98958296
0.08,0.73541665,291.1693,223.19586,0.98958296
0.08,0.7375,291.16937,223.19604,0.98958296
0.08,0.7395833,291.16956,223.1962,0.98958296
0.08,0.7416667,291.16962,223.19635,0.98958296
0.08,0.74375,291.1698,223.19647,0.98958296
0.08,0.74583334,291.16998,223.19662,0.98958296
0.08,0.74791664,291.17004,223.19678,0.98958296
0.08,0.75,291.1701,223.1969,0.98958296
0.08,0.75208336,291.1703,223.19702,0.98958296
0.08,0.75416666,291.1703,223.19714,0.98958296
0.08,0.75625,291.17053,223.19727,0.98958296
0.08,0.7583333,291.17053,223.19736,0.98958296
0.08,0.7604167,291.1706,223.19748,0.98958296
0.08,0.7625,291.17078,223.19757,0.98958296
0.08,0.76458335,291.17084,223.19766,0.98958296
0.08,0.76666665,291.17102,223.19775,0.98958296
0.08,0.76875,291.17102,223.19788,0.98958296
0.08,0.7708333,291.17108,223.19794,0.98958296
0.08,0.7729167,291.17126,223.19803,0.98958296
0.08,0.775,291.17126,223.19812,0.98958296
0.08,0.77708334,291.17145,223.19818,0.98958296
0.08,0.77916664,291.1715,223.19824,0.98958296
0.08,0.78125,291.1715,223.1983,0.98958296
0.08,0.78333336,291.17157,223.19843,0.98958296
0.08,0.78541666,291.17175,223.19846,0.98958296
0.08,0.7875,291.17175,223.19852,0.98958296
0.08,0.7895833,291.17175,223.19858,0.98958296
0.08,0.7916667,291.17194,223.19864,0.98958296
0.08,0.79375,291.172,223.1987,0.98958296
0.08,0.79583335,291.172,223.19873,0.98958296
0.08,0.79791665,291.17206,223.19879,0.98958296
0.08,0.8,291.17206,223.19885,0.98958296
0.08,0.8020833,291.17224,223.19888,0.98958296
0.08,0.8041667,291.17224,223.19894,0.98958296
0.08,0.80625,291.17224,223.19897,0.98958296
0.08,0.80833334,291.1723,223.19904,0.98958296
0.08,0.81041664,291.17242,223.19907,0.98958296
0.08,0.8125,291.1725,223.1991,0.98958296
0.08,0.81458336,291.1725,223.19916,0.98958296
0.08,0.81666666,291.1725,223.19916,0.98958296
0.08,0.81875,291.1725,223.19919,0.98958296
0.08,0.8208333,291.17255,223.19922,0.98958296
0.08,0.8229167,291.17267,223.19928,0.98958296
0.08,0.825,291.17273,223.19928,0.98958296
0.08,0.82708335,291.17273,223.19931,0.98958296
0.08,0.82916665,291.17273,223.19934,0.98958296
0.08,0.83125,291.17273,223.19937,0.98958296
0.08,0.8333333,291.1728,223.1994,0.98958296
0.08,0.8354167,291.1728,223.19943,0.98958296
0.08,0.8375,291.1729,223.19946,0.98958296
0.08,0.83958334,291.1729,223.19946,0.98958296
0.08,0.84166664,291.17297,223.19946,0.98958296
0.08,0.84375,291.17297,223.19952,0.98958296
0.08,0.84583336,291.17297,223.19952,0.98958296
0.08,0.84791666,291.17297,223.19952,0.98958296
0.08,0.85,291.17297,223.19955,0.98958296
0.08,0.8520833,291.17297,223.19958,0.98958296
0.08,0.8541667,291.17297,223.19958,0.98958296
0.08,0.85625,291.17303,223.19962,0.98958296
0.08,0.85833335,291.17303,223.19962,0.98958296
0.08,0.86041665,291.17303,223.19965,0.98958296
0.08,0.8625,291.17303,223.19965,0.98958296
0.08,0.8645833,291.17303,223.19965,0.98958296
0.08,0.8666667,291.17316,223.19968,0.98958296
0.08,0.86875,291.17322,223.1997,0.98958296
0.08,0.87083334,291.17322,223.1997,0.98958296
0.08,0.87291664,291.17322,223.1997,0.98958296
0.08,0.875,291.17322,223.19974,0.98958296
0.08,0.87708336,291.17322,223.19974,0.98958296
0.08,0.87916666,291.17322,223.19977,0.98958296
0.08,0.88125,291.17322,223.19977,0.98958296
0.08,0.8833333,291.17322,223.19977,0.98958296
0.08,0.8854167,291.17322,223.19977,0.98958296
0.08,0.8875,291.17322,223.19977,0.98958296
0.08,0.88958335,291.17322,223.1998,0.98958296
0.08,0.89166665,291.17322,223.1998,0.98958296
0.08,0.89375,291.17322,223.1998,0.98958296
0.08,0.8958333,291.17322,223.19983,0.98958296
0.08,0.8979167,291.17322,223.19983,0.98958296
0.08,0.9,291.17322,223.19983,0.98958296
0.08,0.90208334,291.17322,223.19983,0.98958296
0.08,0.90416664,291.17322,223.19983,0.98958296
0.08,0.90625,291.17322,223.19983,0.98958296
0.08,0.90833336,291.17328,223.19983,0.98958296
0.08,0.91041666,291.17328,223.19983,0.98958296
0.08,0.9125,291.17328,223.19983,0.98958296
0.08,0.9145833,291.17328,223.19989,0.98958296
0.08,0.9166667,291.17328,223.19989,0.98958296
0.08,0.91875,291.17328,223.19989,0.98958296
0.08,0.92083335,291.1734,223.19989,0.98958296
0.08,0.92291665,291.1734,223.19989,0.98958296
0.08,0.925,291.1734,223.19989,0.98958296
0.08,0.9270833,291.1734,223.19989,0.98958296
0.08,0.9291667,291.1734,223.19989,0.98958296
0.08,0.93125,291.1734,223.19989,0.98958296
0.08,0.93333334,291.1734,223.19989,0.98958296
0.08,0.93541664,291.1734,223.19989,0.98958296
0.08,0.9375,291.1734,223.19989,0.98958296
0.08,0.93958336,291.1734,223.19989,0.98958296
0.08,0.94166666,291.1734,223.19989,0.98958296
0.08,0.94375,291.1734,223.19989,0.98958296
0.08,0.9458333,291.1734,223.19989,0.98958296
0.08,0.9479167,291.1734,223.19989,0.98958296
0.08,0.95,291.1734,223.19989,0.98958296
0.08,0.95208335,291.1734,223.19989,0.98958296
0.08,0.95416665,291.1734,223.19989,0.98958296
0.08,0.95625,291.1734,223.19989,0.98958296
0.08,0.9583333,291.1734,223.19989,0.98958296
0.08,0.9604167,291.1734,223.19989,0.98958296
0.08,0.9625,291.1734,223.19989,0.98958296
0.08,0.96458334,291.1734,223.19989,0.98958296
0.08,0.96666664,291.1734,223.19989,0.98958296
0.08,0.96875,291.1734,223.19989,0.98958296
0.08,0.97083336,291.1734,223.19989,0.98958296
0.08,0.97291666,291.1734,223.19989,0.98958296
0.08,0.975,291.1734,223.19989,0.98958296
0.08,0.9770833,291.1734,223.19989,0.98958296
0.08,0.9791667,291.1734,223.19989,0.98958296
0.08,0.98125,291.1734,223.19989,0.98958296
0.08,0.98333335,291.1734,223.19989,0.98958296
0.08,0.98541665,291.1734,223.19989,0.98958296
0.08,0.9875,291.1734,223.19989,0.98958296
0.08,0.9895833,291.1734,223.19989,0.98958296
0.08,0.9916667,291.1734,223.19989,0.98958296
0.08,0.99375,291.1734,223.19989,0.98958296
0.08,0.99583334,291.1734,223.19989,0.98958296
0.08,0.99791664,291.1734,223.19989,0.98958296
0.08,1.0,291.1734,223.19989,0.98958296
0.08,1.0020833,291.1734,223.19989,0.98958296
0.08,1.0041667,291.1734,223.19989,0.98958296
0.08,1.00625,291.1734,223.19989,0.98958296
0.08,1.0083333,291.1734,223.19989,0.98958296
0.08,1.0104166,291.1734,223.19989,0.98958296
0.08,1.0125,291.1734,223.19989,0.98958296
0.08,1.0145833,291.1734,223.19989,0.98958296
0.08,1.0166667,291.1734,223.19989,0.98958296
0.08,1.01875,291.1734,223.19989,0.98958296
0.08,1.0208334,291.1734,223.19989,0.98958296
0.08,1.0229167,291.1734,223.19989,0.98958296
0.08,1.025,291.1734,223.19989,0.98958296
0.08,1.0270833,291.1734,223.19989,0.98958296
0.08,1.0291667,291.1734,223.19989,0.98958296
0.08,1.03125,291.1734,223.19989,0.98958296
0.08,1.0333333,291.1734,223.19989,0.98958296
0.08,1.0354167,291.1734,223.19989,0.98958296
0.08,1.0375,291.1734,223.19989,0.98958296
0.08,1.0395833,291.1734,223.19989,0.98958296
0.08,1.0416666,291.1734,223.19989,0.98958296
0.08,1.04375,291.1734,223.19989,0.98958296
0.08,1.0458333,291.1734,223.19989,0.98958296
0.08,1.0479167,291.1734,223.19989,0.98958296
0.08,1.05,291.1734,223.19989,0.98958296
0.08,1.0520834,291.1734,223.19989,0.98958296
0.08,1.0541667,291.1734,223.19989,0.98958296
0.08,1.05625,291.1734,223.19989,0.98958296
0.08,1.0583333,291.1734,223.19989,0.98958296
0.08,1.0604167,291.1734,223.19989,0.98958296
0.08,1.0625,291.1734,223.19989,0.98958296
0.08,1.0645833,291.1734,223.19989,0.98958296
0.08,1.0666667,291.1734,223.19989,0.98958296
0.08,1.06875,291.1734,223.19989,0.98958296
0.08,1.0708333,291.1734,223.19989,0.98958296
0.08,1.0729166,291.1734,223.19989,0.98958296
0.08,1.075,291.1734,223.19989,0.98958296
0.08,1.0770833,291.1734,223.19989,0.98958296
0.08,1.0791667,291.1734,223.19989,0.98958296
0.08,1.08125,291.1734,223.19989,0.98958296
0.08,1.0833334,291.1734,223.19989,0.98958296
0.08,1.0854167,291.1734,223.19989,0.98958296
0.08,1.0875,291.1734,223.19989,0.98958296
0.08,1.0895833,291.1734,223.19989,0.98958296
0.08,1.0916667,291.1734,223.19989,0.98958296
0.08,1.09375,291.1734,223.19989,0.98958296
0.08,1.0958333,291.1734,223.19989,0.98958296
0.08,1.0979167,291.1734,223.19989,0.98958296
0.08,1.1,291.1734,223.19989,0.98958296
0.08,1.1020833,291.1734,223.19989,0.98958296
0.08,1.1041666,291.1734,223.19989,0.98958296
0.08,1.10625,291.1734,223.19989,0.98958296
0.08,1.1083333,291.1734,223.19989,0.98958296
0.08,1.1104167,291.1734,223.19989,0.98958296
0.08,1.1125,291.1734,223.19989,0.98958296
0.08,1.1145834,291.1734,223.19989,0.98958296
0.08,1.1166667,291.1734,223.19989,0.98958296
0.08,1.11875,291.1734,223.19989,0.98958296
0.08,1.1208333,291.1734,223.19989,0.98958296
0.08,1.1229167,291.1734,223.19989,0.98958296
0.08,1.125,291.1734,223.19989,0.98958296
0.08,1.1270833,291.1734,223.19989,0.98958296
0.08,1.1291667,291.1734,223.19989,0.98958296
0.08,1.13125,291.1734,223.19989,0.98958296
0.08,1.1333333,291.1734,223.19989,0.98958296
0.08,1.1354166,291.1734,223.19989,0.98958296
0.08,1.1375,291.1734,223.19989,0.98958296
0.08,1.1395833,291.1734,223.19989,0.98958296
0.08,1.1416667,291.1734,223.19989,0.98958296
0.08,1.14375,291.1734,223.19989,0.98958296
0.08,1.1458334,291.1734,223.19989,0.98958296
0.08,1.1479167,291.1734,223.19989,0.98958296
0.08,1.15,291.1734,223.19989,0.98958296
0.08,1.1520833,291.1734,223.19989,0.98958296
0.08,1.1541667,291.1734,223.19989,0.98958296
0.08,1.15625,291.1734,223.19989,0.98958296
0.08,1.1583333,291.1734,223.19989,0.98958296
0.08,1.1604167,291.1734,223.19989,0.98958296
0.08,1.1625,291.1734,223.19989,0.98958296
0.08,1.1645833,291.1734,223.19989,0.98958296
0.08,1.1666666,291.1734,223.19989,0.98958296
0.08,1.16875,291.1734,223.19989,0.98958296
0.08,1.1708333,291.1734,223.19989,0.98958296
0.08,1.1729167,291.1734,223.19989,0.98958296
0.08,1.175,291.1734,223.19989,0.98958296
0.08,1.1770834,291.1734,223.19989,0.98958296
0.08,1.1791667,291.1734,223.19989,0.98958296
0.08,1.18125,291.1734,223.19989,0.98958296
0.08,1.1833333,291.1734,223.19989,0.98958296
0.08,1.1854167,291.1734,223.19989,0.98958296
0.08,1.1875,291.1734,223.19989,0.98958296
0.08,1.1895833,291.1734,223.19989,0.98958296
0.08,1.1916667,291.1734,223.19989,0.98958296
0.08,1.19375,291.1734,223.19989,0.98958296
0.08,1.1958333,291.1734,223.19989,0.98958296
0.08,1.1979166,291.1734,223.19989,0.98958296
0.08,1.2,291.1734,223.19989,0.98958296
0.08,1.2020833,291.1734,223.19989,0.98958296
0.08,1.2041667,291.1734,223.19989,0.98958296
0.08,1.20625,291.1734,223.19989,0.98958296
0.08,1.2083334,291.1734,223.19989,0.98958296
0.08,1.2104167,291.1734,223.19989,0.98958296
0.08,1.2125,291.1734,223.19989,0.98958296
0.08,1.2145833,291.1734,223.19989,0.98958296
0.08,1.2166667,291.1734,223.19989,0.98958296
0.08,1.21875,291.1734,223.19989,0.98958296
0.08,1.2208333,291.1734,223.19989,0.98958296
0.08,1.2229167,291.1734,223.19989,0.98958296
0.08,1.225,291.1734,223.19989,0.98958296
0.08,1.2270833,291.1734,223.19989,0.98958296
0.08,1.2291666,291.1734,223.19989,0.98958296
0.08,1.23125,291.1734,223.19989,0.98958296
0.08,1.2333333,291.1734,223.19989,0.98958296
0.08,1.2354167,291.1734,223.19989,0.98958296
0.08,1.2375,291.1734,223.19989,0.98958296
0.08,1.2395834,291.1734,223.19989,0.98958296
0.08,1.2416667,291.1734,223.19989,0.98958296
0.08,1.24375,291.1734,223.19989,0.98958296
0.08,1.2458333,291.1734,223.19989,0.98958296
0.08,1.2479167,291.1734,223.19989,0.98958296
0.08,1.25,291.1734,223.19989,0.98958296
0.08,1.2520833,291.1734,223.19989,0.98958296
0.08,1.2541667,291.1734,223.19989,0.98958296
0.08,1.25625,291.1734,223.19989,0.98958296
0.08,1.2583333,291.1734,223.19989,0.98958296
0.08,1.2604166,291.1734,223.19989,0.98958296
0.08,1.2625,291.1734,223.19989,0.98958296
0.08,1.2645833,291.1734,223.19989,0.98958296
0.08,1.2666667,291.1734,223.19989,0.98958296
0.08,1.26875,291.1734,223.19989,0.98958296
0.08,1.2708334,291.1734,223.19989,0.98958296
0.08,1.2729167,291.1734,223.19989,0.98958296
0.08,1.275,291.1734,223.19989,0.98958296
0.08,1.2770833,291.1734,223.19989,0.98958296
0.08,1.2791667,291.1734,223.19989,0.98958296
0.08,1.28125,291.1734,223.19989,0.98958296
0.08,1.2833333,291.1734,223.19989,0.98958296
0.08,1.2854167,291.1734,223.19989,0.98958296
0.08,1.2875,291.1734,223.19989,0.98958296
0.08,1.2895833,291.1734,223.19989,0.98958296
0.08,1.2916666,291.1734,223.19989,0.98958296
0.08,1.29375,291.1734,223.19989,0.98958296
0.08,1.2958333,291.1734,223.19989,0.98958296
0.08,1.2979167,291.1734,223.19989,0.98958296
0.08,1.3,291.1734,223.19989,0.98958296
0.08,1.3020834,291.1734,223.19989,0.98958296
0.08,1.3041667,291.1734,223.19989,0.98958296
0.08,1.30625,291.1734,223.19989,0.98958296
0.08,1.3083333,291.1734,223.19989,0.98958296
0.08,1.3104167,291.1734,223.19989,0.98958296
0.08,1.3125,291.1734,223.19989,0.98958296
0.08,1.3145833,291.1734,223.19989,0.98958296
0.08,1.3166667,291.1734,223.19989,0.98958296
0.08,1.31875,291.1734,223.19989,0.98958296
0.08,1.3208333,291.1734,223.19989,0.98958296
0.08,1.3229166,291.1734,223.19989,0.98958296
0.08,1.325,291.1734,223.19989,0.98958296
0.08,1.3270833,291.1734,223.19989,0.98958296
0.08,1.3291667,291.1734,223.19989,0.98958296
0.08,1.33125,291.1734,223.19989,0.98958296
0.08,1.3333334,291.1734,223.19989,0.98958296
0.08,1.3354167,291.1734,223.19989,0.98958296
0.08,1.3375,291.1734,223.19989,0.98958296
0.08,1.3395833,291.1734,223.19989,0.98958296
0.08,1.3416667,291.1734,223.19989,0.98958296
0.08,1.34375,291.1734,223.19989,0.98958296
0.08,1.3458333,291.1734,223.19989,0.98958296
0.08,1.3479167,291.1734,223.19989,0.98958296
0.08,1.35,291.1734,223.19989,0.98958296
0.08,1.3520833,291.1734,223.19989,0.98958296
0.08,1.3541666,291.1734,223.19989,0.98958296
0.08,1.35625,291.1734,223.19989,0.98958296
0.08,1.3583333,291.1734,223.19989,0.98958296
0.08,1.3604167,291.1734,223.19989,0.98958296
0.08,1.3625,291.1734,223.19989,0.98958296
0.08,1.3645834,291.1734,223.19989,0.98958296
0.08,1.3666667,291.1734,223.19989,0.98958296
0.08,1.36875,291.1734,223.19989,0.98958296
0.08,1.3708333,291.1734,223.19989,0.98958296
0.08,1.3729167,291.1734,223.19989,0.98958296
0.08,1.375,291.1734,223.19989,0.98958296
0.08,1.3770833,291.1734,223.19989,0.98958296
0.08,1.3791667,291.1734,223.19989,0.98958296
0.08,1.38125,291.1734,223.19989,0.98958296
0.08,1.3833333,291.1734,223.19989,0.98958296
0.08,1.3854166,291.1734,223.19989,0.98958296
0.08,1.3875,291.1734,223.19989,0.98958296
0.08,1.3895833,291.1734,223.19989,0.98958296
0.08,1.3916667,291.1734,223.19989,0.98958296
0.08,1.39375,291.1734,223.19989,0.98958296
0.08,1.3958334,291.1734,223.19989,0.98958296
0.08,1.3979167,291.1734,223.19989,0.98958296
0.08,1.4,291.1734,223.19989,0.98958296
0.08,1.4020833,291.1734,223.19989,0.98958296
0.08,1.4041667,291.1734,223.19989,0.98958296
0.08,1.40625,291.1734,223.19989,0.98958296
0.08,1.4083333,291.1734,223.19989,0.98958296
0.08,1.4104167,291.1734,223.19989,0.98958296
0.08,1.4125,291.1734,223.19989,0.98958296
0.08,1.4145833,291.1734,223.19989,0.98958296
0.08,1.4166666,291.1734,223.19989,0.98958296
0.08,1.41875,291.1734,223.19989,0.98958296
0.08,1.4208333,291.1734,223.19989,0.98958296
0.08,1.4229167,291.1734,223.19989,0.98958296
0.08,1.425,291.1734,223.19989,0.98958296
0.08,1.4270834,291.1734,223.19989,0.98958296
0.08,1.4291667,291.1734,223.19989,0.98958296
0.08,1.43125,291.1734,223.19989,0.98958296
0.08,1.4333333,291.1734,223.19989,0.98958296
0.08,1.4354167,291.1734,223.19989,0.98958296
0.08,1.4375,291.1734,223.19989,0.98958296
0.08,1.4395833,291.1734,223.19989,0.98958296
0.08,1.4416667,291.1734,223.19989,0.98958296
0.08,1.44375,291.1734,223.19989,0.98958296
0.08,1.4458333,291.1734,223.19989,0.98958296
0.08,1.4479166,291.1734,223.19989,0.98958296
0.08,1.45,291.1734,223.19989,0.98958296
0.08,1.4520833,291.1734,223.19989,0.98958296
0.08,1.4541667,291.1734,223.19989,0.98958296
0.08,1.45625,291.1734,223.19989,0.98958296
0.08,1.4583334,291.1734,223.19989,0.98958296
0.08,1.4604167,291.1734,223.19989,0.98958296
0.08,1.4625,291.1734,223.19989,0.98958296
0.08,1.4645833,291.1734,223.19989,0.98958296
0.08,1.4666667,291.1734,223.19989,0.98958296
0.08,1.46875,291.1734,223.19989,0.98958296
0.08,1.4708333,291.1734,223.19989,0.98958296
0.08,1.4729167,291.1734,223.19989,0.98958296
0.08,1.475,291.1734,223.19989,0.98958296
0.08,1.4770833,291.1734,223.19989,0.98958296
0.08,1.4791666,291.1734,223.19989,0.98958296
0.08,1.48125,291.1734,223.19989,0.98958296
0.08,1.4833333,291.1734,223.19989,0.98958296
0.08,1.4854167,291.1734,223.19989,0.98958296
0.08,1.4875,291.1734,223.19989,0.98958296
0.08,1.4895834,291.1734,223.19989,0.98958296
0.08,1.4916667,291.1734,223.19989,0.98958296
0.08,1.49375,291.1734,223.19989,0.98958296
0.08,1.4958333,291.1734,223.19989,0.98958296
0.08,1.4979167,291.1734,223.19989,0.98958296
0.08,1.5,291.1734,223.19989,0.98958296
0.08,1.5020833,291.1734,223.19989,0.98958296
0.08,1.5041667,291.1734,223.19989,0.98958296
0.08,1.50625,291.1734,223.19989,0.98958296
0.08,1.5083333,291.1734,223.19989,0.98958296
0.08,1.5104166,291.1734,223.19989,0.98958296
0.08,1.5125,291.1734,223.19989,0.98958296
0.08,1.5145833,291.1734,223.19989,0.98958296
0.08,1.5166667,291.1734,223.19989,0.98958296
0.08,1.51875,291.1734,223.19989,0.98958296
0.08,1.5208334,291.1734,223.19989,0.98958296
0.08,1.5229167,291.1734,223.19989,0.98958296
0.08,1.525,291.1734,223.19989,0.98958296
0.08,1.5270833,291.1734,223.19989,0.98958296
0.08,1.5291667,291.1734,223.19989,0.98958296
0.08,1.53125,291.1734,223.19989,0.98958296
0.08,1.5333333,291.1734,223.19989,0.98958296
0.08,1.5354167,291.1734,223.19989,0.98958296
0.08,1.5375,291.1734,223.19989,0.98958296
0.08,1.5395833,291.1734,223.19989,0.98958296
0.08,1.5416666,291.1734,223.19989,0.98958296
0.08,1.54375,291.1734,223.19989,0.98958296
0.08,1.5458333,291.1734,223.19989,0.98958296
0.08,1.5479167,291.1734,223.19989,0.98958296
0.08,1.55,291.1734,223.19989,0.98958296
0.08,1.5520834,291.1734,223.19989,0.98958296
0.08,1.5541667,291.1734,223.19989,0.98958296
0.08,1.55625,291.1734,223.19989,0.98958296
0.08,1.5583333,291.1734,223.19989,0.98958296
0.08,1.5604167,291.1734,223.19989,0.98958296
0.08,1.5625,291.1734,223.19989,0.98958296
0.08,1.5645833,291.1734,223.19989,0.98958296
0.08,1.5666667,291.1734,223.19989,0.98958296
0.08,1.56875,291.1734,223.19989,0.98958296
0.08,1.5708333,291.1734,223.19989,0.98958296
0.08,1.5729166,291.1734,223.19989,0.98958296
0.08,1.575,291.1734,223.19989,0.98958296
0.08,1.5770833,291.1734,223.19989,0.98958296
0.08,1.5791667,291.1734,223.19989,0.98958296
0.08,1.58125,291.1734,223.19989,0.98958296
0.08,1.5833334,291.1734,223.19989,0.98958296
0.08,1.5854167,291.1734,223.19989,0.98958296
0.08,1.5875,291.1734,223.19989,0.98958296
0.08,1.5895833,291.1734,223.19989,0.98958296
0.08,1.5916667,291.1734,223.19989,0.98958296
0.08,1.59375,291.1734,223.19989,0.98958296
0.08,1.5958333,291.1734,223.19989,0.98958296
0.08,1.5979167,291.1734,223.19989,0.98958296
0.08,1.6,291.1734,223.19989,0.98958296
0.08,1.6020833,291.1734,223.19989,0.98958296
0.08,1.6041666,291.1734,223.19989,0.98958296
0.08,1.60625,291.1734,223.19989,0.98958296
0.08,1.6083333,291.1734,223.19989,0.98958296
0.08,1.6104167,291.1734,223.19989,0.98958296
0.08,1.6125,291.1734,223.19989,0.98958296
0.08,1.6145834,291.1734,223.19989,0.98958296
0.08,1.6166667,291.1734,223.19989,0.98958296
0.08,1.61875,291.1734,223.19989,0.98958296
0.08,1.6208333,291.1734,223.19989,0.98958296
0.08,1.6229167,291.1734,223.19989,0.98958296
0.08,1.625,291.1734,223.19989,0.98958296
0.08,1.6270833,291.1734,223.19989,0.98958296
0.08,1.6291667,291.1734,223.19989,0.98958296
0.08,1.63125,291.1734,223.19989,0.98958296
0.08,1.6333333,291.1734,223.19989,0.98958296
0.08,1.6354166,291.1734,223.19989,0.98958296
0.08,1.6375,291.1734,223.19989,0.98958296
0.08,1.6395833,291.1734,223.19989,0.98958296
0.08,1.6416667,291.1734,223.19989,0.98958296
0.08,1.64375,291.1734,223.19989,0.98958296
0.08,1.6458334,291.1734,223.19989,0.98958296
0.08,1.6479167,291.1734,223.19989,0.98958296
0.08,1.65,291.1734,223.19989,0.98958296
0.08,1.6520833,291.1734,223.19989,0.98958296
0.08,1.6541667,291.1734,223.19989,0.98958296
0.08,1.65625,291.1734,223.19989,0.98958296
0.08,1.6583333,291.1734,223.19989,0.98958296
0.08,1.6604167,291.1734,223.19989,0.98958296
0.08,1.6625,291.1734,223.19989,0.98958296
0.08,1.6645833,291.1734,223.19989,0.98958296
0.08,1.6666666,291.1734,223.19989,0.98958296
0.08,1.66875,291.1734,223.19989,0.98958296
0.08,1.6708333,291.1734,223.19989,0.98958296
0.08,1.6729167,291.1734,223.19989,0.98958296
0.08,1.675,291.1734,223.19989,0.98958296
0.08,1.6770834,291.1734,223.19989,0.98958296
0.08,1.6791667,291.1734,223.19989,0.98958296
0.08,1.68125,291.1734,223.19989,0.98958296
0.08,1.6833333,291.1734,223.19989,0.98958296
0.08,1.6854167,291.1734,223.19989,0.98958296
0.08,1.6875,291.1734,223.19989,0.98958296
0.08,1.6895833,291.1734,223.19989,0.98958296
0.08,1.6916667,291.1734,223.19989,0.98958296
0.08,1.69375,291.1734,223.19989,0.98958296
0.08,1.6958333,291.1734,223.19989,0.98958296
0.08,1.6979166,291.1734,223.19989,0.98958296
0.08,1.7,291.1734,223.19989,0.98958296
0.08,1.7020833,291.1734,223.19989,0.98958296
0.08,1.7041667,291.1734,223.19989,0.98958296
0.08,1.70625,291.1734,223.19989,0.98958296
0.08,1.7083334,291.1734,223.19989,0.98958296
0.08,1.7104167,291.1734,223.19989,0.98958296
0.08,1.7125,291.1734,223.19989,0.98958296
0.08,1.7145833,291.1734,223.19989,0.98958296
0.08,1.7166667,291.1734,223.19989,0.98958296
0.08,1.71875,291.1734,223.19989,0.98958296
0.08,1.7208333,291.1734,223.19989,0.98958296
0.08,1.7229167,291.1734,223.19989,0.98958296
0.08,1.725,291.1734,223.19989,0.98958296
0.08,1.7270833,291.1734,223.19989,0.98958296
0.08,1.7291666,291.1734,223.19989,0.98958296
0.08,1.73125,291.1734,223.19989,0.98958296
0.08,1.7333333,291.1734,223.19989,0.98958296
0.08,1.7354167,291.1734,223.19989,0.98958296
0.08,1.7375,291.1734,223.19989,0.98958296
0.08,1.7395834,291.1734,223.19989,0.98958296
0.08,1.7416667,291.1734,223.19989,0.98958296
0.08,1.74375,291.1734,223.19989,0.98958296
0.08,1.7458333,291.1734,223.19989,0.98958296
0.08,1.7479167,291.1734,223.19989,0.98958296
0.08,1.75,291.1734,223.19989,0.98958296
0.08,1.7520833,291.1734,223.19989,0.98958296
0.08,1.7541667,291.1734,223.19989,0.98958296
0.08,1.75625,291.1734,223.19989,0.98958296
0.08,1.7583333,291.1734,223.19989,0.98958296
0.08,1.7604166,291.1734,223.19989,0.98958296
0.08,1.7625,291.1734,223.19989,0.98958296
0.08,1.7645833,291.1734,223.19989,0.98958296
0.08,1.7666667,291.1734,223.19989,0.98958296
0.08,1.76875,291.1734,223.19989,0.98958296
0.08,1.7708334,291.1734,223.19989,0.98958296
0.08,1.7729167,291.1734,223.19989,0.98958296
0.08,1.775,291.1734,223.19989,0.98958296
0.08,1.7770833,291.1734,223.19989,0.98958296
0.08,1.7791667,291.1734,223.19989,0.98958296
0.08,1.78125,291.1734,223.19989,0.98958296
0.08,1.7833333,291.1734,223.19989,0.98958296
0.08,1.7854167,291.1734,223.19989,0.98958296
0.08,1.7875,291.1734,223.19989,0.98958296
0.08,1.7895833,291.1734,223.19989,0.98958296
0.08,1.7916666,291.1734,223.19989,0.98958296
0.08,1.79375,291.1734,223.19989,0.98958296
0.08,1.7958333,291.1734,223.19989,0.98958296
0.08,1.7979167,291.1734,223.19989,0.98958296
0.08,1.8,291.1734,223.19989,0.98958296
0.08,1.8020834,291.1734,223.19989,0.98958296
0.08,1.8041667,291.1734,223.19989,0.98958296
0.08,1.80625,291.1734,223.19989,0.98958296
0.08,1.8083333,291.1734,223.19989,0.98958296
0.08,1.8104167,291.1734,223.19989,0.98958296
0.08,1.8125,291.1734,223.19989,0.98958296
0.08,1.8145833,291.1734,223.19989,0.98958296
0.08,1.8166667,291.1734,223.19989,0.98958296
0.08,1.81875,291.1734,223.19989,0.98958296
0.08,1.8208333,291.1734,223.19989,0.98958296
0.08,1.8229166,291.1734,223.19989,0.98958296
0.08,1.825,291.1734,223.19989,0.98958296
0.08,1.8270833,291.1734,223.19989,0.98958296
0.08,1.8291667,291.1734,223.19989,0.98958296
0.08,1.83125,291.1734,223.19989,0.98958296
0.08,1.8333334,291.1734,223.19989,0.98958296
0.08,1.8354167,291.1734,223.19989,0.98958296
0.08,1.8375,291.1734,223.19989,0.98958296
0.08,1.8395833,291.1734,223.19989,0.98958296
0.08,1.8416667,291.1734,223.19989,0.98958296
0.08,1.84375,291.1734,223.19989,0.98958296
0.08,1.8458333,291.1734,223.19989,0.98958296
0.08,1.8479167,291.1734,223.19989,0.98958296
0.08,1.85,291.1734,223.19989,0.98958296
0.08,1.8520833,291.1734,223.19989,0.98958296
0.08,1.8541666,291.1734,223.19989,0.98958296
0.08,1.85625,291.1734,223.19989,0.98958296
0.08,1.8583333,291.1734,223.19989,0.98958296
0.08,1.8604167,291.1734,223.19989,0.98958296
0.08,1.8625,291.1734,223.19989,0.98958296
0.08,1.8645834,291.1734,223.19989,0.98958296
0.08,1.8666667,291.1734,223.19989,0.98958296
0.08,1.86875,291.1734,223.19989,0.98958296
0.08,1.8708333,291.1734,223.19989,0.98958296
0.08,1.8729167,291.1734,223.19989,0.98958296
0.08,1.875,291.1734,223.19989,0.98958296
0.08,1.8770833,291.1734,223.19989,0.98958296
0.08,1.8791667,291.1734,223.19989,0.98958296
0.08,1.88125,291.1734,223.19989,0.98958296
0.08,1.8833333,291.1734,223.19989,0.98958296
0.08,1.8854166,291.1734,223.19989,0.98958296
0.08,1.8875,291.1734,223.19989,0.98958296
0.08,1.8895833,291.1734,223.19989,0.98958296
0.08,1.8916667,291.1734,223.19989,0.98958296
0.08,1.89375,291.1734,223.19989,0.98958296
0.08,1.8958334,291.1734,223.19989,0.98958296
0.08,1.8979167,291.1734,223.19989,0.98958296
0.08,1.9,291.1734,223.19989,0.98958296
0.08,1.9020833,291.1734,223.19989,0.98958296
0.08,1.9041667,291.1734,223.19989,0.98958296
0.08,1.90625,291.1734,223.19989,0.98958296
0.08,1.9083333,291.1734,223.19989,0.98958296
0.08,1.9104167,291.1734,223.19989,0.98958296
0.08,1.9125,291.1734,223.19989,0.98958296
0.08,1.9145833,291.1734,223.19989,0.98958296
0.08,1.9166666,291.1734,223.19989,0.98958296
0.08,1.91875,291.1734,223.19989,0.98958296
0.08,1.9208333,291.1734,223.19989,0.98958296
0.08,1.9229167,291.1734,223.19989,0.98958296
0.08,1.925,291.1734,223.19989,0.98958296
0.08,1.9270834,291.1734,223.19989,0.98958296
0.08,1.9291667,291.1734,223.19989,0.98958296
0.08,1.93125,291.1734,223.19989,0.98958296
0.08,1.9333333,291.1734,223.19989,0.98958296
0.08,1.9354167,291.1734,223.19989,0.98958296
0.08,1.9375,291.1734,223.19989,0.98958296
0.08,1.9395833,291.1734,223.19989,0.98958296
0.08,1.9416667,291.1734,223.19989,0.98958296
0.08,1.94375,291.1734,223.19989,0.98958296
0.08,1.9458333,291.1734,223.19989,0.98958296
0.08,1.9479166,291.1734,223.19989,0.98958296
0.08,1.95,291.1734,223.19989,0.98958296
0.08,1.9520833,291.1734,223.19989,0.98958296
0.08,1.9541667,291.1734,223.19989,0.98958296
0.08,1.95625,291.1734,223.19989,0.98958296
0.08,1.9583334,291.1734,223.19989,0.98958296
0.08,1.9604167,291.1734,223.19989,0.98958296
0.08,1.9625,291.1734,223.19989,0.98958296
0.08,1.9645833,291.1734,223.19989,0.98958296
0.08,1.9666667,291.1734,223.19989,0.98958296
0.08,1.96875,291.1734,223.19989,0.98958296
0.08,1.9708333,291.1734,223.19989,0.98958296
0.08,1.9729167,291.1734,223.19989,0.98958296
0.08,1.975,291.1734,223.19989,0.98958296
0.08,1.9770833,291.1734,223.19989,0.98958296
0.08,1.9791666,291.1734,223.19989,0.98958296
0.08,1.98125,291.1734,223.19989,0.98958296
0.08,1.9833333,291.1734,223.19989,0.98958296
0.08,1.9854167,291.1734,223.19989,0.98958296
0.08,1.9875,291.1734,223.19989,0.98958296
0.08,1.9895834,291.1734,223.19989,0.98958296
0.08,1.9916667,291.1734,223.19989,0.98958296
0.08,1.99375,291.1734,223.19989,0.98958296
0.08,1.9958333,291.1734,223.19989,0.98958296
0.08,1.9979167,291.1734,223.19989,0.98958296
0.08,2.0,291.1734,223.19989,0.98958296
0.1,0.0020833334,291.17114,223.19763,0.0
0.1,0.004166667,291.17126,223.19775,6.843336E-5
0.1,0.00625,291.18353,223.19696,3.2756306E-4
0.1,0.008333334,291.24646,223.1925,8.7961525E-4
0.1,0.010416667,291.41525,223.1803,0.0018093128
0.1,0.0125,291.7444,223.15643,0.00318585
0.1,0.014583333,292.27753,223.11755,0.0050651086
0.1,0.016666668,293.04492,223.0614,0.0074909865
0.1,0.01875,294.06445,222.98651,0.010497353
0.1,0.020833334,295.34357,222.89215,0.014108928
0.1,0.022916667,296.8817,222.7782,0.018343069
0.1,0.025,298.67206,222.64493,0.023210121
0.1,0.027083334,300.7036,222.49298,0.02871521
0.1,0.029166667,302.9621,222.32312,0.034858108
0.1,0.03125,305.43115,222.13641,0.04163515
0.1,0.033333335,308.09302,221.93384,0.049038667
0.1,0.035416666,310.92914,221.71667,0.057058122
0.1,0.0375,313.92072,221.48605,0.0656813
0.1,0.039583333,317.0489,221.24313,0.0748931
0.1,0.041666668,320.29526,220.9891,0.08467797
0.1,0.04375,323.64166,220.7251,0.09501804
0.1,0.045833334,327.07086,220.45227,0.105895765
0.1,0.047916666,330.56598,220.17169,0.11729158
0.1,0.05,334.11145,219.8844,0.12918691
0.1,0.052083332,337.69202,219.59137,0.1415616
0.1,0.054166667,341.29388,219.29352,0.15439679
0.1,0.05625,344.9037,218.9917,0.1676722
0.1,0.058333334,348.50928,218.6868,0.18136927
0.1,0.060416665,352.0993,218.37958,0.1954682
0.1,0.0625,355.6635,218.0708,0.20995112
0.1,0.06458333,359.19226,217.76105,0.22479926
0.1,0.06666667,362.6767,217.45099,0.23999444
0.1,0.06875,366.10925,217.14124,0.25552022
0.1,0.07083333,369.48264,216.83234,0.27135897
0.1,0.072916664,372.79083,216.52472,0.28749534
0.1,0.075,376.028,216.21887,0.30391288
0.1,0.077083334,379.18942,215.91525,0.32059753
0.1,0.079166666,382.27087,215.61414,0.3375339
0.1,0.08125,385.2687,215.31598,0.35470912
0.1,0.083333336,388.17987,215.02103,0.37210903
0.1,0.08541667,391.00208,214.72955,0.38972202
0.1,0.0875,393.7331,214.44186,0.40753502
0.1,0.08958333,396.37158,214.15811,0.4255376
0.1,0.09166667,398.91647,213.87854,0.44371778
0.1,0.09375,401.3672,213.6033,0.46206617
0.1,0.09583333,403.72342,213.33258,0.4805725
0.1,0.09791667,405.98514,213.06647,0.49922672
0.1,0.1,408.15295,212.80505,0.5180212
0.1,0.10208333,410.2273,212.5485,0.5369465
0.1,0.104166664,412.20923,212.29681,0.555927
0.1,0.10625,414.09924,212.05017,0.5748321
0.1,0.108333334,415.8987,211.8086,0.5935535
0.1,0.110416666,417.6089,211.57214,0.6119987
0.1,0.1125,419.23132,211.34079,0.63009304
0.1,0.114583336,420.7677,211.11462,0.647774
0.1,0.11666667,422.2202,210.89365,0.66499275
0.1,0.11875,423.59055,210.67786,0.68170935
0.1,0.12083333,424.8811,210.46716,0.6978949
0.1,0.12291667,426.09412,210.26166,0.71352655
0.1,0.125,427.23193,210.06122,0.72859025
0.1,0.12708333,428.2971,209.86584,0.7430765
0.1,0.12916666,429.29187,209.67548,0.75698096
0.1,0.13125,430.21912,209.49005,0.77030444
0.1,0.13333334,431.08105,209.30954,0.7830513
0.1,0.13541667,431.8805,209.13385,0.7952282
0.1,0.1375,432.61975,208.96292,0.80684453
0.1,0.13958333,433.30164,208.79669,0.81791264
0.1,0.14166667,433.9286,208.63507,0.8284454
0.1,0.14375,434.50122,208.47809,0.8384581
0.1,0.14583333,435.0183,208.32596,0.8479662
0.1,0.14791666,435.479,208.1788,0.85698676
0.1,0.15,435.88208,208.03674,0.86553675
0.1,0.15208334,436.2268,207.90002,0.8736336
0.1,0.15416667,436.51233,207.76862,0.8812953
0.1,0.15625,436.7379,207.64279,0.88853985
0.1,0.15833333,436.9026,207.52258,0.8953848
0.1,0.16041666,437.00598,207.40814,0.90184754
0.1,0.1625,437.04736,207.29956,0.9079456
0.1,0.16458334,437.02606,207.19696,0.9136961
0.1,0.16666667,436.9414,207.1004,0.9191156
0.1,0.16875,436.79272,207.01007,0.9242201
0.1,0.17083333,436.5797,206.92603,0.9290254
0.1,0.17291667,436.30176,206.84833,0.9335467
0.1,0.175,435.9582,206.7771,0.93779886
0.1,0.17708333,435.54858,206.71246,0.9417957
0.1,0.17916666,435.07227,206.65445,0.9455512
0.1,0.18125,434.52893,206.60321,0.94907826
0.1,0.18333334,433.91827,206.55878,0.95238924
0.1,0.18541667,433.23962,206.52124,0.9554964
0.1,0.1875,432.49268,206.49072,0.95841104
0.1,0.18958333,431.6773,206.46722,0.9611441
0.1,0.19166666,430.7932,206.45087,0.96370596
0.1,0.19375,429.8401,206.44171,0.96610653
0.1,0.19583334,428.81824,206.43982,0.96835536
0.1,0.19791667,427.72723,206.44519,0.9704612
0.1,0.2,426.56763,206.45789,0.9724326
0.1,0.20208333,425.3396,206.47794,0.97427756
0.1,0.20416667,424.04346,206.5054,0.97600377
0.1,0.20625,422.6798,206.54028,0.97761834
0.1,0.20833333,421.24945,206.58252,0.9791281
0.1,0.21041666,419.75305,206.6322,0.98053956
0.1,0.2125,418.19165,206.68924,0.98185885
0.1,0.21458334,416.56677,206.7536,0.9830915
0.1,0.21666667,414.87952,206.82529,0.984243
0.1,0.21875,413.1316,206.90417,0.9853184
0.1,0.22083333,411.3246,206.99023,0.98632264
0.1,0.22291666,409.4607,207.08337,0.98726016
0.1,0.225,407.542,207.18341,0.98813516
0.1,0.22708334,405.57056,207.29034,0.9889517
0.1,0.22916667,403.5492,207.40399,0.9897135
0.1,0.23125,401.48022,207.52417,0.9904241
0.1,0.23333333,399.36688,207.65076,0.99108684
0.1,0.23541667,397.21155,207.78363,0.9917048
0.1,0.2375,395.01794,207.92252,0.99228096
0.1,0.23958333,392.78888,208.06723,0.99281806
0.1,0.24166666,390.5279,208.21762,0.99331856
0.1,0.24375,388.2381,208.37341,0.99378496
0.1,0.24583334,385.92328,208.53442,0.9942195
0.1,0.24791667,383.58698,208.70038,0.9946242
0.1,0.25,381.2326,208.87103,0.9950012
0.1,0.25208333,378.8639,209.0462,0.9953523
0.1,0.25416666,376.48468,209.22552,0.9956792
0.1,0.25625,374.09833,209.40881,0.99598354
0.1,0.25833333,371.7083,209.59583,0.99626684
0.1,0.26041666,369.31873,209.7862,0.9965305
0.1,0.2625,366.93274,209.9797,0.99677587
0.1,0.26458332,364.55396,210.17612,0.9970042
0.1,0.26666668,362.1853,210.37512,0.9972166
0.1,0.26875,359.8308,210.57642,0.9974142
0.1,0.27083334,357.49304,210.77985,0.997598
0.1,0.27291667,355.17523,210.98505,0.9977689
0.1,0.275,352.88043,211.19177,0.9979279
0.1,0.27708334,350.6115,211.39981,0.9980757
0.1,0.27916667,348.3709,211.60889,0.9982131
0.1,0.28125,346.16125,211.81873,0.9983409
0.1,0.28333333,343.98462,212.02911,0.99845964
0.1,0.28541666,341.8437,212.2398,0.99856997
0.1,0.2875,339.7403,212.45062,0.99867254
0.1,0.28958333,337.67627,212.66132,0.9987679
0.1,0.29166666,335.65344,212.87161,0.9988564
0.1,0.29375,333.67334,213.08142,0.9989387
0.1,0.29583332,331.73755,213.29047,0.9990151
0.1,0.29791668,329.84686,213.4986,0.9990861
0.1,0.3,328.00287,213.70557,0.99915206
0.1,0.30208334,326.20648,213.91132,0.99921334
0.1,0.30416667,324.458,214.1156,0.9992702
0.1,0.30625,322.75873,214.31833,0.999323
0.1,0.30833334,321.10883,214.51929,0.999372
0.1,0.31041667,319.5088,214.71841,0.99941754
0.1,0.3125,317.95874,214.91553,0.9994598
0.1,0.31458333,316.45886,215.11053,0.999499
0.1,0.31666666,315.00916,215.30331,0.9995354
0.1,0.31875,313.6095,215.49377,0.9995691
0.1,0.32083333,312.25977,215.68182,0.99960047
0.1,0.32291666,310.9596,215.86737,0.99962956
0.1,0.325,309.70862,216.0503,0.9996565
0.1,0.32708332,308.5061,216.23059,0.9996816
0.1,0.32916668,307.3518,216.4082,0.99970484
0.1,0.33125,306.2448,216.58301,0.9997264
0.1,0.33333334,305.18445,216.75497,0.9997464
0.1,0.33541667,304.16998,216.92407,0.999765
0.1,0.3375,303.20062,217.09027,0.99978215
0.1,0.33958334,302.2754,217.25354,0.9997981
0.1,0.34166667,301.3933,217.41382,0.9998129
0.1,0.34375,300.55347,217.5711,0.9998266
0.1,0.34583333,299.75458,217.72543,0.9998393
0.1,0.34791666,298.99603,217.87671,0.9998511
0.1,0.35,298.27637,218.02496,0.9998621
0.1,0.35208333,297.59473,218.17023,0.9998722
0.1,0.35416666,296.9497,218.31244,0.9998816
0.1,0.35625,296.34045,218.45163,0.9998903
0.1,0.35833332,295.7658,218.58783,0.99989843
0.1,0.36041668,295.22443,218.72107,0.9999059
0.1,0.3625,294.7152,218.85126,0.99991286
0.1,0.36458334,294.23706,218.97858,0.99991924
0.1,0.36666667,293.78888,219.1029,0.9999252
0.1,0.36875,293.36945,219.22433,0.99993074
0.1,0.37083334,292.9776,219.3429,0.9999358
0.1,0.37291667,292.61224,219.45859,0.9999406
0.1,0.375,292.27228,219.57147,0.999945
0.1,0.37708333,291.95667,219.68158,0.99994904
0.1,0.37916666,291.6643,219.78894,0.99995285
0.1,0.38125,291.39417,219.89355,0.9999563
0.1,0.38333333,291.14514,219.99554,0.9999595
0.1,0.38541666,290.91626,220.09485,0.99996257
0.1,0.3875,290.70654,220.19159,0.9999653
0.1,0.38958332,290.515,220.28577,0.9999679
0.1,0.39166668,290.34058,220.37744,0.99997026
0.1,0.39375,290.18274,220.46667,0.99997246
0.1,0.39583334,290.04028,220.55347,0.99997455
0.1,0.39791667,289.9123,220.63788,0.9999765
0.1,0.4,289.79816,220.71997,0.99997824
0.1,0.40208334,289.69714,220.79974,0.9999799
0.1,0.40416667,289.6081,220.87726,0.9999814
0.1,0.40625,289.53064,220.95264,0.99998283
0.1,0.40833333,289.46387,221.02582,0.99998415
0.1,0.41041666,289.4071,221.09692,0.9999853
0.1,0.4125,289.35974,221.16595,0.99998635
0.1,0.41458333,289.32104,221.23297,0.99998736
0.1,0.41666666,289.29053,221.29803,0.99998826
0.1,0.41875,289.26764,221.36115,0.99998915
0.1,0.42083332,289.25165,221.42242,0.99999
0.1,0.42291668,289.242,221.48181,0.99999076
0.1,0.425,289.2384,221.53946,0.9999914
0.1,0.42708334,289.2403,221.59534,0.9999921
0.1,0.42916667,289.2472,221.6495,0.99999267
0.1,0.43125,289.25854,221.70203,0.9999932
0.1,0.43333334,289.2741,221.75293,0.99999374
0.1,0.43541667,289.29352,221.80225,0.9999942
0.1,0.4375,289.31622,221.85,0.9999947
0.1,0.43958333,289.34204,221.8963,0.99999505
0.1,0.44166666,289.37048,221.9411,0.99999547
0.1,0.44375,289.40137,221.98453,0.9999958
0.1,0.44583333,289.43433,222.02658,0.9999961
0.1,0.44791666,289.46924,222.06726,0.9999965
0.1,0.45,289.50568,222.10663,0.9999968
0.1,0.45208332,289.54358,222.14474,0.999997
0.1,0.45416668,289.58252,222.18164,0.9999972
0.1,0.45625,289.62238,222.21729,0.99999744
0.1,0.45833334,289.66302,222.25183,0.9999977
0.1,0.46041667,289.7041,222.28522,0.99999785
0.1,0.4625,289.7458,222.3175,0.999998
0.1,0.46458334,289.7876,222.34875,0.99999815
0.1,0.46666667,289.8294,222.3789,0.99999833
0.1,0.46875,289.87134,222.40808,0.99999845
0.1,0.47083333,289.9131,222.43631,0.9999986
0.1,0.47291666,289.95465,222.4636,0.9999987
0.1,0.475,289.9958,222.48993,0.99999875
0.1,0.47708333,290.0365,222.51538,0.99999887
0.1,0.47916666,290.07666,222.53998,0.9999989
0.1,0.48125,290.11633,222.56375,0.999999
0.1,0.48333332,290.15533,222.58673,0.99999905
0.1,0.48541668,290.19373,222.60889,0.99999917
0.1,0.4875,290.2312,222.63028,0.9999992
0.1,0.48958334,290.26794,222.65097,0.9999993
0.1,0.49166667,290.30396,222.67096,0.9999994
0.1,0.49375,290.339,222.69022,0.99999946
0.1,0.49583334,290.3733,222.7088,0.9999995
0.1,0.49791667,290.40662,222.72675,0.99999964
0.1,0.5,290.43896,222.74408,0.9999997
0.1,0.50208336,290.47046,222.7608,0.9999997
0.1,0.50416666,290.50098,222.77698,0.9999997
0.1,0.50625,290.53052,222.79254,0.9999997
0.1,0.5083333,290.55914,222.80756,0.9999997
0.1,0.5104167,290.5869,222.82205,0.9999997
0.1,0.5125,290.6137,222.83603,0.9999997
0.1,0.51458335,290.6396,222.84955,0.9999997
0.1,0.51666665,290.6645,222.86255,0.9999997
0.1,0.51875,290.68848,222.87506,0.9999997
0.1,0.5208333,290.7116,222.88718,0.9999997
0.1,0.5229167,290.7339,222.89883,0.9999997
0.1,0.525,290.7552,222.9101,0.9999997
0.1,0.52708334,290.77582,222.92093,0.9999997
0.1,0.52916664,290.7954,222.9314,0.9999997
0.1,0.53125,290.81427,222.94147,0.9999997
0.1,0.53333336,290.83246,222.95117,0.9999997
0.1,0.53541666,290.84967,222.96051,0.9999997
0.1,0.5375,290.8662,222.96954,0.9999997
0.1,0.5395833,290.88208,222.97821,0.9999997
0.1,0.5416667,290.89722,222.98657,0.9999997
0.1,0.54375,290.91162,222.99466,0.9999997
0.1,0.54583335,290.92535,223.00244,0.9999997
0.1,0.54791665,290.93848,223.00992,0.9999997
0.1,0.55,290.951,223.01712,0.9999997
0.1,0.5520833,290.9629,223.02408,0.9999997
0.1,0.5541667,290.97418,223.03076,0.9999997
0.1,0.55625,290.98492,223.0372,0.9999997
0.1,0.55833334,290.99512,223.0434,0.9999997
0.1,0.56041664,291.00488,223.04938,0.9999997
0.1,0.5625,291.01416,223.05515,0.9999997
0.1,0.56458336,291.0229,223.06067,0.9999997
0.1,0.56666666,291.03107,223.06604,0.9999997
0.1,0.56875,291.039,223.07117,0.9999997
0.1,0.5708333,291.0464,223.07611,0.9999997
0.1,0.5729167,291.05347,223.08087,0.9999997
0.1,0.575,291.06006,223.08545,0.9999997
0.1,0.57708335,291.06635,223.08984,0.9999997
0.1,0.57916665,291.07227,223.09412,0.9999997
0.1,0.58125,291.07788,223.09818,0.9999997
0.1,0.5833333,291.0832,223.10211,0.9999997
0.1,0.5854167,291.08813,223.1059,0.9999997
0.1,0.5875,291.09277,223.10953,0.9999997
0.1,0.58958334,291.09723,223.11304,0.9999997
0.1,0.59166664,291.1015,223.1164,0.9999997
0.1,0.59375,291.1054,223.11963,0.9999997
0.1,0.59583336,291.10913,223.12277,0.9999997
0.1,0.59791666,291.11255,223.1258,0.9999997
0.1,0.6,291.11578,223.12866,0.9999997
0.1,0.6020833,291.1189,223.13147,0.9999997
0.1,0.6041667,291.12183,223.1341,0.9999997
0.1,0.60625,291.1245,223.13669,0.9999997
0.1,0.60833335,291.127,223.13916,0.9999997
0.1,0.61041665,291.12946,223.14154,0.9999997
0.1,0.6125,291.13177,223.1438,0.9999997
0.1,0.6145833,291.1338,223.146,0.9999997
0.1,0.6166667,291.1358,223.14813,0.9999997
0.1,0.61875,291.1377,223.15015,0.9999997
0.1,0.62083334,291.1394,223.1521,0.9999997
0.1,0.62291664,291.1411,223.15399,0.9999997
0.1,0.625,291.14264,223.15582,0.9999997
0.1,0.62708336,291.14404,223.15756,0.9999997
0.1,0.62916666,291.1455,223.15924,0.9999997
0.1,0.63125,291.14673,223.16083,0.9999997
0.1,0.6333333,291.14795,223.16235,0.9999997
0.1,0.6354167,291.1491,223.16385,0.9999997
0.1,0.6375,291.15015,223.16528,0.9999997
0.1,0.63958335,291.15112,223.16663,0.9999997
0.1,0.64166665,291.1521,223.16797,0.9999997
0.1,0.64375,291.1529,223.16922,0.9999997
0.1,0.6458333,291.1538,223.17044,0.9999997
0.1,0.6479167,291.15454,223.17163,0.9999997
0.1,0.65,291.15527,223.17273,0.9999997
0.1,0.65208334,291.156,223.17383,0.9999997
0.1,0.65416664,291.15668,223.17484,0.9999997
0.1,0.65625,291.15723,223.17584,0.9999997
0.1,0.65833336,291.1579,223.17682,0.9999997
0.1,0.66041666,291.15845,223.17773,0.9999997
0.1,0.6625,291.15894,223.17859,0.9999997
0.1,0.6645833,291.15942,223.17944,0.9999997
0.1,0.6666667,291.1599,223.1803,0.9999997
0.1,0.66875,291.1604,223.18106,0.9999997
0.1,0.67083335,291.16083,223.18182,0.9999997
0.1,0.67291665,291.1612,223.18256,0.9999997
0.1,0.675,291.16162,223.18323,0.9999997
0.1,0.6770833,291.16205,223.1839,0.9999997
0.1,0.6791667,291.16235,223.18457,0.9999997
0.1,0.68125,291.16266,223.18518,0.9999997
0.1,0.68333334,291.1631,223.18579,0.9999997
0.1,0.68541664,291.16333,223.18634,0.9999997
0.1,0.6875,291.16364,223.18689,0.9999997
0.1,0.68958336,291.164,223.18741,0.9999997
0.1,0.69166666,291.16425,223.18793,0.9999997
0.1,0.69375,291.16455,223.18842,0.9999997
0.1,0.6958333,291.1648,223.18884,0.9999997
0.1,0.6979167,291.16504,223.1893,0.9999997
0.1,0.7,291.16528,223.18976,0.9999997
0.1,0.70208335,291.16553,223.19016,0.9999997
0.1,0.70416665,291.16577,223.19055,0.9999997
0.1,0.70625,291.16602,223.19092,0.9999997
0.1,0.7083333,291.1662,223.19128,0.9999997
0.1,0.7104167,291.16644,223.19165,0.9999997
0.1,0.7125,291.16656,223.19199,0.9999997
0.1,0.71458334,291.1668,223.19232,0.9999997
0.1,0.71666664,291.167,223.19263,0.9999997
0.1,0.71875,291.16724,223.19293,0.9999997
0.1,0.72083336,291.16742,223.1932,0.9999997
0.1,0.72291666,291.16754,223.19348,0.9999997
0.1,0.725,291.16772,223.19376,0.9999997
0.1,0.7270833,291.16797,223.194,0.9999997
0.1,0.7291667,291.16803,223.19424,0.9999997
0.1,0.73125,291.1682,223.19449,0.9999997
0.1,0.73333335,291.16846,223.1947,0.9999997
0.1,0.73541665,291.16852,223.19489,0.9999997
0.1,0.7375,291.1687,223.19513,0.9999997
0.1,0.7395833,291.16888,223.19531,0.9999997
0.1,0.7416667,291.16895,223.1955,0.9999997
0.1,0.74375,291.1692,223.19568,0.9999997
0.1,0.74583334,291.16937,223.19586,0.9999997
0.1,0.74791664,291.16943,223.19604,0.9999997
0.1,0.75,291.1695,223.1962,0.9999997
0.1,0.75208336,291.16968,223.19635,0.9999997
0.1,0.75416666,291.16986,223.19647,0.9999997
0.1,0.75625,291.16992,223.19662,0.9999997
0.1,0.7583333,291.16998,223.19678,0.9999997
0.1,0.7604167,291.17017,223.1969,0.9999997
0.1,0.7625,291.17035,223.19702,0.9999997
0.1,0.76458335,291.1704,223.19714,0.9999997
0.1,0.76666665,291.17047,223.19727,0.9999997
0.1,0.76875,291.17065,223.19739,0.9999997
0.1,0.7708333,291.17065,223.19748,0.9999997
0.1,0.7729167,291.17084,223.19757,0.9999997
0.1,0.775,291.1709,223.1977,0.9999997
0.1,0.77708334,291.17096,223.19778,0.9999997
0.1,0.77916664,291.17108,223.19788,0.9999997
0.1,0.78125,291.17114,223.19794,0.9999997
0.1,0.78333336,291.1712,223.19803,0.9999997
0.1,0.78541666,291.1714,223.19812,0.9999997
0.1,0.7875,291.1714,223.19818,0.9999997
0.1,0.7895833,291.17145,223.19827,0.9999997
0.1,0.7916667,291.17157,223.1983,0.9999997
0.1,0.79375,291.17163,223.19843,0.9999997
0.1,0.79583335,291.17163,223.19846,0.9999997
0.1,0.79791665,291.1718,223.19852,0.9999997
0.1,0.8,291.17188,223.19861,0.9999997
0.1,0.8020833,291.17188,223.19867,0.9999997
0.1,0.8041667,291.17194,223.1987,0.9999997
0.1,0.80625,291.17206,223.19873,0.9999997
0.1,0.80833334,291.17212,223.19879,0.9999997
0.1,0.81041664,291.17212,223.19885,0.9999997
0.1,0.8125,291.17212,223.19891,0.9999997
0.1,0.81458336,291.1723,223.19894,0.9999997
0.1,0.81666666,291.17236,223.19897,0.9999997
0.1,0.81875,291.17236,223.19904,0.9999997
0.1,0.8208333,291.17236,223.19907,0.9999997
0.1,0.8229167,291.17236,223.1991,0.9999997
0.1,0.825,291.17242,223.19916,0.9999997
0.1,0.82708335,291.17255,223.19916,0.9999997
0.1,0.82916665,291.1726,223.19922,0.9999997
0.1,0.83125,291.1726,223.19922,0.9999997
0.1,0.8333333,291.1726,223.19928,0.9999997
0.1,0.8354167,291.1726,223.19928,0.9999997
0.1,0.8375,291.17267,223.19934,0.9999997
0.1,0.83958334,291.1728,223.19934,0.9999997
0.1,0.84166664,291.17285,223.1994,0.9999997
0.1,0.84375,291.17285,223.1994,0.9999997
0.1,0.84583336,291.17285,223.19943,0.9999997
0.1,0.84791666,291.17285,223.19946,0.9999997
0.1,0.85,291.17285,223.19946,0.9999997
0.1,0.8520833,291.17285,223.19946,0.9999997
0.1,0.8541667,291.1729,223.19952,0.9999997
0.1,0.85625,291.1729,223.19952,0.9999997
0.1,0.85833335,291.1729,223.19952,0.9999997
0.1,0.86041665,291.17303,223.19958,0.9999997
0.1,0.8625,291.1731,223.19958,0.9999997
0.1,0.8645833,291.1731,223.19958,0.9999997
0.1,0.8666667,291.1731,223.19962,0.9999997
0.1,0.86875,291.1731,223.19965,0.9999997
0.1,0.87083334,291.1731,223.19965,0.9999997
0.1,0.87291664,291.1731,223.19965,0.9999997
0.1,0.875,291.1731,223.19968,0.9999997
0.1,0.87708336,291.1731,223.19968,0.9999997
0.1,0.87916666,291.1731,223.1997,0.9999997
0.1,0.88125,291.1731,223.1997,0.9999997
0.1,0.8833333,291.1731,223.1997,0.9999997
0.1,0.8854167,291.1731,223.19974,0.9999997
0.1,0.8875,291.17316,223.19977,0.9999997
0.1,0.88958335,291.17316,223.19977,0.9999997
0.1,0.89166665,291.17316,223.19977,0.9999997
0.1,0.89375,291.17316,223.19977,0.9999997
0.1,0.8958333,291.17316,223.19977,0.9999997
0.1,0.8979167,291.17328,223.1998,0.9999997
0.1,0.9,291.17328,223.1998,0.9999997
0.1,0.90208334,291.17328,223.1998,0.9999997
0.1,0.90416664,291.17328,223.19983,0.9999997
0.1,0.90625,291.17328,223.19983,0.9999997
0.1,0.90833336,291.17328,223.19983,0.9999997
0.1,0.91041666,291.17334,223.19983,0.9999997
0.1,0.9125,291.17334,223.19983,0.9999997
0.1,0.9145833,291.17334,223.19983,0.9999997
0.1,0.9166667,291.17334,223.19983,0.9999997
0.1,0.91875,291.17334,223.19983,0.9999997
0.1,0.92083335,291.17334,223.19983,0.9999997
0.1,0.92291665,291.17334,223.19989,0.9999997
0.1,0.925,291.17334,223.19989,0.9999997
0.1,0.9270833,291.17334,223.19989,0.9999997
0.1,0.9291667,291.17334,223.19989,0.9999997
0.1,0.93125,291.17334,223.19989,0.9999997
0.1,0.93333334,291.17334,223.19989,0.9999997
0.1,0.93541664,291.17334,223.19989,0.9999997
0.1,0.9375,291.17334,223.19989,0.9999997
0.1,0.93958336,291.17334,223.19989,0.9999997
0.1,0.94166666,291.17334,223.19989,0.9999997
0.1,0.94375,291.17334,223.19989,0.9999997
0.1,0.9458333,291.17334,223.19989,0.9999997
0.1,0.9479167,291.17334,223.19989,0.9999997
0.1,0.95,291.17334,223.19989,0.9999997
0.1,0.95208335,291.17334,223.19989,0.9999997
0.1,0.95416665,291.17334,223.19989,0.9999997
0.1,0.95625,291.17334,223.19989,0.9999997
0.1,0.9583333,291.17334,223.19989,0.9999997
0.1,0.9604167,291.17334,223.19989,0.9999997
0.1,0.9625,291.17334,223.19989,0.9999997
0.1,0.96458334,291.17334,223.19989,0.9999997
0.1,0.96666664,291.17334,223.19989,0.9999997
0.1,0.96875,291.17334,223.19989,0.9999997
0.1,0.97083336,291.17334,223.19989,0.9999997
0.1,0.97291666,291.17334,223.19989,0.9999997
0.1,0.975,291.17334,223.19989,0.9999997
0.1,0.9770833,291.17334,223.19989,0.9999997
0.1,0.9791667,291.17334,223.19989,0.9999997
0.1,0.98125,291.17334,223.19989,0.9999997
0.1,0.98333335,291.17334,223.19989,0.9999997
0.1,0.98541665,291.17334,223.19989,0.9999997
0.1,0.9875,291.17334,223.19989,0.9999997
0.1,0.9895833,291.17334,223.19989,0.9999997
0.1,0.9916667,291.17334,223.19989,0.9999997
0.1,0.99375,291.17334,223.19989,0.9999997
0.1,0.99583334,291.17334,223.19989,0.9999997
0.1,0.99791664,291.17334,223.19989,0.9999997
0.1,1.0,291.17334,223.19989,0.9999997
0.1,1.0020833,291.17334,223.19989,0.9999997
0.1,1.0041667,291.17334,223.19989,0.9999997
0.1,1.00625,291.17334,223.19989,0.9999997
0.1,1.0083333,291.17334,223.19989,0.9999997
0.1,1.0104166,291.17334,223.19989,0.9999997
0.1,1.0125,291.17334,223.19989,0.9999997
0.1,1.0145833,291.17334,223.19989,0.9999997
0.1,1.0166667,291.17334,223.19989,0.9999997
0.1,1.01875,291.17334,223.19989,0.9999997
0.1,1.0208334,291.17334,223.19989,0.9999997
0.1,1.0229167,291.17334,223.19989,0.9999997
0.1,1.025,291.17334,223.19989,0.9999997
0.1,1.0270833,291.17334,223.19989,0.9999997
0.1,1.0291667,291.17334,223.19989,0.9999997
0.1,1.03125,291.17334,223.19989,0.9999997
0.1,1.0333333,291.17334,223.19989,0.9999997
0.1,1.0354167,291.17334,223.19989,0.9999997
0.1,1.0375,291.17334,223.19989,0.9999997
0.1,1.0395833,291.17334,223.19989,0.9999997
0.1,1.0416666,291.17334,223.19989,0.9999997
0.1,1.04375,291.17334,223.19989,0.9999997
0.1,1.0458333,291.17334,223.19989,0.9999997
0.1,1.0479167,291.17334,223.19989,0.9999997
0.1,1.05,291.17334,223.19989,0.9999997
0.1,1.0520834,291.17334,223.19989,0.9999997
0.1,1.0541667,291.17334,223.19989,0.9999997
0.1,1.05625,291.17334,223.19989,0.9999997
0.1,1.0583333,291.17334,223.19989,0.9999997
0.1,1.0604167,291.17334,223.19989,0.9999997
0.1,1.0625,291.17334,223.19989,0.9999997
0.1,1.0645833,291.17334,223.19989,0.9999997
0.1,1.0666667,291.17334,223.19989,0.9999997
0.1,1.06875,291.17334,223.19989,0.9999997
0.1,1.0708333,291.17334,223.19989,0.9999997
0.1,1.0729166,291.17334,223.19989,0.9999997
0.1,1.075,291.17334,223.19989,0.9999997
0.1,1.0770833,291.17334,223.19989,0.9999997
0.1,1.0791667,291.17334,223.19989,0.9999997
0.1,1.08125,291.17334,223.19989,0.9999997
0.1,1.0833334,291.17334,223.19989,0.9999997
0.1,1.0854167,291.17334,223.19989,0.9999997
0.1,1.0875,291.17334,223.19989,0.9999997
0.1,1.0895833,291.17334,223.19989,0.9999997
0.1,1.0916667,291.17334,223.19989,0.9999997
0.1,1.09375,291.17334,223.19989,0.9999997
0.1,1.0958333,291.17334,223.19989,0.9999997
0.1,1.0979167,291.17334,223.19989,0.9999997
0.1,1.1,291.17334,223.19989,0.9999997
0.1,1.1020833,291.17334,223.19989,0.9999997
0.1,1.1041666,291.17334,223.19989,0.9999997
0.1,1.10625,291.17334,223.19989,0.9999997
0.1,1.1083333,291.17334,223.19989,0.9999997
0.1,1.1104167,291.17334,223.19989,0.9999997
0.1,1.1125,291.17334,223.19989,0.9999997
0.1,1.1145834,291.17334,223.19989,0.9999997
0.1,1.1166667,291.17334,223.19989,0.9999997
0.1,1.11875,291.17334,223.19989,0.9999997
0.1,1.1208333,291.17334,223.19989,0.9999997
0.1,1.1229167,291.17334,223.19989,0.9999997
0.1,1.125,291.17334,223.19989,0.9999997
0.1,1.1270833,291.17334,223.19989,0.9999997
0.1,1.1291667,291.17334,223.19989,0.9999997
0.1,1.13125,291.17334,223.19989,0.9999997
0.1,1.1333333,291.17334,223.19989,0.9999997
0.1,1.1354166,291.17334,223.19989,0.9999997
0.1,1.1375,291.17334,223.19989,0.9999997
0.1,1.1395833,291.17334,223.19989,0.9999997
0.1,1.1416667,291.17334,223.19989,0.9999997
0.1,1.14375,291.17334,223.19989,0.9999997
0.1,1.1458334,291.17334,223.19989,0.9999997
0.1,1.1479167,291.17334,223.19989,0.9999997
0.1,1.15,291.17334,223.19989,0.9999997
0.1,1.1520833,291.17334,223.19989,0.9999997
0.1,1.1541667,291.17334,223.19989,0.9999997
0.1,1.15625,291.17334,223.19989,0.9999997
0.1,1.1583333,291.17334,223.19989,0.9999997
0.1,1.1604167,291.17334,223.19989,0.9999997
0.1,1.1625,291.17334,223.19989,0.9999997
0.1,1.1645833,291.17334,223.19989,0.9999997
0.1,1.1666666,291.17334,223.19989,0.9999997
0.1,1.16875,291.17334,223.19989,0.9999997
0.1,1.1708333,291.17334,223.19989,0.9999997
0.1,1.1729167,291.17334,223.19989,0.9999997
0.1,1.175,291.17334,223.19989,0.9999997
0.1,1.1770834,291.17334,223.19989,0.9999997
0.1,1.1791667,291.17334,223.19989,0.9999997
0.1,1.18125,291.17334,223.19989,0.9999997
0.1,1.1833333,291.17334,223.19989,0.9999997
0.1,1.1854167,291.17334,223.19989,0.9999997
0.1,1.1875,291.17334,223.19989,0.9999997
0.1,1.1895833,291.17334,223.19989,0.9999997
0.1,1.1916667,291.17334,223.19989,0.9999997
0.1,1.19375,291.17334,223.19989,0.9999997
0.1,1.1958333,291.17334,223.19989,0.9999997
0.1,1.1979166,291.17334,223.19989,0.9999997
0.1,1.2,291.17334,223.19989,0.9999997
0.1,1.2020833,291.17334,223.19989,0.9999997
0.1,1.2041667,291.17334,223.19989,0.9999997
0.1,1.20625,291.17334,223.19989,0.9999997
0.1,1.2083334,291.17334,223.19989,0.9999997
0.1,1.2104167,291.17334,223.19989,0.9999997
0.1,1.2125,291.17334,223.19989,0.9999997
0.1,1.2145833,291.17334,223.19989,0.9999997
0.1,1.2166667,291.17334,223.19989,0.9999997
0.1,1.21875,291.17334,223.19989,0.9999997
0.1,1.2208333,291.17334,223.19989,0.9999997
0.1,1.2229167,291.17334,223.19989,0.9999997
0.1,1.225,291.17334,223.19989,0.9999997
0.1,1.2270833,291.17334,223.19989,0.9999997
0.1,1.2291666,291.17334,223.19989,0.9999997
0.1,1.23125,291.17334,223.19989,0.9999997
0.1,1.2333333,291.17334,223.19989,0.9999997
0.1,1.2354167,291.17334,223.19989,0.9999997
0.1,1.2375,291.17334,223.19989,0.9999997
0.1,1.2395834,291.17334,223.19989,0.9999997
0.1,1.2416667,291.17334,223.19989,0.9999997
0.1,1.24375,291.17334,223.19989,0.9999997
0.1,1.2458333,291.17334,223.19989,0.9999997
0.1,1.2479167,291.17334,223.19989,0.9999997
0.1,1.25,291.17334,223.19989,0.9999997
0.1,1.2520833,291.17334,223.19989,0.9999997
0.1,1.2541667,291.17334,223.19989,0.9999997
0.1,1.25625,291.17334,223.19989,0.9999997
0.1,1.2583333,291.17334,223.19989,0.9999997
0.1,1.2604166,291.17334,223.19989,0.9999997
0.1,1.2625,291.17334,223.19989,0.9999997
0.1,1.2645833,291.17334,223.19989,0.9999997
0.1,1.2666667,291.17334,223.19989,0.9999997
0.1,1.26875,291.17334,223.19989,0.9999997
0.1,1.2708334,291.17334,223.19989,0.9999997
0.1,1.2729167,291.17334,223.19989,0.9999997
0.1,1.275,291.17334,223.19989,0.9999997
0.1,1.2770833,291.17334,223.19989,0.9999997
0.1,1.2791667,291.17334,223.19989,0.9999997
0.1,1.28125,291.17334,223.19989,0.9999997
0.1,1.2833333,291.17334,223.19989,0.9999997
0.1,1.2854167,291.17334,223.19989,0.9999997
0.1,1.2875,291.17334,223.19989,0.9999997
0.1,1.2895833,291.17334,223.19989,0.9999997
0.1,1.2916666,291.17334,223.19989,0.9999997
0.1,1.29375,291.17334,223.19989,0.9999997
0.1,1.2958333,291.17334,223.19989,0.9999997
0.1,1.2979167,291.17334,223.19989,0.9999997
0.1,1.3,291.17334,223.19989,0.9999997
0.1,1.3020834,291.17334,223.19989,0.9999997
0.1,1.3041667,291.17334,223.19989,0.9999997
0.1,1.30625,291.17334,223.19989,0.9999997
0.1,1.3083333,291.17334,223.19989,0.9999997
0.1,1.3104167,291.17334,223.19989,0.9999997
0.1,1.3125,291.17334,223.19989,0.9999997
0.1,1.3145833,291.17334,223.19989,0.9999997
0.1,1.3166667,291.17334,223.19989,0.9999997
0.1,1.31875,291.17334,223.19989,0.9999997
0.1,1.3208333,291.17334,223.19989,0.9999997
0.1,1.3229166,291.17334,223.19989,0.9999997
0.1,1.325,291.17334,223.19989,0.9999997
0.1,1.3270833,291.17334,223.19989,0.9999997
0.1,1.3291667,291.17334,223.19989,0.9999997
0.1,1.33125,291.17334,223.19989,0.9999997
0.1,1.3333334,291.17334,223.19989,0.9999997
0.1,1.3354167,291.17334,223.19989,0.9999997
0.1,1.3375,291.17334,223.19989,0.9999997
0.1,1.3395833,291.17334,223.19989,0.9999997
0.1,1.3416667,291.17334,223.19989,0.9999997
0.1,1.34375,291.17334,223.19989,0.9999997
0.1,1.3458333,291.17334,223.19989,0.9999997
0.1,1.3479167,291.17334,223.19989,0.9999997
0.1,1.35,291.17334,223.19989,0.9999997
0.1,1.3520833,291.17334,223.19989,0.9999997
0.1,1.3541666,291.17334,223.19989,0.9999997
0.1,1.35625,291.17334,223.19989,0.9999997
0.1,1.3583333,291.17334,223.19989,0.9999997
0.1,1.3604167,291.17334,223.19989,0.9999997
0.1,1.3625,291.17334,223.19989,0.9999997
0.1,1.3645834,291.17334,223.19989,0.9999997
0.1,1.3666667,291.17334,223.19989,0.9999997
0.1,1.36875,291.17334,223.19989,0.9999997
0.1,1.3708333,291.17334,223.19989,0.9999997
0.1,1.3729167,291.17334,223.19989,0.9999997
0.1,1.375,291.17334,223.19989,0.9999997
0.1,1.3770833,291.17334,223.19989,0.9999997
0.1,1.3791667,291.17334,223.19989,0.9999997
0.1,1.38125,291.17334,223.19989,0.9999997
0.1,1.3833333,291.17334,223.19989,0.9999997
0.1,1.3854166,291.17334,223.19989,0.9999997
0.1,1.3875,291.17334,223.19989,0.9999997
0.1,1.3895833,291.17334,223.19989,0.9999997
0.1,1.3916667,291.17334,223.19989,0.9999997
0.1,1.39375,291.17334,223.19989,0.9999997
0.1,1.3958334,291.17334,223.19989,0.9999997
0.1,1.3979167,291.17334,223.19989,0.9999997
0.1,1.4,291.17334,223.19989,0.9999997
0.1,1.4020833,291.17334,223.19989,0.9999997
0.1,1.4041667,291.17334,223.19989,0.9999997
0.1,1.40625,291.17334,223.19989,0.9999997
0.1,1.4083333,291.17334,223.19989,0.9999997
0.1,1.4104167,291.17334,223.19989,0.9999997
0.1,1.4125,291.17334,223.19989,0.9999997
0.1,1.4145833,291.17334,223.19989,0.9999997
0.1,1.4166666,291.17334,223.19989,0.9999997
0.1,1.41875,291.17334,223.19989,0.9999997
0.1,1.4208333,291.17334,223.19989,0.9999997
0.1,1.4229167,291.17334,223.19989,0.9999997
0.1,1.425,291.17334,223.19989,0.9999997
0.1,1.4270834,291.17334,223.19989,0.9999997
0.1,1.4291667,291.17334,223.19989,0.9999997
0.1,1.43125,291.17334,223.19989,0.9999997
0.1,1.4333333,291.17334,223.19989,0.9999997
0.1,1.4354167,291.17334,223.19989,0.9999997
0.1,1.4375,291.17334,223.19989,0.9999997
0.1,1.4395833,291.17334,223.19989,0.9999997
0.1,1.4416667,291.17334,223.19989,0.9999997
0.1,1.44375,291.17334,223.19989,0.9999997
0.1,1.4458333,291.17334,223.19989,0.9999997
0.1,1.4479166,291.17334,223.19989,0.9999997
0.1,1.45,291.17334,223.19989,0.9999997
0.1,1.4520833,291.17334,223.19989,0.9999997
0.1,1.4541667,291.17334,223.19989,0.9999997
0.1,1.45625,291.17334,223.19989,0.9999997
0.1,1.4583334,291.17334,223.19989,0.9999997
0.1,1.4604167,291.17334,223.19989,0.9999997
0.1,1.4625,291.17334,223.19989,0.9999997
0.1,1.4645833,291.17334,223.19989,0.9999997
0.1,1.4666667,291.17334,223.19989,0.9999997
0.1,1.46875,291.17334,223.19989,0.9999997
0.1,1.4708333,291.17334,223.19989,0.9999997
0.1,1.4729167,291.17334,223.19989,0.9999997
0.1,1.475,291.17334,223.19989,0.9999997
0.1,1.4770833,291.17334,223.19989,0.9999997
0.1,1.4791666,291.17334,223.19989,0.9999997
0.1,1.48125,291.17334,223.19989,0.9999997
0.1,1.4833333,291.17334,223.19989,0.9999997
0.1,1.4854167,291.17334,223.19989,0.9999997
0.1,1.4875,291.17334,223.19989,0.9999997
0.1,1.4895834,291.17334,223.19989,0.9999997
0.1,1.4916667,291.17334,223.19989,0.9999997
0.1,1.49375,291.17334,223.19989,0.9999997
0.1,1.4958333,291.17334,223.19989,0.9999997
0.1,1.4979167,291.17334,223.19989,0.9999997
0.1,1.5,291.17334,223.19989,0.9999997
0.1,1.5020833,291.17334,223.19989,0.9999997
0.1,1.5041667,291.17334,223.19989,0.9999997
0.1,1.50625,291.17334,223.19989,0.9999997
0.1,1.5083333,291.17334,223.19989,0.9999997
0.1,1.5104166,291.17334,223.19989,0.9999997
0.1,1.5125,291.17334,223.19989,0.9999997
0.1,1.5145833,291.17334,223.19989,0.9999997
0.1,1.5166667,291.17334,223.19989,0.9999997
0.1,1.51875,291.17334,223.19989,0.9999997
0.1,1.5208334,291.17334,223.19989,0.9999997
0.1,1.5229167,291.17334,223.19989,0.9999997
0.1,1.525,291.17334,223.19989,0.9999997
0.1,1.5270833,291.17334,223.19989,0.9999997
0.1,1.5291667,291.17334,223.19989,0.9999997
0.1,1.53125,291.17334,223.19989,0.9999997
0.1,1.5333333,291.17334,223.19989,0.9999997
0.1,1.5354167,291.17334,223.19989,0.9999997
0.1,1.5375,291.17334,223.19989,0.9999997
0.1,1.5395833,291.17334,223.19989,0.9999997
0.1,1.5416666,291.17334,223.19989,0.9999997
0.1,1.54375,291.17334,223.19989,0.9999997
0.1,1.5458333,291.17334,223.19989,0.9999997
0.1,1.5479167,291.17334,223.19989,0.9999997
0.1,1.55,291.17334,223.19989,0.9999997
0.1,1.5520834,291.17334,223.19989,0.9999997
0.1,1.5541667,291.17334,223.19989,0.9999997
0.1,1.55625,291.17334,223.19989,0.9999997
0.1,1.5583333,291.17334,223.19989,0.9999997
0.1,1.5604167,291.17334,223.19989,0.9999997
0.1,1.5625,291.17334,223.19989,0.9999997
0.1,1.5645833,291.17334,223.19989,0.9999997
0.1,1.5666667,291.17334,223.19989,0.9999997
0.1,1.56875,291.17334,223.19989,0.9999997
0.1,1.5708333,291.17334,223.19989,0.9999997
0.1,1.5729166,291.17334,223.19989,0.9999997
0.1,1.575,291.17334,223.19989,0.9999997
0.1,1.5770833,291.17334,223.19989,0.9999997
0.1,1.5791667,291.17334,223.19989,0.9999997
0.1,1.58125,291.17334,223.19989,0.9999997
0.1,1.5833334,291.17334,223.19989,0.9999997
0.1,1.5854167,291.17334,223.19989,0.9999997
0.1,1.5875,291.17334,223.19989,0.9999997
0.1,1.5895833,291.17334,223.19989,0.9999997
0.1,1.5916667,291.17334,223.19989,0.9999997
0.1,1.59375,291.17334,223.19989,0.9999997
0.1,1.5958333,291.17334,223.19989,0.9999997
0.1,1.5979167,291.17334,223.19989,0.9999997
0.1,1.6,291.17334,223.19989,0.9999997
0.1,1.6020833,291.17334,223.19989,0.9999997
0.1,1.6041666,291.17334,223.19989,0.9999997
0.1,1.60625,291.17334,223.19989,0.9999997
0.1,1.6083333,291.17334,223.19989,0.9999997
0.1,1.6104167,291.17334,223.19989,0.9999997
0.1,1.6125,291.17334,223.19989,0.9999997
0.1,1.6145834,291.17334,223.19989,0.9999997
0.1,1.6166667,291.17334,223.19989,0.9999997
0.1,1.61875,291.17334,223.19989,0.9999997
0.1,1.6208333,291.17334,223.19989,0.9999997
0.1,1.6229167,291.17334,223.19989,0.9999997
0.1,1.625,291.17334,223.19989,0.9999997
0.1,1.6270833,291.17334,223.19989,0.9999997
0.1,1.6291667,291.17334,223.19989,0.9999997
0.1,1.63125,291.17334,223.19989,0.9999997
0.1,1.6333333,291.17334,223.19989,0.9999997
0.1,1.6354166,291.17334,223.19989,0.9999997
0.1,1.6375,291.17334,223.19989,0.9999997
0.1,1.6395833,291.17334,223.19989,0.9999997
0.1,1.6416667,291.17334,223.19989,0.9999997
0.1,1.64375,291.17334,223.19989,0.9999997
0.1,1.6458334,291.17334,223.19989,0.9999997
0.1,1.6479167,291.17334,223.19989,0.9999997
0.1,1.65,291.17334,223.19989,0.9999997
0.1,1.6520833,291.17334,223.19989,0.9999997
0.1,1.6541667,291.17334,223.19989,0.9999997
0.1,1.65625,291.17334,223.19989,0.9999997
0.1,1.6583333,291.17334,223.19989,0.9999997
0.1,1.6604167,291.17334,223.19989,0.9999997
0.1,1.6625,291.17334,223.19989,0.9999997
0.1,1.6645833,291.17334,223.19989,0.9999997
0.1,1.6666666,291.17334,223.19989,0.9999997
0.1,1.66875,291.17334,223.19989,0.9999997
0.1,1.6708333,291.17334,223.19989,0.9999997
0.1,1.6729167,291.17334,223.19989,0.9999997
0.1,1.675,291.17334,223.19989,0.9999997
0.1,1.6770834,291.17334,223.19989,0.9999997
0.1,1.6791667,291.17334,223.19989,0.9999997
0.1,1.68125,291.17334,223.19989,0.9999997
0.1,1.6833333,291.17334,223.19989,0.9999997
0.1,1.6854167,291.17334,223.19989,0.9999997
0.1,1.6875,291.17334,223.19989,0.9999997
0.1,1.6895833,291.17334,223.19989,0.9999997
0.1,1.6916667,291.17334,223.19989,0.9999997
0.1,1.69375,291.17334,223.19989,0.9999997
0.1,1.6958333,291.17334,223.19989,0.9999997
0.1,1.6979166,291.17334,223.19989,0.9999997
0.1,1.7,291.17334,223.19989,0.9999997
0.1,1.7020833,291.17334,223.19989,0.9999997
0.1,1.7041667,291.17334,223.19989,0.9999997
0.1,1.70625,291.17334,223.19989,0.9999997
0.1,1.7083334,291.17334,223.19989,0.9999997
0.1,1.7104167,291.17334,223.19989,0.9999997
0.1,1.7125,291.17334,223.19989,0.9999997
0.1,1.7145833,291.17334,223.19989,0.9999997
0.1,1.7166667,291.17334,223.19989,0.9999997
0.1,1.71875,291.17334,223.19989,0.9999997
0.1,1.7208333,291.17334,223.19989,0.9999997
0.1,1.7229167,291.17334,223.19989,0.9999997
0.1,1.725,291.17334,223.19989,0.9999997
0.1,1.7270833,291.17334,223.19989,0.9999997
0.1,1.7291666,291.17334,223.19989,0.9999997
0.1,1.73125,291.17334,223.19989,0.9999997
0.1,1.7333333,291.17334,223.19989,0.9999997
0.1,1.7354167,291.17334,223.19989,0.9999997
0.1,1.7375,291.17334,223.19989,0.9999997
0.1,1.7395834,291.17334,223.19989,0.9999997
0.1,1.7416667,291.17334,223.19989,0.9999997
0.1,1.74375,291.17334,223.19989,0.9999997
0.1,1.7458333,291.17334,223.19989,0.9999997
0.1,1.7479167,291.17334,223.19989,0.9999997
0.1,1.75,291.17334,223.19989,0.9999997
0.1,1.7520833,291.17334,223.19989,0.9999997
0.1,1.7541667,291.17334,223.19989,0.9999997
0.1,1.75625,291.17334,223.19989,0.9999997
0.1,1.7583333,291.17334,223.19989,0.9999997
0.1,1.7604166,291.17334,223.19989,0.9999997
0.1,1.7625,291.17334,223.19989,0.9999997
0.1,1.7645833,291.17334,223.19989,0.9999997
0.1,1.7666667,291.17334,223.19989,0.9999997
0.1,1.76875,291.17334,223.19989,0.9999997
0.1,1.7708334,291.17334,223.19989,0.9999997
0.1,1.7729167,291.17334,223.19989,0.9999997
0.1,1.775,291.17334,223.19989,0.9999997
0.1,1.7770833,291.17334,223.19989,0.9999997
0.1,1.7791667,291.17334,223.19989,0.9999997
0.1,1.78125,291.17334,223.19989,0.9999997
0.1,1.7833333,291.17334,223.19989,0.9999997
0.1,1.7854167,291.17334,223.19989,0.9999997
0.1,1.7875,291.17334,223.19989,0.9999997
0.1,1.7895833,291.17334,223.19989,0.9999997
0.1,1.7916666,291.17334,223.19989,0.9999997
0.1,1.79375,291.17334,223.19989,0.9999997
0.1,1.7958333,291.17334,223.19989,0.9999997
0.1,1.7979167,291.17334,223.19989,0.9999997
0.1,1.8,291.17334,223.19989,0.9999997
0.1,1.8020834,291.17334,223.19989,0.9999997
0.1,1.8041667,291.17334,223.19989,0.9999997
0.1,1.80625,291.17334,223.19989,0.9999997
0.1,1.8083333,291.17334,223.19989,0.9999997
0.1,1.8104167,291.17334,223.19989,0.9999997
0.1,1.8125,291.17334,223.19989,0.9999997
0.1,1.8145833,291.17334,223.19989,0.9999997
0.1,1.8166667,291.17334,223.19989,0.9999997
0.1,1.81875,291.17334,223.19989,0.9999997
0.1,1.8208333,291.17334,223.19989,0.9999997
0.1,1.8229166,291.17334,223.19989,0.9999997
0.1,1.825,291.17334,223.19989,0.9999997
0.1,1.8270833,291.17334,223.19989,0.9999997
0.1,1.8291667,291.17334,223.19989,0.9999997
0.1,1.83125,291.17334,223.19989,0.9999997
0.1,1.8333334,291.17334,223.19989,0.9999997
0.1,1.8354167,291.17334,223.19989,0.9999997
0.1,1.8375,291.17334,223.19989,0.9999997
0.1,1.8395833,291.17334,223.19989,0.9999997
0.1,1.8416667,291.17334,223.19989,0.9999997
0.1,1.84375,291.17334,223.19989,0.9999997
0.1,1.8458333,291.17334,223.19989,0.9999997
0.1,1.8479167,291.17334,223.19989,0.9999997
0.1,1.85,291.17334,223.19989,0.9999997
0.1,1.8520833,291.17334,223.19989,0.9999997
0.1,1.8541666,291.17334,223.19989,0.9999997
0.1,1.85625,291.17334,223.19989,0.9999997
0.1,1.8583333,291.17334,223.19989,0.9999997
0.1,1.8604167,291.17334,223.19989,0.9999997
0.1,1.8625,291.17334,223.19989,0.9999997
0.1,1.8645834,291.17334,223.19989,0.9999997
0.1,1.8666667,291.17334,223.19989,0.9999997
0.1,1.86875,291.17334,223.19989,0.9999997
0.1,1.8708333,291.17334,223.19989,0.9999997
0.1,1.8729167,291.17334,223.19989,0.9999997
0.1,1.875,291.17334,223.19989,0.9999997
0.1,1.8770833,291.17334,223.19989,0.9999997
0.1,1.8791667,291.17334,223.19989,0.9999997
0.1,1.88125,291.17334,223.19989,0.9999997
0.1,1.8833333,291.17334,223.19989,0.9999997
0.1,1.8854166,291.17334,223.19989,0.9999997
0.1,1.8875,291.17334,223.19989,0.9999997
0.1,1.8895833,291.17334,223.19989,0.9999997
0.1,1.8916667,291.17334,223.19989,0.9999997
0.1,1.89375,291.17334,223.19989,0.9999997
0.1,1.8958334,291.17334,223.19989,0.9999997
0.1,1.8979167,291.17334,223.19989,0.9999997
0.1,1.9,291.17334,223.19989,0.9999997
0.1,1.9020833,291.17334,223.19989,0.9999997
0.1,1.9041667,291.17334,223.19989,0.9999997
0.1,1.90625,291.17334,223.19989,0.9999997
0.1,1.9083333,291.17334,223.19989,0.9999997
0.1,1.9104167,291.17334,223.19989,0.9999997
0.1,1.9125,291.17334,223.19989,0.9999997
0.1,1.9145833,291.17334,223.19989,0.9999997
0.1,1.9166666,291.17334,223.19989,0.9999997
0.1,1.91875,291.17334,223.19989,0.9999997
0.1,1.9208333,291.17334,223.19989,0.9999997
0.1,1.9229167,291.17334,223.19989,0.9999997
0.1,1.925,291.17334,223.19989,0.9999997
0.1,1.9270834,291.17334,223.19989,0.9999997
0.1,1.9291667,291.17334,223.19989,0.9999997
0.1,1.93125,291.17334,223.19989,0.9999997
0.1,1.9333333,291.17334,223.19989,0.9999997
0.1,1.9354167,291.17334,223.19989,0.9999997
0.1,1.9375,291.17334,223.19989,0.9999997
0.1,1.9395833,291.17334,223.19989,0.9999997
0.1,1.9416667,291.17334,223.19989,0.9999997
0.1,1.94375,291.17334,223.19989,0.9999997
0.1,1.9458333,291.17334,223.19989,0.9999997
0.1,1.9479166,291.17334,223.19989,0.9999997
0.1,1.95,291.17334,223.19989,0.9999997
0.1,1.9520833,291.17334,223.19989,0.9999997
0.1,1.9541667,291.17334,223.19989,0.9999997
0.1,1.95625,291.17334,223.19989,0.9999997
0.1,1.9583334,291.17334,223.19989,0.9999997
0.1,1.9604167,291.17334,223.19989,0.9999997
0.1,1.9625,291.17334,223.19989,0.9999997
0.1,1.9645833,291.17334,223.19989,0.9999997
0.1,1.9666667,291.17334,223.19989,0.9999997
0.1,1.96875,291.17334,223.19989,0.9999997
0.1,1.9708333,291.17334,223.19989,0.9999997
0.1,1.9729167,291.17334,223.19989,0.9999997
0.1,1.975,291.17334,223.19989,0.9999997
0.1,1.9770833,291.17334,223.19989,0.9999997
0.1,1.9791666,291.17334,223.19989,0.9999997
0.1,1.98125,291.17334,223.19989,0.9999997
0.1,1.9833333,291.17334,223.19989,0.9999997
0.1,1.9854167,291.17334,223.19989,0.9999997
0.1,1.9875,291.17334,223.19989,0.9999997
0.1,1.9895834,291.17334,223.19989,0.9999997
0.1,1.9916667,291.17334,223.19989,0.9999997
0.1,1.99375,291.17334,223.19989,0.9999997
0.1,1.9958333,291.17334,223.19989,0.9999997
0.1,1.9979167,291.17334,223.19989,0.9999997
0.1,2.0,291.17334,223.19989,0.9999997
0.14,0.0020833334,291.17114,223.19763,0.0
0.14,0.004166667,291.17123,223.19775,4.888785E-5
0.14,0.00625,291.17767,223.19739,2.3397773E-4
0.14,0.008333334,291.2114,223.19504,6.28298E-4
0.14,0.010416667,291.30518,223.1883,0.0012923732
0.14,0.0125,291.49533,223.17456,0.002275621
0.14,0.014583333,291.81592,223.15125,0.0036179514
0.14,0.016666668,292.29517,223.11621,0.0053507104
0.14,0.01875,292.9546,223.06784,0.007498115
0.14,0.020833334,293.80872,223.00494,0.010077814
0.14,0.022916667,294.86572,222.92676,0.013102214
0.14,0.025,296.12863,222.83295,0.016578656
0.14,0.027083334,297.59576,222.72348,0.020510856
0.14,0.029166667,299.26184,222.59857,0.024898626
0.14,0.03125,301.11896,222.45859,0.02973934
0.14,0.033333335,303.15695,222.30414,0.03502757
0.14,0.035416666,305.36392,222.13586,0.040755745
0.14,0.0375,307.7271,221.95459,0.04691517
0.14,0.039583333,310.23285,221.76111,0.053495042
0.14,0.041666668,312.86707,221.55627,0.06048424
0.14,0.04375,315.61548,221.341,0.06787001
0.14,0.045833334,318.46405,221.11615,0.075639784
0.14,0.047916666,321.39865,220.8826,0.08377963
0.14,0.05,324.40564,220.64124,0.09227631
0.14,0.052083332,327.47168,220.39297,0.10111537
0.14,0.054166667,330.58423,220.13855,0.11028336
0.14,0.05625,333.7309,219.87878,0.11976581
0.14,0.058333334,336.90033,219.6145,0.12954947
0.14,0.060416665,340.08142,219.34631,0.13962016
0.14,0.0625,343.26416,219.07501,0.14996508
0.14,0.06458333,346.43884,218.80121,0.16057092
0.14,0.06666667,349.59644,218.52551,0.17142463
0.14,0.06875,352.729,218.24857,0.18251446
0.14,0.07083333,355.82874,217.97089,0.19382785
0.14,0.072916664,358.88892,217.693,0.20535386
0.14,0.075,361.903,217.41534,0.2170807
0.14,0.077083334,364.8656,217.13837,0.22899827
0.14,0.079166666,367.77148,216.86255,0.24109572
0.14,0.08125,370.6162,216.58817,0.2533638
0.14,0.083333336,373.39575,216.31567,0.2657923
0.14,0.08541667,376.10666,216.04529,0.27837303
0.14,0.0875,378.74585,215.77737,0.29109663
0.14,0.08958333,381.31116,215.5122,0.3039556
0.14,0.09166667,383.80014,215.24997,0.31694147
0.14,0.09375,386.21136,214.9909,0.3300475
0.14,0.09583333,388.54355,214.73523,0.34326628
0.14,0.09791667,390.79547,214.48315,0.35659078
0.14,0.1,392.96704,214.23474,0.37001538
0.14,0.10208333,395.05762,213.9902,0.38353336
0.14,0.104166664,397.06732,213.7496,0.39713976
0.14,0.10625,398.99646,213.51309,0.41082847
0.14,0.108333334,400.84558,213.28076,0.42459524
0.14,0.110416666,402.61523,213.05264,0.43843442
0.14,0.1125,404.30655,212.8288,0.45234224
0.14,0.114583336,405.9207,212.60934,0.4663138
0.14,0.11666667,407.4586,212.39423,0.48034573
0.14,0.11875,408.92212,212.18353,0.49443346
0.14,0.12083333,410.31238,211.97726,0.50857437
0.14,0.12291667,411.63135,211.77545,0.5227641
0.14,0.125,412.88074,211.578,0.5370004
0.14,0.12708333,414.06213,211.38501,0.55128
0.14,0.12916666,415.17773,211.19641,0.56559956
0.14,0.13125,416.22928,211.0122,0.5799568
0.14,0.13333334,417.219,210.83234,0.59434986
0.14,0.13541667,418.14868,210.6568,0.608776
0.14,0.1375,419.0206,210.48553,0.62323254
0.14,0.13958333,419.83676,210.31854,0.6377184
0.14,0.14166667,420.59924,210.1557,0.6522308
0.14,0.14375,421.30994,209.99701,0.66671985
0.14,0.14583333,421.97095,209.8424,0.6810958
0.14,0.14791666,422.58408,209.69183,0.69528484
0.14,0.15,423.15137,209.54532,0.7092246
0.14,0.15208334,423.67456,209.40271,0.72286385
0.14,0.15416667,424.15564,209.264,0.7361619
0.14,0.15625,424.59668,209.12915,0.7490865
0.14,0.15833333,424.99927,208.99802,0.76161194
0.14,0.16041666,425.3656,208.8706,0.7737192
0.14,0.1625,425.69714,208.7468,0.7853952
0.14,0.16458334,425.99597,208.62659,0.796632
0.14,0.16666667,426.26367,208.50983,0.80742484
0.14,0.16875,426.50195,208.39648,0.8177726
0.14,0.17083333,426.71265,208.28653,0.827678
0.14,0.17291667,426.89722,208.17981,0.8371451
0.14,0.175,427.05725,208.0763,0.84618115
0.14,0.17708333,427.19434,207.97595,0.85479414
0.14,0.17916666,427.30994,207.87863,0.86299425
0.14,0.18125,427.40527,207.7843,0.87079245
0.14,0.18333334,427.4792,207.69305,0.8782002
0.14,0.18541667,427.52686,207.60529,0.8852303
0.14,0.1875,427.54462,207.52118,0.8918961
0.14,0.18958333,427.52832,207.44107,0.89821064
0.14,0.19166666,427.47418,207.36523,0.90418726
0.14,0.19375,427.37903,207.29388,0.9098399
0.14,0.19583334,427.2395,207.22723,0.91518223
0.14,0.19791667,427.05243,207.16559,0.92022765
0.14,0.2,426.81494,207.10913,0.92498934
0.14,0.20208333,426.52423,207.05807,0.9294805
0.14,0.20416667,426.17804,207.01257,0.9337142
0.14,0.20625,425.77368,206.97287,0.93770254
0.14,0.20833333,425.30927,206.93912,0.9414578
0.14,0.21041666,424.7827,206.91144,0.94499177
0.14,0.2125,424.19238,206.89001,0.94831604
0.14,0.21458334,423.53638,206.87503,0.9514411
0.14,0.21666667,422.81366,206.86658,0.9543779
0.14,0.21875,422.02277,206.86472,0.95713645
0.14,0.22083333,421.16284,206.86966,0.95972663
0.14,0.22291666,420.2331,206.88147,0.9621575
0.14,0.225,419.23315,206.90018,0.9644381
0.14,0.22708334,418.16248,206.9259,0.966577
0.14,0.22916667,417.02112,206.95868,0.9685821
0.14,0.23125,415.80914,206.99854,0.97046113
0.14,0.23333333,414.5271,207.04556,0.9722216
0.14,0.23541667,413.1754,207.09967,0.9738704
0.14,0.2375,411.7552,207.16089,0.975414
0.14,0.23958333,410.2674,207.22925,0.9768588
0.14,0.24166666,408.71332,207.30463,0.97821075
0.14,0.24375,407.0946,207.38702,0.97947544
0.14,0.24583334,405.4131,207.47635,0.9806582
0.14,0.24791667,403.67108,207.57251,0.9817639
0.14,0.25,401.87048,207.67542,0.9827974
0.14,0.25208333,400.01367,207.78491,0.9837633
0.14,0.25416666,398.10388,207.90094,0.98466563
0.14,0.25625,396.14362,208.02322,0.9855084
0.14,0.25833333,394.13574,208.15173,0.98629546
0.14,0.26041666,392.08386,208.2862,0.98703027
0.14,0.2625,389.9909,208.42645,0.98771614
0.14,0.26458332,387.86072,208.57233,0.98835623
0.14,0.26666668,385.6964,208.72357,0.9889535
0.14,0.26875,383.50195,208.87997,0.9895106
0.14,0.27083334,381.28094,209.04129,0.9900302
0.14,0.27291667,379.03705,209.20734,0.9905148
0.14,0.275,376.7743,209.37775,0.99096656
0.14,0.27708334,374.49634,209.55237,0.9913877
0.14,0.27916667,372.20703,209.7309,0.9917803
0.14,0.28125,369.91003,209.91309,0.99214613
0.14,0.28333333,367.60895,210.0987,0.99248695
0.14,0.28541666,365.30786,210.28738,0.99280447
0.14,0.2875,363.0102,210.47894,0.99310017
0.14,0.28958333,360.71936,210.67316,0.9933756
0.14,0.29166666,358.43884,210.86963,0.9936321
0.14,0.29375,356.17224,211.06818,0.9938708
0.14,0.29583332,353.92224,211.2685,0.99409306
0.14,0.29791668,351.69214,211.4704,0.9943
0.14,0.3,349.4851,211.67358,0.99449253
0.14,0.30208334,347.30377,211.87778,0.9946717
0.14,0.30416667,345.1504,212.0828,0.99483836
0.14,0.30625,343.02808,212.28836,0.99499345
0.14,0.30833334,340.93872,212.4942,0.9951377
0.14,0.31041667,338.88464,212.70023,0.99527186
0.14,0.3125,336.86768,212.90607,0.9953966
0.14,0.31458333,334.88977,213.11163,0.9955126
0.14,0.31666666,332.95276,213.31668,0.9956205
0.14,0.31875,331.05786,213.521,0.99572074
0.14,0.32083333,329.2063,213.72443,0.995814
0.14,0.32291666,327.39972,213.92676,0.99590063
0.14,0.325,325.63885,214.12787,0.99598116
0.14,0.32708332,323.92462,214.32758,0.99605596
0.14,0.32916668,322.25763,214.5257,0.9961255
0.14,0.33125,320.63867,214.72217,0.9961901
0.14,0.33333334,319.068,214.91678,0.9962501
0.14,0.33541667,317.54596,215.10944,0.9963058
0.14,0.3375,316.07294,215.30005,0.9963576
0.14,0.33958334,314.64868,215.4885,0.9964057
0.14,0.34166667,313.27332,215.67465,0.9964503
0.14,0.34375,311.94666,215.85846,0.9964918
0.14,0.34583333,310.66833,216.0398,0.9965303
0.14,0.34791666,309.4381,216.2186,0.99656606
0.14,0.35,308.25543,216.39484,0.9965993
0.14,0.35208333,307.11987,216.56836,0.99663013
0.14,0.35416666,306.03064,216.7392,0.9966587
0.14,0.35625,304.98724,216.90729,0.9966852
0.14,0.35833332,303.9889,217.07251,0.9967099
0.14,0.36041668,303.0346,217.23492,0.9967328
0.14,0.3625,302.12366,217.39447,0.996754
0.14,0.36458334,301.25513,217.55109,0.9967736
0.14,0.36666667,300.42786,217.7048,0.9967919
0.14,0.36875,299.64124,217.85559,0.9968088
0.14,0.37083334,298.89392,218.00336,0.99682456
0.14,0.37291667,298.18506,218.14822,0.9968391
0.14,0.375,297.51337,218.2901,0.9968526
0.14,0.37708333,296.87793,218.42908,0.99686515
0.14,0.37916666,296.2777,218.56506,0.9968768
0.14,0.38125,295.7113,218.69809,0.99688756
0.14,0.38333333,295.1776,218.82822,0.99689764
0.14,0.38541666,294.67584,218.95544,0.9969069
0.14,0.3875,294.20447,219.07971,0.9969155
0.14,0.38958332,293.76263,219.20117,0.99692345
0.14,0.39166668,293.34906,219.3198,0.99693084
0.14,0.39375,292.96277,219.43561,0.9969377
0.14,0.39583334,292.60248,219.54858,0.996944
0.14,0.39791667,292.2672,219.65884,0.99694985
0.14,0.4,291.95605,219.76636,0.99695534
0.14,0.40208334,291.66772,219.87122,0.9969604
0.14,0.40416667,291.40125,219.97339,0.9969651
0.14,0.40625,291.15564,220.07294,0.99696946
0.14,0.40833333,290.9298,220.16992,0.99697345
0.14,0.41041666,290.72278,220.2644,0.99697715
0.14,0.4125,290.53394,220.35635,0.9969806
0.14,0.41458333,290.36188,220.44586,0.9969838
0.14,0.41666666,290.20605,220.53293,0.99698675
0.14,0.41875,290.06543,220.61768,0.99698955
0.14,0.42083332,289.93915,220.70007,0.9969921
0.14,0.42291668,289.8266,220.78021,0.9969945
0.14,0.425,289.72662,220.8581,0.99699664
0.14,0.42708334,289.63885,220.93378,0.99699867
0.14,0.42916667,289.56226,221.00735,0.9970005
0.14,0.43125,289.49634,221.0788,0.9970022
0.14,0.43333334,289.44025,221.1482,0.9970038
0.14,0.43541667,289.39337,221.21558,0.9970053
0.14,0.4375,289.35522,221.281,0.99700665
0.14,0.43958333,289.3249,221.34448,0.99700797
0.14,0.44166666,289.30225,221.4061,0.9970091
0.14,0.44375,289.28638,221.46588,0.99701023
0.14,0.44583333,289.27673,221.52386,0.9970112
0.14,0.44791666,289.27307,221.58014,0.99701214
0.14,0.45,289.27484,221.63464,0.997013
0.14,0.45208332,289.2815,221.6875,0.99701375
0.14,0.45416668,289.29254,221.73877,0.9970145
0.14,0.45625,289.30792,221.78845,0.99701524
0.14,0.45833334,289.32678,221.83655,0.99701583
0.14,0.46041667,289.34906,221.88318,0.99701643
0.14,0.4625,289.37445,221.92834,0.99701697
0.14,0.46458334,289.40247,221.9721,0.9970175
0.14,0.46666667,289.43274,222.01447,0.997018
0.14,0.46875,289.4652,222.05545,0.99701846
0.14,0.47083333,289.4995,222.09515,0.9970188
0.14,0.47291666,289.53528,222.1336,0.99701923
0.14,0.475,289.57257,222.17078,0.9970195
0.14,0.47708333,289.61078,222.20676,0.9970198
0.14,0.47916666,289.65002,222.24158,0.9970201
0.14,0.48125,289.69006,222.27524,0.9970204
0.14,0.48333332,289.73047,222.3078,0.99702066
0.14,0.48541668,289.77136,222.33932,0.9970209
0.14,0.4875,289.8125,222.36978,0.99702114
0.14,0.48958334,289.8537,222.39923,0.9970214
0.14,0.49166667,289.8949,222.42773,0.99702156
0.14,0.49375,289.93597,222.45526,0.9970217
0.14,0.49583334,289.97693,222.48184,0.99702185
0.14,0.49791667,290.0174,222.50754,0.997022
0.14,0.5,290.05743,222.53238,0.99702215
0.14,0.50208336,290.097,222.55637,0.99702233
0.14,0.50416666,290.13593,222.57956,0.99702245
0.14,0.50625,290.17432,222.60193,0.9970225
0.14,0.5083333,290.21204,222.62357,0.9970226
0.14,0.5104167,290.24896,222.64447,0.9970227
0.14,0.5125,290.28503,222.66461,0.99702275
0.14,0.51458335,290.32037,222.68408,0.99702287
0.14,0.51666665,290.35486,222.70288,0.9970229
0.14,0.51875,290.3885,222.72104,0.997023
0.14,0.5208333,290.42126,222.73853,0.99702305
0.14,0.5229167,290.45312,222.75546,0.99702317
0.14,0.525,290.484,222.77176,0.9970232
0.14,0.52708334,290.51416,222.7875,0.9970233
0.14,0.52916664,290.54315,222.8027,0.9970234
0.14,0.53125,290.5713,222.81735,0.99702346
0.14,0.53333336,290.59863,222.83148,0.99702346
0.14,0.53541666,290.62494,222.84512,0.99702346
0.14,0.5375,290.6504,222.85828,0.99702346
0.14,0.5395833,290.6748,222.87097,0.99702346
0.14,0.5416667,290.69843,222.88318,0.99702346
0.14,0.54375,290.7212,222.89499,0.99702346
0.14,0.54583335,290.74292,222.90637,0.99702346
0.14,0.54791665,290.76392,222.91736,0.99702346
0.14,0.55,290.78418,222.92792,0.99702346
0.14,0.5520833,290.80347,222.93811,0.99702346
0.14,0.5541667,290.82202,222.94794,0.99702346
0.14,0.55625,290.83984,222.9574,0.99702346
0.14,0.55833334,290.8567,222.96649,0.99702346
0.14,0.56041664,290.87305,222.97531,0.99702346
0.14,0.5625,290.8886,222.98376,0.99702346
0.14,0.56458336,290.90332,222.99194,0.99702346
0.14,0.56666666,290.91754,222.99982,0.99702346
0.14,0.56875,290.9311,223.00739,0.99702346
0.14,0.5708333,290.9439,223.01471,0.99702346
0.14,0.5729167,290.95612,223.02173,0.99702346
0.14,0.575,290.96783,223.0285,0.99702346
0.14,0.57708335,290.97894,223.035,0.99702346
0.14,0.57916665,290.9895,223.04132,0.99702346
0.14,0.58125,290.9995,223.04736,0.99702346
0.14,0.5833333,291.00903,223.05316,0.99702346
0.14,0.5854167,291.01807,223.05878,0.99702346
0.14,0.5875,291.0266,223.06418,0.99702346
0.14,0.58958334,291.03467,223.0694,0.99702346
0.14,0.59166664,291.04242,223.0744,0.99702346
0.14,0.59375,291.04956,223.07922,0.99702346
0.14,0.59583336,291.05658,223.08386,0.99702346
0.14,0.59791666,291.063,223.08832,0.99702346
0.14,0.6,291.0691,223.09259,0.99702346
0.14,0.6020833,291.07495,223.09677,0.99702346
0.14,0.6041667,291.0805,223.10074,0.99702346
0.14,0.60625,291.08563,223.10455,0.99702346
0.14,0.60833335,291.0904,223.10828,0.99702346
0.14,0.61041665,291.09503,223.11182,0.99702346
0.14,0.6125,291.09937,223.11523,0.99702346
0.14,0.6145833,291.10352,223.11853,0.99702346
0.14,0.6166667,291.10736,223.12167,0.99702346
0.14,0.61875,291.1109,223.1247,0.99702346
0.14,0.62083334,291.11426,223.12762,0.99702346
0.14,0.62291664,291.1176,223.13046,0.99702346
0.14,0.625,291.12054,223.13318,0.99702346
0.14,0.62708336,291.12335,223.13577,0.99702346
0.14,0.62916666,291.12598,223.1383,0.99702346
0.14,0.63125,291.12848,223.14069,0.99702346
0.14,0.6333333,291.13086,223.143,0.99702346
0.14,0.6354167,291.13306,223.1452,0.99702346
0.14,0.6375,291.13507,223.14737,0.99702346
0.14,0.63958335,291.13696,223.14941,0.99702346
0.14,0.64166665,291.13892,223.15143,0.99702346
0.14,0.64375,291.14056,223.15332,0.99702346
0.14,0.6458333,291.1421,223.15515,0.99702346
0.14,0.6479167,291.14362,223.15692,0.99702346
0.14,0.65,291.14502,223.15863,0.99702346
0.14,0.65208334,291.14642,223.16025,0.99702346
0.14,0.65416664,291.14764,223.1618,0.99702346
0.14,0.65625,291.14874,223.16333,0.99702346
0.14,0.65833336,291.1499,223.16476,0.99702346
0.14,0.66041666,291.15088,223.16614,0.99702346
0.14,0.6625,291.15186,223.16748,0.99702346
0.14,0.6645833,291.15277,223.16876,0.99702346
0.14,0.6666667,291.15356,223.17001,0.99702346
0.14,0.66875,291.15436,223.1712,0.99702346
0.14,0.67083335,291.1552,223.17233,0.99702346
0.14,0.67291665,291.15594,223.17343,0.99702346
0.14,0.675,291.1565,223.17447,0.99702346
0.14,0.6770833,291.15723,223.1755,0.99702346
0.14,0.6791667,291.15778,223.17645,0.99702346
0.14,0.68125,291.15845,223.17743,0.99702346
0.14,0.68333334,291.15894,223.17828,0.99702346
0.14,0.68541664,291.15942,223.17917,0.99702346
0.14,0.6875,291.1599,223.18,0.99702346
0.14,0.68958336,291.1604,223.18079,0.99702346
0.14,0.69166666,291.1609,223.18158,0.99702346
0.14,0.69375,291.1612,223.18231,0.99702346
0.14,0.6958333,291.16162,223.18301,0.99702346
0.14,0.6979167,291.16205,223.18369,0.99702346
0.14,0.7,291.16235,223.18433,0.99702346
0.14,0.70208335,291.16266,223.18497,0.99702346
0.14,0.70416665,291.1631,223.18555,0.99702346
0.14,0.70625,291.16333,223.18616,0.99702346
0.14,0.7083333,291.16357,223.18668,0.99702346
0.14,0.7104167,291.164,223.18723,0.99702346
0.14,0.7125,291.16425,223.18774,0.99702346
0.14,0.71458334,291.16455,223.18823,0.99702346
0.14,0.71666664,291.1648,223.18869,0.99702346
0.14,0.71875,291.16504,223.18915,0.99702346
0.14,0.72083336,291.16528,223.18958,0.99702346
0.14,0.72291666,291.16553,223.19,0.99702346
0.14,0.725,291.16577,223.19043,0.99702346
0.14,0.7270833,291.16602,223.1908,0.99702346
0.14,0.7291667,291.16626,223.19116,0.99702346
0.14,0.73125,291.16644,223.19153,0.99702346
0.14,0.73333335,291.16656,223.19186,0.99702346
0.14,0.73541665,291.16675,223.19217,0.99702346
0.14,0.7375,291.167,223.1925,0.99702346
0.14,0.7395833,291.16718,223.19278,0.99702346
0.14,0.7416667,291.1673,223.19305,0.99702346
0.14,0.74375,291.16748,223.19336,0.99702346
0.14,0.74583334,291.16772,223.19363,0.99702346
0.14,0.74791664,291.1679,223.19388,0.99702346
0.14,0.75,291.16803,223.19415,0.99702346
0.14,0.75208336,291.1682,223.19437,0.99702346
0.14,0.75416666,291.1684,223.19458,0.99702346
0.14,0.75625,291.16846,223.19482,0.99702346
0.14,0.7583333,291.1687,223.195,0.99702346
0.14,0.7604167,291.16888,223.19522,0.99702346
0.14,0.7625,291.16895,223.1954,0.99702346
0.14,0.76458335,291.16913,223.19562,0.99702346
0.14,0.76666665,291.1692,223.19577,0.99702346
0.14,0.76875,291.16943,223.19595,0.99702346
0.14,0.7708333,291.1695,223.1961,0.99702346
0.14,0.7729167,291.16968,223.19629,0.99702346
0.14,0.775,291.16974,223.19641,0.99702346
0.14,0.77708334,291.16992,223.1966,0.99702346
0.14,0.77916664,291.16998,223.19672,0.99702346
0.14,0.78125,291.17017,223.19684,0.99702346
0.14,0.78333336,291.17017,223.19696,0.99702346
0.14,0.78541666,291.17035,223.19708,0.99702346
0.14,0.7875,291.1704,223.1972,0.99702346
0.14,0.7895833,291.1706,223.19733,0.99702346
0.14,0.7916667,291.17065,223.19745,0.99702346
0.14,0.79375,291.17072,223.19754,0.99702346
0.14,0.79583335,291.1709,223.19763,0.99702346
0.14,0.79791665,291.1709,223.19772,0.99702346
0.14,0.8,291.17096,223.19781,0.99702346
0.14,0.8020833,291.17114,223.19794,0.99702346
0.14,0.8041667,291.17114,223.198,0.99702346
0.14,0.80625,291.17133,223.19806,0.99702346
0.14,0.80833334,291.1714,223.19815,0.99702346
0.14,0.81041664,291.1714,223.19824,0.99702346
0.14,0.8125,291.17145,223.1983,0.99702346
0.14,0.81458336,291.17163,223.19836,0.99702346
0.14,0.81666666,291.17163,223.19843,0.99702346
0.14,0.81875,291.1717,223.19849,0.99702346
0.14,0.8208333,291.1718,223.19855,0.99702346
0.14,0.8229167,291.17188,223.19861,0.99702346
0.14,0.825,291.17188,223.19867,0.99702346
0.14,0.82708335,291.17194,223.19873,0.99702346
0.14,0.82916665,291.17206,223.19879,0.99702346
0.14,0.83125,291.17212,223.19882,0.99702346
0.14,0.8333333,291.17212,223.19885,0.99702346
0.14,0.8354167,291.17218,223.19891,0.99702346
0.14,0.8375,291.1723,223.19897,0.99702346
0.14,0.83958334,291.17236,223.199,0.99702346
0.14,0.84166664,291.17236,223.19904,0.99702346
0.14,0.84375,291.17236,223.1991,0.99702346
0.14,0.84583336,291.17242,223.1991,0.99702346
0.14,0.84791666,291.17242,223.19916,0.99702346
0.14,0.85,291.17255,223.19919,0.99702346
0.14,0.8520833,291.1726,223.19922,0.99702346
0.14,0.8541667,291.1726,223.19925,0.99702346
0.14,0.85625,291.1726,223.19928,0.99702346
0.14,0.85833335,291.1726,223.19931,0.99702346
0.14,0.86041665,291.17267,223.19934,0.99702346
0.14,0.8625,291.1728,223.19937,0.99702346
0.14,0.8645833,291.17285,223.1994,0.99702346
0.14,0.8666667,291.17285,223.19943,0.99702346
0.14,0.86875,291.17285,223.19946,0.99702346
0.14,0.87083334,291.17285,223.19946,0.99702346
0.14,0.87291664,291.17285,223.19946,0.99702346
0.14,0.875,291.1729,223.19952,0.99702346
0.14,0.87708336,291.1729,223.19952,0.99702346
0.14,0.87916666,291.1729,223.19952,0.99702346
0.14,0.88125,291.17303,223.19955,0.99702346
0.14,0.8833333,291.17303,223.19958,0.99702346
0.14,0.8854167,291.1731,223.19958,0.99702346
0.14,0.8875,291.1731,223.19958,0.99702346
0.14,0.88958335,291.1731,223.19962,0.99702346
0.14,0.89166665,291.1731,223.19965,0.99702346
0.14,0.89375,291.1731,223.19965,0.99702346
0.14,0.8958333,291.1731,223.19965,0.99702346
0.14,0.8979167,291.1731,223.19968,0.99702346
0.14,0.9,291.1731,223.19968,0.99702346
0.14,0.90208334,291.1731,223.1997,0.99702346
0.14,0.90416664,291.1731,223.1997,0.99702346
0.14,0.90625,291.1731,223.1997,0.99702346
0.14,0.90833336,291.1731,223.19974,0.99702346
0.14,0.91041666,291.17316,223.19977,0.99702346
0.14,0.9125,291.17316,223.19977,0.99702346
0.14,0.9145833,291.17316,223.19977,0.99702346
0.14,0.9166667,291.17316,223.19977,0.99702346
0.14,0.91875,291.17316,223.19977,0.99702346
0.14,0.92083335,291.17328,223.1998,0.99702346
0.14,0.92291665,291.17328,223.1998,0.99702346
0.14,0.925,291.17328,223.1998,0.99702346
0.14,0.9270833,291.17328,223.19983,0.99702346
0.14,0.9291667,291.17328,223.19983,0.99702346
0.14,0.93125,291.17328,223.19983,0.99702346
0.14,0.93333334,291.17334,223.19983,0.99702346
0.14,0.93541664,291.17334,223.19983,0.99702346
0.14,0.9375,291.17334,223.19983,0.99702346
0.14,0.93958336,291.17334,223.19983,0.99702346
0.14,0.94166666,291.17334,223.19983,0.99702346
0.14,0.94375,291.17334,223.19983,0.99702346
0.14,0.9458333,291.17334,223.19989,0.99702346
0.14,0.9479167,291.17334,223.19989,0.99702346
0.14,0.95,291.17334,223.19989,0.99702346
0.14,0.95208335,291.17334,223.19989,0.99702346
0.14,0.95416665,291.17334,223.19989,0.99702346
0.14,0.95625,291.17334,223.19989,0.99702346
0.14,0.9583333,291.17334,223.19989,0.99702346
0.14,0.9604167,291.17334,223.19989,0.99702346
0.14,0.9625,291.17334,223.19989,0.99702346
0.14,0.96458334,291.17334,223.19989,0.99702346
0.14,0.96666664,291.17334,223.19989,0.99702346
0.14,0.96875,291.17334,223.19989,0.99702346
0.14,0.97083336,291.17334,223.19989,0.99702346
0.14,0.97291666,291.17334,223.19989,0.99702346
0.14,0.975,291.17334,223.19989,0.99702346
0.14,0.9770833,291.17334,223.19989,0.99702346
0.14,0.9791667,291.17334,223.19989,0.99702346
0.14,0.98125,291.17334,223.19989,0.99702346
0.14,0.98333335,291.17334,223.19989,0.99702346
0.14,0.98541665,291.17334,223.19989,0.99702346
0.14,0.9875,291.17334,223.19989,0.99702346
0.14,0.9895833,291.17334,223.19989,0.99702346
0.14,0.9916667,291.17334,223.19989,0.99702346
0.14,0.99375,291.17334,223.19989,0.99702346
0.14,0.99583334,291.17334,223.19989,0.99702346
0.14,0.99791664,291.17334,223.19989,0.99702346
0.14,1.0,291.17334,223.19989,0.99702346
0.14,1.0020833,291.17334,223.19989,0.99702346
0.14,1.0041667,291.17334,223.19989,0.99702346
0.14,1.00625,291.17334,223.19989,0.99702346
0.14,1.0083333,291.17334,223.19989,0.99702346
0.14,1.0104166,291.17334,223.19989,0.99702346
0.14,1.0125,291.17334,223.19989,0.99702346
0.14,1.0145833,291.17334,223.19989,0.99702346
0.14,1.0166667,291.17334,223.19989,0.99702346
0.14,1.01875,291.17334,223.19989,0.99702346
0.14,1.0208334,291.17334,223.19989,0.99702346
0.14,1.0229167,291.17334,223.19989,0.99702346
0.14,1.025,291.17334,223.19989,0.99702346
0.14,1.0270833,291.17334,223.19989,0.99702346
0.14,1.0291667,291.17334,223.19989,0.99702346
0.14,1.03125,291.17334,223.19989,0.99702346
0.14,1.0333333,291.17334,223.19989,0.99702346
0.14,1.0354167,291.17334,223.19989,0.99702346
0.14,1.0375,291.17334,223.19989,0.99702346
0.14,1.0395833,291.17334,223.19989,0.99702346
0.14,1.0416666,291.17334,223.19989,0.99702346
0.14,1.04375,291.17334,223.19989,0.99702346
0.14,1.0458333,291.17334,223.19989,0.99702346
0.14,1.0479167,291.17334,223.19989,0.99702346
0.14,1.05,291.17334,223.19989,0.99702346
0.14,1.0520834,291.17334,223.19989,0.99702346
0.14,1.0541667,291.17334,223.19989,0.99702346
0.14,1.05625,291.17334,223.19989,0.99702346
0.14,1.0583333,291.17334,223.19989,0.99702346
0.14,1.0604167,291.17334,223.19989,0.99702346
0.14,1.0625,291.17334,223.19989,0.99702346
0.14,1.0645833,291.17334,223.19989,0.99702346
0.14,1.0666667,291.17334,223.19989,0.99702346
0.14,1.06875,291.17334,223.19989,0.99702346
0.14,1.0708333,291.17334,223.19989,0.99702346
0.14,1.0729166,291.17334,223.19989,0.99702346
0.14,1.075,291.17334,223.19989,0.99702346
0.14,1.0770833,291.17334,223.19989,0.99702346
0.14,1.0791667,291.17334,223.19989,0.99702346
0.14,1.08125,291.17334,223.19989,0.99702346
0.14,1.0833334,291.17334,223.19989,0.99702346
0.14,1.0854167,291.17334,223.19989,0.99702346
0.14,1.0875,291.17334,223.19989,0.99702346
0.14,1.0895833,291.17334,223.19989,0.99702346
0.14,1.0916667,291.17334,223.19989,0.99702346
0.14,1.09375,291.17334,223.19989,0.99702346
0.14,1.0958333,291.17334,223.19989,0.99702346
0.14,1.0979167,291.17334,223.19989,0.99702346
0.14,1.1,291.17334,223.19989,0.99702346
0.14,1.1020833,291.17334,223.19989,0.99702346
0.14,1.1041666,291.17334,223.19989,0.99702346
0.14,1.10625,291.17334,223.19989,0.99702346
0.14,1.1083333,291.17334,223.19989,0.99702346
0.14,1.1104167,291.17334,223.19989,0.99702346
0.14,1.1125,291.17334,223.19989,0.99702346
0.14,1.1145834,291.17334,223.19989,0.99702346
0.14,1.1166667,291.17334,223.19989,0.99702346
0.14,1.11875,291.17334,223.19989,0.99702346
0.14,1.1208333,291.17334,223.19989,0.99702346
0.14,1.1229167,291.17334,223.19989,0.99702346
0.14,1.125,291.17334,223.19989,0.99702346
0.14,1.1270833,291.17334,223.19989,0.99702346
0.14,1.1291667,291.17334,223.19989,0.99702346
0.14,1.13125,291.17334,223.19989,0.99702346
0.14,1.1333333,291.17334,223.19989,0.99702346
0.14,1.1354166,291.17334,223.19989,0.99702346
0.14,1.1375,291.17334,223.19989,0.99702346
0.14,1.1395833,291.17334,223.19989,0.99702346
0.14,1.1416667,291.17334,223.19989,0.99702346
0.14,1.14375,291.17334,223.19989,0.99702346
0.14,1.1458334,291.17334,223.19989,0.99702346
0.14,1.1479167,291.17334,223.19989,0.99702346
0.14,1.15,291.17334,223.19989,0.99702346
0.14,1.1520833,291.17334,223.19989,0.99702346
0.14,1.1541667,291.17334,223.19989,0.99702346
0.14,1.15625,291.17334,223.19989,0.99702346
0.14,1.1583333,291.17334,223.19989,0.99702346
0.14,1.1604167,291.17334,223.19989,0.99702346
0.14,1.1625,291.17334,223.19989,0.99702346
0.14,1.1645833,291.17334,223.19989,0.99702346
0.14,1.1666666,291.17334,223.19989,0.99702346
0.14,1.16875,291.17334,223.19989,0.99702346
0.14,1.1708333,291.17334,223.19989,0.99702346
0.14,1.1729167,291.17334,223.19989,0.99702346
0.14,1.175,291.17334,223.19989,0.99702346
0.14,1.1770834,291.17334,223.19989,0.99702346
0.14,1.1791667,291.17334,223.19989,0.99702346
0.14,1.18125,291.17334,223.19989,0.99702346
0.14,1.1833333,291.17334,223.19989,0.99702346
0.14,1.1854167,291.17334,223.19989,0.99702346
0.14,1.1875,291.17334,223.19989,0.99702346
0.14,1.1895833,291.17334,223.19989,0.99702346
0.14,1.1916667,291.17334,223.19989,0.99702346
0.14,1.19375,291.17334,223.19989,0.99702346
0.14,1.1958333,291.17334,223.19989,0.99702346
0.14,1.1979166,291.17334,223.19989,0.99702346
0.14,1.2,291.17334,223.19989,0.99702346
0.14,1.2020833,291.17334,223.19989,0.99702346
0.14,1.2041667,291.17334,223.19989,0.99702346
0.14,1.20625,291.17334,223.19989,0.99702346
0.14,1.2083334,291.17334,223.19989,0.99702346
0.14,1.2104167,291.17334,223.19989,0.99702346
0.14,1.2125,291.17334,223.19989,0.99702346
0.14,1.2145833,291.17334,223.19989,0.99702346
0.14,1.2166667,291.17334,223.19989,0.99702346
0.14,1.21875,291.17334,223.19989,0.99702346
0.14,1.2208333,291.17334,223.19989,0.99702346
0.14,1.2229167,291.17334,223.19989,0.99702346
0.14,1.225,291.17334,223.19989,0.99702346
0.14,1.2270833,291.17334,223.19989,0.99702346
0.14,1.2291666,291.17334,223.19989,0.99702346
0.14,1.23125,291.17334,223.19989,0.99702346
0.14,1.2333333,291.17334,223.19989,0.99702346
0.14,1.2354167,291.17334,223.19989,0.99702346
0.14,1.2375,291.17334,223.19989,0.99702346
0.14,1.2395834,291.17334,223.19989,0.99702346
0.14,1.2416667,291.17334,223.19989,0.99702346
0.14,1.24375,291.17334,223.19989,0.99702346
0.14,1.2458333,291.17334,223.19989,0.99702346
0.14,1.2479167,291.17334,223.19989,0.99702346
0.14,1.25,291.17334,223.19989,0.99702346
0.14,1.2520833,291.17334,223.19989,0.99702346
0.14,1.2541667,291.17334,223.19989,0.99702346
0.14,1.25625,291.17334,223.19989,0.99702346
0.14,1.2583333,291.17334,223.19989,0.99702346
0.14,1.2604166,291.17334,223.19989,0.99702346
0.14,1.2625,291.17334,223.19989,0.99702346
0.14,1.2645833,291.17334,223.19989,0.99702346
0.14,1.2666667,291.17334,223.19989,0.99702346
0.14,1.26875,291.17334,223.19989,0.99702346
0.14,1.2708334,291.17334,223.19989,0.99702346
0.14,1.2729167,291.17334,223.19989,0.99702346
0.14,1.275,291.17334,223.19989,0.99702346
0.14,1.2770833,291.17334,223.19989,0.99702346
0.14,1.2791667,291.17334,223.19989,0.99702346
0.14,1.28125,291.17334,223.19989,0.99702346
0.14,1.2833333,291.17334,223.19989,0.99702346
0.14,1.2854167,291.17334,223.19989,0.99702346
0.14,1.2875,291.17334,223.19989,0.99702346
0.14,1.2895833,291.17334,223.19989,0.99702346
0.14,1.2916666,291.17334,223.19989,0.99702346
0.14,1.29375,291.17334,223.19989,0.99702346
0.14,1.2958333,291.17334,223.19989,0.99702346
0.14,1.2979167,291.17334,223.19989,0.99702346
0.14,1.3,291.17334,223.19989,0.99702346
0.14,1.3020834,291.17334,223.19989,0.99702346
0.14,1.3041667,291.17334,223.19989,0.99702346
0.14,1.30625,291.17334,223.19989,0.99702346
0.14,1.3083333,291.17334,223.19989,0.99702346
0.14,1.3104167,291.17334,223.19989,0.99702346
0.14,1.3125,291.17334,223.19989,0.99702346
0.14,1.3145833,291.17334,223.19989,0.99702346
0.14,1.3166667,291.17334,223.19989,0.99702346
0.14,1.31875,291.17334,223.19989,0.99702346
0.14,1.3208333,291.17334,223.19989,0.99702346
0.14,1.3229166,291.17334,223.19989,0.99702346
0.14,1.325,291.17334,223.19989,0.99702346
0.14,1.3270833,291.17334,223.19989,0.99702346
0.14,1.3291667,291.17334,223.19989,0.99702346
0.14,1.33125,291.17334,223.19989,0.99702346
0.14,1.3333334,291.17334,223.19989,0.99702346
0.14,1.3354167,291.17334,223.19989,0.99702346
0.14,1.3375,291.17334,223.19989,0.99702346
0.14,1.3395833,291.17334,223.19989,0.99702346
0.14,1.3416667,291.17334,223.19989,0.99702346
0.14,1.34375,291.17334,223.19989,0.99702346
0.14,1.3458333,291.17334,223.19989,0.99702346
0.14,1.3479167,291.17334,223.19989,0.99702346
0.14,1.35,291.17334,223.19989,0.99702346
0.14,1.3520833,291.17334,223.19989,0.99702346
0.14,1.3541666,291.17334,223.19989,0.99702346
0.14,1.35625,291.17334,223.19989,0.99702346
0.14,1.3583333,291.17334,223.19989,0.99702346
0.14,1.3604167,291.17334,223.19989,0.99702346
0.14,1.3625,291.17334,223.19989,0.99702346
0.14,1.3645834,291.17334,223.19989,0.99702346
0.14,1.3666667,291.17334,223.19989,0.99702346
0.14,1.36875,291.17334,223.19989,0.99702346
0.14,1.3708333,291.17334,223.19989,0.99702346
0.14,1.3729167,291.17334,223.19989,0.99702346
0.14,1.375,291.17334,223.19989,0.99702346
0.14,1.3770833,291.17334,223.19989,0.99702346
0.14,1.3791667,291.17334,223.19989,0.99702346
0.14,1.38125,291.17334,223.19989,0.99702346
0.14,1.3833333,291.17334,223.19989,0.99702346
0.14,1.3854166,291.17334,223.19989,0.99702346
0.14,1.3875,291.17334,223.19989,0.99702346
0.14,1.3895833,291.17334,223.19989,0.99702346
0.14,1.3916667,291.17334,223.19989,0.99702346
0.14,1.39375,291.17334,223.19989,0.99702346
0.14,1.3958334,291.17334,223.19989,0.99702346
0.14,1.3979167,291.17334,223.19989,0.99702346
0.14,1.4,291.17334,223.19989,0.99702346
0.14,1.4020833,291.17334,223.19989,0.99702346
0.14,1.4041667,291.17334,223.19989,0.99702346
0.14,1.40625,291.17334,223.19989,0.99702346
0.14,1.4083333,291.17334,223.19989,0.99702346
0.14,1.4104167,291.17334,223.19989,0.99702346
0.14,1.4125,291.17334,223.19989,0.99702346
0.14,1.4145833,291.17334,223.19989,0.99702346
0.14,1.4166666,291.17334,223.19989,0.99702346
0.14,1.41875,291.17334,223.19989,0.99702346
0.14,1.4208333,291.17334,223.19989,0.99702346
0.14,1.4229167,291.17334,223.19989,0.99702346
0.14,1.425,291.17334,223.19989,0.99702346
0.14,1.4270834,291.17334,223.19989,0.99702346
0.14,1.4291667,291.17334,223.19989,0.99702346
0.14,1.43125,291.17334,223.19989,0.99702346
0.14,1.4333333,291.17334,223.19989,0.99702346
0.14,1.4354167,291.17334,223.19989,0.99702346
0.14,1.4375,291.17334,223.19989,0.99702346
0.14,1.4395833,291.17334,223.19989,0.99702346
0.14,1.4416667,291.17334,223.19989,0.99702346
0.14,1.44375,291.17334,223.19989,0.99702346
0.14,1.4458333,291.17334,223.19989,0.99702346
0.14,1.4479166,291.17334,223.19989,0.99702346
0.14,1.45,291.17334,223.19989,0.99702346
0.14,1.4520833,291.17334,223.19989,0.99702346
0.14,1.4541667,291.17334,223.19989,0.99702346
0.14,1.45625,291.17334,223.19989,0.99702346
0.14,1.4583334,291.17334,223.19989,0.99702346
0.14,1.4604167,291.17334,223.19989,0.99702346
0.14,1.4625,291.17334,223.19989,0.99702346
0.14,1.4645833,291.17334,223.19989,0.99702346
0.14,1.4666667,291.17334,223.19989,0.99702346
0.14,1.46875,291.17334,223.19989,0.99702346
0.14,1.4708333,291.17334,223.19989,0.99702346
0.14,1.4729167,291.17334,223.19989,0.99702346
0.14,1.475,291.17334,223.19989,0.99702346
0.14,1.4770833,291.17334,223.19989,0.99702346
0.14,1.4791666,291.17334,223.19989,0.99702346
0.14,1.48125,291.17334,223.19989,0.99702346
0.14,1.4833333,291.17334,223.19989,0.99702346
0.14,1.4854167,291.17334,223.19989,0.99702346
0.14,1.4875,291.17334,223.19989,0.99702346
0.14,1.4895834,291.17334,223.19989,0.99702346
0.14,1.4916667,291.17334,223.19989,0.99702346
0.14,1.49375,291.17334,223.19989,0.99702346
0.14,1.4958333,291.17334,223.19989,0.99702346
0.14,1.4979167,291.17334,223.19989,0.99702346
0.14,1.5,291.17334,223.19989,0.99702346
0.14,1.5020833,291.17334,223.19989,0.99702346
0.14,1.5041667,291.17334,223.19989,0.99702346
0.14,1.50625,291.17334,223.19989,0.99702346
0.14,1.5083333,291.17334,223.19989,0.99702346
0.14,1.5104166,291.17334,223.19989,0.99702346
0.14,1.5125,291.17334,223.19989,0.99702346
0.14,1.5145833,291.17334,223.19989,0.99702346
0.14,1.5166667,291.17334,223.19989,0.99702346
0.14,1.51875,291.17334,223.19989,0.99702346
0.14,1.5208334,291.17334,223.19989,0.99702346
0.14,1.5229167,291.17334,223.19989,0.99702346
0.14,1.525,291.17334,223.19989,0.99702346
0.14,1.5270833,291.17334,223.19989,0.99702346
0.14,1.5291667,291.17334,223.19989,0.99702346
0.14,1.53125,291.17334,223.19989,0.99702346
0.14,1.5333333,291.17334,223.19989,0.99702346
0.14,1.5354167,291.17334,223.19989,0.99702346
0.14,1.5375,291.17334,223.19989,0.99702346
0.14,1.5395833,291.17334,223.19989,0.99702346
0.14,1.5416666,291.17334,223.19989,0.99702346
0.14,1.54375,291.17334,223.19989,0.99702346
0.14,1.5458333,291.17334,223.19989,0.99702346
0.14,1.5479167,291.17334,223.19989,0.99702346
0.14,1.55,291.17334,223.19989,0.99702346
0.14,1.5520834,291.17334,223.19989,0.99702346
0.14,1.5541667,291.17334,223.19989,0.99702346
0.14,1.55625,291.17334,223.19989,0.99702346
0.14,1.5583333,291.17334,223.19989,0.99702346
0.14,1.5604167,291.17334,223.19989,0.99702346
0.14,1.5625,291.17334,223.19989,0.99702346
0.14,1.5645833,291.17334,223.19989,0.99702346
0.14,1.5666667,291.17334,223.19989,0.99702346
0.14,1.56875,291.17334,223.19989,0.99702346
0.14,1.5708333,291.17334,223.19989,0.99702346
0.14,1.5729166,291.17334,223.19989,0.99702346
0.14,1.575,291.17334,223.19989,0.99702346
0.14,1.5770833,291.17334,223.19989,0.99702346
0.14,1.5791667,291.17334,223.19989,0.99702346
0.14,1.58125,291.17334,223.19989,0.99702346
0.14,1.5833334,291.17334,223.19989,0.99702346
0.14,1.5854167,291.17334,223.19989,0.99702346
0.14,1.5875,291.17334,223.19989,0.99702346
0.14,1.5895833,291.17334,223.19989,0.99702346
0.14,1.5916667,291.17334,223.19989,0.99702346
0.14,1.59375,291.17334,223.19989,0.99702346
0.14,1.5958333,291.17334,223.19989,0.99702346
0.14,1.5979167,291.17334,223.19989,0.99702346
0.14,1.6,291.17334,223.19989,0.99702346
0.14,1.6020833,291.17334,223.19989,0.99702346
0.14,1.6041666,291.17334,223.19989,0.99702346
0.14,1.60625,291.17334,223.19989,0.99702346
0.14,1.6083333,291.17334,223.19989,0.99702346
0.14,1.6104167,291.17334,223.19989,0.99702346
0.14,1.6125,291.17334,223.19989,0.99702346
0.14,1.6145834,291.17334,223.19989,0.99702346
0.14,1.6166667,291.17334,223.19989,0.99702346
0.14,1.61875,291.17334,223.19989,0.99702346
0.14,1.6208333,291.17334,223.19989,0.99702346
0.14,1.6229167,291.17334,223.19989,0.99702346
0.14,1.625,291.17334,223.19989,0.99702346
0.14,1.6270833,291.17334,223.19989,0.99702346
0.14,1.6291667,291.17334,223.19989,0.99702346
0.14,1.63125,291.17334,223.19989,0.99702346
0.14,1.6333333,291.17334,223.19989,0.99702346
0.14,1.6354166,291.17334,223.19989,0.99702346
0.14,1.6375,291.17334,223.19989,0.99702346
0.14,1.6395833,291.17334,223.19989,0.99702346
0.14,1.6416667,291.17334,223.19989,0.99702346
0.14,1.64375,291.17334,223.19989,0.99702346
0.14,1.6458334,291.17334,223.19989,0.99702346
0.14,1.6479167,291.17334,223.19989,0.99702346
0.14,1.65,291.17334,223.19989,0.99702346
0.14,1.6520833,291.17334,223.19989,0.99702346
0.14,1.6541667,291.17334,223.19989,0.99702346
0.14,1.65625,291.17334,223.19989,0.99702346
0.14,1.6583333,291.17334,223.19989,0.99702346
0.14,1.6604167,291.17334,223.19989,0.99702346
0.14,1.6625,291.17334,223.19989,0.99702346
0.14,1.6645833,291.17334,223.19989,0.99702346
0.14,1.6666666,291.17334,223.19989,0.99702346
0.14,1.66875,291.17334,223.19989,0.99702346
0.14,1.6708333,291.17334,223.19989,0.99702346
0.14,1.6729167,291.17334,223.19989,0.99702346
0.14,1.675,291.17334,223.19989,0.99702346
0.14,1.6770834,291.17334,223.19989,0.99702346
0.14,1.6791667,291.17334,223.19989,0.99702346
0.14,1.68125,291.17334,223.19989,0.99702346
0.14,1.6833333,291.17334,223.19989,0.99702346
0.14,1.6854167,291.17334,223.19989,0.99702346
0.14,1.6875,291.17334,223.19989,0.99702346
0.14,1.6895833,291.17334,223.19989,0.99702346
0.14,1.6916667,291.17334,223.19989,0.99702346
0.14,1.69375,291.17334,223.19989,0.99702346
0.14,1.6958333,291.17334,223.19989,0.99702346
0.14,1.6979166,291.17334,223.19989,0.99702346
0.14,1.7,291.17334,223.19989,0.99702346
0.14,1.7020833,291.17334,223.19989,0.99702346
0.14,1.7041667,291.17334,223.19989,0.99702346
0.14,1.70625,291.17334,223.19989,0.99702346
0.14,1.7083334,291.17334,223.19989,0.99702346
0.14,1.7104167,291.17334,223.19989,0.99702346
0.14,1.7125,291.17334,223.19989,0.99702346
0.14,1.7145833,291.17334,223.19989,0.99702346
0.14,1.7166667,291.17334,223.19989,0.99702346
0.14,1.71875,291.17334,223.19989,0.99702346
0.14,1.7208333,291.17334,223.19989,0.99702346
0.14,1.7229167,291.17334,223.19989,0.99702346
0.14,1.725,291.17334,223.19989,0.99702346
0.14,1.7270833,291.17334,223.19989,0.99702346
0.14,1.7291666,291.17334,223.19989,0.99702346
0.14,1.73125,291.17334,223.19989,0.99702346
0.14,1.7333333,291.17334,223.19989,0.99702346
0.14,1.7354167,291.17334,223.19989,0.99702346
0.14,1.7375,291.17334,223.19989,0.99702346
0.14,1.7395834,291.17334,223.19989,0.99702346
0.14,1.7416667,291.17334,223.19989,0.99702346
0.14,1.74375,291.17334,223.19989,0.99702346
0.14,1.7458333,291.17334,223.19989,0.99702346
0.14,1.7479167,291.17334,223.19989,0.99702346
0.14,1.75,291.17334,223.19989,0.99702346
0.14,1.7520833,291.17334,223.19989,0.99702346
0.14,1.7541667,291.17334,223.19989,0.99702346
0.14,1.75625,291.17334,223.19989,0.99702346
0.14,1.7583333,291.17334,223.19989,0.99702346
0.14,1.7604166,291.17334,223.19989,0.99702346
0.14,1.7625,291.17334,223.19989,0.99702346
0.14,1.7645833,291.17334,223.19989,0.99702346
0.14,1.7666667,291.17334,223.19989,0.99702346
0.14,1.76875,291.17334,223.19989,0.99702346
0.14,1.7708334,291.17334,223.19989,0.99702346
0.14,1.7729167,291.17334,223.19989,0.99702346
0.14,1.775,291.17334,223.19989,0.99702346
0.14,1.7770833,291.17334,223.19989,0.99702346
0.14,1.7791667,291.17334,223.19989,0.99702346
0.14,1.78125,291.17334,223.19989,0.99702346
0.14,1.7833333,291.17334,223.19989,0.99702346
0.14,1.7854167,291.17334,223.19989,0.99702346
0.14,1.7875,291.17334,223.19989,0.99702346
0.14,1.7895833,291.17334,223.19989,0.99702346
0.14,1.7916666,291.17334,223.19989,0.99702346
0.14,1.79375,291.17334,223.19989,0.99702346
0.14,1.7958333,291.17334,223.19989,0.99702346
0.14,1.7979167,291.17334,223.19989,0.99702346
0.14,1.8,291.17334,223.19989,0.99702346
0.14,1.8020834,291.17334,223.19989,0.99702346
0.14,1.8041667,291.17334,223.19989,0.99702346
0.14,1.80625,291.17334,223.19989,0.99702346
0.14,1.8083333,291.17334,223.19989,0.99702346
0.14,1.8104167,291.17334,223.19989,0.99702346
0.14,1.8125,291.17334,223.19989,0.99702346
0.14,1.8145833,291.17334,223.19989,0.99702346
0.14,1.8166667,291.17334,223.19989,0.99702346
0.14,1.81875,291.17334,223.19989,0.99702346
0.14,1.8208333,291.17334,223.19989,0.99702346
0.14,1.8229166,291.17334,223.19989,0.99702346
0.14,1.825,291.17334,223.19989,0.99702346
0.14,1.8270833,291.17334,223.19989,0.99702346
0.14,1.8291667,291.17334,223.19989,0.99702346
0.14,1.83125,291.17334,223.19989,0.99702346
0.14,1.8333334,291.17334,223.19989,0.99702346
0.14,1.8354167,291.17334,223.19989,0.99702346
0.14,1.8375,291.17334,223.19989,0.99702346
0.14,1.8395833,291.17334,223.19989,0.99702346
0.14,1.8416667,291.17334,223.19989,0.99702346
0.14,1.84375,291.17334,223.19989,0.99702346
0.14,1.8458333,291.17334,223.19989,0.99702346
0.14,1.8479167,291.17334,223.19989,0.99702346
0.14,1.85,291.17334,223.19989,0.99702346
0.14,1.8520833,291.17334,223.19989,0.99702346
0.14,1.8541666,291.17334,223.19989,0.99702346
0.14,1.85625,291.17334,223.19989,0.99702346
0.14,1.8583333,291.17334,223.19989,0.99702346
0.14,1.8604167,291.17334,223.19989,0.99702346
0.14,1.8625,291.17334,223.19989,0.99702346
0.14,1.8645834,291.17334,223.19989,0.99702346
0.14,1.8666667,291.17334,223.19989,0.99702346
0.14,1.86875,291.17334,223.19989,0.99702346
0.14,1.8708333,291.17334,223.19989,0.99702346
0.14,1.8729167,291.17334,223.19989,0.99702346
0.14,1.875,291.17334,223.19989,0.99702346
0.14,1.8770833,291.17334,223.19989,0.99702346
0.14,1.8791667,291.17334,223.19989,0.99702346
0.14,1.88125,291.17334,223.19989,0.99702346
0.14,1.8833333,291.17334,223.19989,0.99702346
0.14,1.8854166,291.17334,223.19989,0.99702346
0.14,1.8875,291.17334,223.19989,0.99702346
0.14,1.8895833,291.17334,223.19989,0.99702346
0.14,1.8916667,291.17334,223.19989,0.99702346
0.14,1.89375,291.17334,223.19989,0.99702346
0.14,1.8958334,291.17334,223.19989,0.99702346
0.14,1.8979167,291.17334,223.19989,0.99702346
0.14,1.9,291.17334,223.19989,0.99702346
0.14,1.9020833,291.17334,223.19989,0.99702346
0.14,1.9041667,291.17334,223.19989,0.99702346
0.14,1.90625,291.17334,223.19989,0.99702346
0.14,1.9083333,291.17334,223.19989,0.99702346
0.14,1.9104167,291.17334,223.19989,0.99702346
0.14,1.9125,291.17334,223.19989,0.99702346
0.14,1.9145833,291.17334,223.19989,0.99702346
0.14,1.9166666,291.17334,223.19989,0.99702346
0.14,1.91875,291.17334,223.19989,0.99702346
0.14,1.9208333,291.17334,223.19989,0.99702346
0.14,1.9229167,291.17334,223.19989,0.99702346
0.14,1.925,291.17334,223.19989,0.99702346
0.14,1.9270834,291.17334,223.19989,0.99702346
0.14,1.9291667,291.17334,223.19989,0.99702346
0.14,1.93125,291.17334,223.19989,0.99702346
0.14,1.9333333,291.17334,223.19989,0.99702346
0.14,1.9354167,291.17334,223.19989,0.99702346
0.14,1.9375,291.17334,223.19989,0.99702346
0.14,1.9395833,291.17334,223.19989,0.99702346
0.14,1.9416667,291.17334,223.19989,0.99702346
0.14,1.94375,291.17334,223.19989,0.99702346
0.14,1.9458333,291.17334,223.19989,0.99702346
0.14,1.9479166,291.17334,223.19989,0.99702346
0.14,1.95,291.17334,223.19989,0.99702346
0.14,1.9520833,291.17334,223.19989,0.99702346
0.14,1.9541667,291.17334,223.19989,0.99702346
0.14,1.95625,291.17334,223.19989,0.99702346
0.14,1.9583334,291.17334,223.19989,0.99702346
0.14,1.9604167,291.17334,223.19989,0.99702346
0.14,1.9625,291.17334,223.19989,0.99702346
0.14,1.9645833,291.17334,223.19989,0.99702346
0.14,1.9666667,291.17334,223.19989,0.99702346
0.14,1.96875,291.17334,223.19989,0.99702346
0.14,1.9708333,291.17334,223.19989,0.99702346
0.14,1.9729167,291.17334,223.19989,0.99702346
0.14,1.975,291.17334,223.19989,0.99702346
0.14,1.9770833,291.17334,223.19989,0.99702346
0.14,1.9791666,291.17334,223.19989,0.99702346
0.14,1.98125,291.17334,223.19989,0.99702346
0.14,1.9833333,291.17334,223.19989,0.99702346
0.14,1.9854167,291.17334,223.19989,0.99702346
0.14,1.9875,291.17334,223.19989,0.99702346
0.14,1.9895834,291.17334,223.19989,0.99702346
0.14,1.9916667,291.17334,223.19989,0.99702346
0.14,1.99375,291.17334,223.19989,0.99702346
0.14,1.9958333,291.17334,223.19989,0.99702346
0.14,1.9979167,291.17334,223.19989,0.99702346
0.14,2.0,291.17334,223.19989,0.99702346
0.2,0.0020833334,291.17114,223.19763,0.0
0.2,0.004166667,291.17126,223.19775,3.421668E-5
0.2,0.00625,291.17447,223.19763,1.6378153E-4
0.2,0.008333334,291.19147,223.19647,4.3980763E-4
0.2,0.010416667,291.23975,223.19305,9.0466125E-4
0.2,0.0125,291.3403,223.18585,0.0015929444
0.2,0.014583333,291.51453,223.17319,0.0025325736
0.2,0.016666668,291.78262,223.15363,0.0037455126
0.2,0.01875,292.1621,223.12585,0.005248696
0.2,0.020833334,292.66718,223.08871,0.007054493
0.2,0.022916667,293.30872,223.04135,0.0091715725
0.2,0.025,294.09412,222.98315,0.011605079
0.2,0.027083334,295.02765,222.91364,0.014357634
0.2,0.029166667,296.11072,222.83261,0.017429082
0.2,0.03125,297.34253,222.74005,0.020817593
0.2,0.033333335,298.71988,222.63599,0.024519352
0.2,0.035416666,300.2379,222.52069,0.02852908
0.2,0.0375,301.89053,222.39441,0.03284067
0.2,0.039583333,303.6701,222.25763,0.03744657
0.2,0.041666668,305.56866,222.11081,0.042339016
0.2,0.04375,307.57715,221.95447,0.047509048
0.2,0.045833334,309.6863,221.7891,0.0529479
0.2,0.047916666,311.8863,221.61533,0.058645807
0.2,0.05,314.1675,221.43378,0.06459348
0.2,0.052083332,316.52002,221.24506,0.07078082
0.2,0.054166667,318.93414,221.04968,0.077198416
0.2,0.05625,321.4003,220.84842,0.08383612
0.2,0.058333334,323.90918,220.64172,0.09068466
0.2,0.060416665,326.45166,220.43027,0.097734146
0.2,0.0625,329.01923,220.2146,0.10497557
0.2,0.06458333,331.6033,219.99524,0.11239965
0.2,0.06666667,334.1961,219.77277,0.11999723
0.2,0.06875,336.7902,219.54767,0.12776013
0.2,0.07083333,339.37836,219.32043,0.1356795
0.2,0.072916664,341.9541,219.09155,0.14374767
0.2,0.075,344.51123,218.86142,0.15195644
0.2,0.077083334,347.0441,218.6305,0.16029876
0.2,0.079166666,349.54724,218.39917,0.16876695
0.2,0.08125,352.0161,218.16785,0.17735456
0.2,0.083333336,354.44604,217.9368,0.1860545
0.2,0.08541667,356.83325,217.70642,0.19486098
0.2,0.0875,359.174,217.47696,0.2037675
0.2,0.08958333,361.46533,217.24875,0.2127688
0.2,0.09166667,363.7041,217.02203,0.22185886
0.2,0.09375,365.88818,216.79706,0.23103309
0.2,0.09583333,368.01538,216.57404,0.24028625
0.2,0.09791667,370.08374,216.35321,0.24961336
0.2,0.1,372.09204,216.13477,0.2590106
0.2,0.10208333,374.03882,215.91876,0.26847324
0.2,0.104166664,375.92346,215.7055,0.27799773
0.2,0.10625,377.7452,215.49506,0.28757986
0.2,0.108333334,379.5036,215.28757,0.2972166
0.2,0.110416666,381.19846,215.08313,0.30690402
0.2,0.1125,382.82983,214.88184,0.3166395
0.2,0.114583336,384.39795,214.68384,0.32641956
0.2,0.11666667,385.9032,214.4891,0.3362419
0.2,0.11875,387.34613,214.29776,0.34610337
0.2,0.12083333,388.72754,214.10986,0.35600197
0.2,0.12291667,390.0481,213.92545,0.36593482
0.2,0.125,391.3088,213.74457,0.37590027
0.2,0.12708333,392.51074,213.5672,0.38589594
0.2,0.12916666,393.6551,213.3934,0.39591962
0.2,0.13125,394.743,213.2232,0.40596977
0.2,0.13333334,395.776,213.05655,0.41604492
0.2,0.13541667,396.75537,212.8935,0.42614323
0.2,0.1375,397.68237,212.73398,0.43626282
0.2,0.13958333,398.55872,212.57803,0.44640288
0.2,0.14166667,399.38586,212.42566,0.45656154
0.2,0.14375,400.1653,212.27676,0.4667381
0.2,0.14583333,400.89862,212.13135,0.47693083
0.2,0.14791666,401.58752,211.98944,0.48713923
0.2,0.15,402.2334,211.85095,0.49736193
0.2,0.15208334,402.838,211.71585,0.5075976
0.2,0.15416667,403.40283,211.5841,0.51784587
0.2,0.15625,403.92953,211.45566,0.528106
0.2,0.15833333,404.41956,211.3305,0.538377
0.2,0.16041666,404.87476,211.20856,0.54865783
0.2,0.1625,405.29626,211.08978,0.5589481
0.2,0.16458334,405.686,210.97412,0.5692475
0.2,0.16666667,406.04517,210.86151,0.57955503
0.2,0.16875,406.37534,210.75198,0.58986986
0.2,0.17083333,406.67795,210.64539,0.6001921
0.2,0.17291667,406.95425,210.54169,0.6105207
0.2,0.175,407.2058,210.44089,0.62085575
0.2,0.17708333,407.43384,210.34283,0.6311963
0.2,0.17916666,407.63974,210.24759,0.64154243
0.2,0.18125,407.8246,210.15503,0.6518936
0.2,0.18333334,407.98962,210.06506,0.6622491
0.2,0.18541667,408.1361,209.97772,0.6726089
0.2,0.1875,408.26514,209.89288,0.68297297
0.2,0.18958333,408.3778,209.81049,0.6933409
0.2,0.19166666,408.4751,209.73053,0.7037119
0.2,0.19375,408.5581,209.65295,0.71408623
0.2,0.19583334,408.6277,209.57764,0.7244637
0.2,0.19791667,408.68484,209.50458,0.734844
0.2,0.2,408.7305,209.43372,0.7452266
0.2,0.20208333,408.7655,209.36502,0.7556117
0.2,0.20416667,408.79053,209.2984,0.7659654
0.2,0.20625,408.8064,209.2338,0.7762252
0.2,0.20833333,408.8136,209.1712,0.7863406
0.2,0.21041666,408.81323,209.11053,0.7962689
0.2,0.2125,408.80542,209.05176,0.80597603
0.2,0.21458334,408.79114,208.99487,0.8154328
0.2,0.21666667,408.77087,208.93973,0.8246176
0.2,0.21875,408.74512,208.88635,0.8335137
0.2,0.22083333,408.71436,208.83469,0.8421087
0.2,0.22291666,408.6792,208.7847,0.8503933
0.2,0.225,408.64014,208.7363,0.85836244
0.2,0.22708334,408.5974,208.68945,0.8660141
0.2,0.22916667,408.55164,208.64417,0.8733473
0.2,0.23125,408.50317,208.60034,0.8803643
0.2,0.23333333,408.4522,208.55798,0.8870689
0.2,0.23541667,408.39935,208.51703,0.89346653
0.2,0.2375,408.3446,208.47742,0.8995627
0.2,0.23958333,408.28864,208.43909,0.90536517
0.2,0.24166666,408.2315,208.4021,0.91088176
0.2,0.24375,408.1692,208.36661,0.9161215
0.2,0.24583334,408.0935,208.33319,0.9210928
0.2,0.24791667,407.9972,208.3023,0.9258054
0.2,0.25,407.87323,208.27441,0.9302688
0.2,0.25208333,407.71515,208.25,0.934493
0.2,0.25416666,407.51678,208.2294,0.9384873
0.2,0.25625,407.27313,208.21298,0.9422616
0.2,0.25833333,406.97894,208.20111,0.9458258
0.2,0.26041666,406.62988,208.19409,0.949189
0.2,0.2625,406.222,208.1922,0.9523607
0.2,0.26458332,405.7517,208.19574,0.95535
0.2,0.26666668,405.21613,208.2049,0.958166
0.2,0.26875,404.61243,208.21991,0.96081704
0.2,0.27083334,403.93872,208.2409,0.96331155
0.2,0.27291667,403.19318,208.26813,0.9656578
0.2,0.275,402.37457,208.30164,0.9678633
0.2,0.27708334,401.48206,208.34158,0.96993566
0.2,0.27916667,400.51538,208.38803,0.97188205
0.2,0.28125,399.47437,208.44104,0.9737094
0.2,0.28333333,398.35938,208.50067,0.9754244
0.2,0.28541666,397.1712,208.56683,0.97703314
0.2,0.2875,395.91095,208.63965,0.97854173
0.2,0.28958333,394.58002,208.719,0.979956
0.2,0.29166666,393.18042,208.80487,0.98128116
0.2,0.29375,391.714,208.89719,0.9825226
0.2,0.29583332,390.18304,208.99579,0.9836852
0.2,0.29791668,388.59045,209.10065,0.98477364
0.2,0.3,386.9391,209.21155,0.9857923
0.2,0.30208334,385.23175,209.32843,0.98674536
0.2,0.30416667,383.47205,209.45105,0.9876369
0.2,0.30625,381.66345,209.57925,0.9884706
0.2,0.30833334,379.80945,209.71289,0.98925
0.2,0.31041667,377.91388,209.85168,0.9899785
0.2,0.3125,375.9806,209.99542,0.99065924
0.2,0.31458333,374.0133,210.14392,0.99129516
0.2,0.31666666,372.01617,210.29694,0.9918891
0.2,0.31875,369.99335,210.45422,0.99244374
0.2,0.32083333,367.94867,210.61554,0.9929615
0.2,0.32291666,365.8861,210.78061,0.9934448
0.2,0.325,363.80994,210.94919,0.99389577
0.2,0.32708332,361.72394,211.121,0.9943166
0.2,0.32916668,359.63177,211.29584,0.99470913
0.2,0.33125,357.53772,211.47336,0.99507517
0.2,0.33333334,355.44513,211.65338,0.9954166
0.2,0.33541667,353.35754,211.83557,0.9957349
0.2,0.3375,351.2787,212.01974,0.9960316
0.2,0.33958334,349.21185,212.2056,0.9963081
0.2,0.34166667,347.16022,212.39294,0.9965657
0.2,0.34375,345.12683,212.58145,0.9968057
0.2,0.34583333,343.11444,212.77094,0.99702936
0.2,0.34791666,341.12604,212.96118,0.9972377
0.2,0.35,339.16418,213.15192,0.9974317
0.2,0.35208333,337.23083,213.34296,0.9976123
0.2,0.35416666,335.32898,213.53406,0.99778044
0.2,0.35625,333.46014,213.72504,0.99793696
0.2,0.35833332,331.62622,213.91565,0.99808264
0.2,0.36041668,329.82922,214.1058,0.9982182
0.2,0.3625,328.07056,214.29523,0.99834436
0.2,0.36458334,326.35162,214.48376,0.9984617
0.2,0.36666667,324.67358,214.67133,0.9985709
0.2,0.36875,323.0376,214.85764,0.9986725
0.2,0.37083334,321.44464,215.0426,0.99876696
0.2,0.37291667,319.89545,215.22614,0.9988548
0.2,0.375,318.39056,215.40802,0.99893653
0.2,0.37708333,316.9303,215.5882,0.9990124
0.2,0.37916666,315.51544,215.76648,0.999083
0.2,0.38125,314.146,215.94281,0.9991486
0.2,0.38333333,312.8219,216.11713,0.9992095
0.2,0.38541666,311.54327,216.28925,0.9992662
0.2,0.3875,310.31018,216.45917,0.99931884
0.2,0.38958332,309.12213,216.62674,0.9993678
0.2,0.39166668,307.979,216.79193,0.99941325
0.2,0.39375,306.8802,216.95471,0.99945545
0.2,0.39583334,305.82538,217.11496,0.9994947
0.2,0.39791667,304.81396,217.27267,0.99953115
0.2,0.4,303.84528,217.4278,0.99956495
0.2,0.40208334,302.91858,217.58026,0.9995964
0.2,0.40416667,302.0332,217.73004,0.9996256
0.2,0.40625,301.18823,217.8772,0.99965274
0.2,0.40833333,300.38293,218.02158,0.99967796
0.2,0.41041666,299.6164,218.16327,0.9997013
0.2,0.4125,298.88757,218.30215,0.99972296
0.2,0.41458333,298.19556,218.43832,0.99974304
0.2,0.41666666,297.5395,218.57175,0.9997617
0.2,0.41875,296.9181,218.7024,0.99977905
0.2,0.42083332,296.33057,218.83032,0.99979514
0.2,0.42291668,295.77588,218.95544,0.9998101
0.2,0.425,295.2527,219.07788,0.999824
0.2,0.42708334,294.7603,219.19757,0.99983686
0.2,0.42916667,294.29736,219.31458,0.9998488
0.2,0.43125,293.8629,219.4289,0.9998598
0.2,0.43333334,293.45587,219.54053,0.99987006
0.2,0.43541667,293.07532,219.64954,0.99987954
0.2,0.4375,292.7201,219.75592,0.99988836
0.2,0.43958333,292.3891,219.85974,0.9998965
0.2,0.44166666,292.0816,219.961,0.99990404
0.2,0.44375,291.79614,220.05972,0.99991107
0.2,0.44583333,291.5321,220.15594,0.9999176
0.2,0.44791666,291.28833,220.24976,0.9999237
0.2,0.45,291.06384,220.34116,0.9999293
0.2,0.45208332,290.8579,220.43015,0.9999345
0.2,0.45416668,290.6693,220.51678,0.9999393
0.2,0.45625,290.4975,220.60114,0.9999438
0.2,0.45833334,290.34143,220.6832,0.99994797
0.2,0.46041667,290.20032,220.76306,0.99995184
0.2,0.4625,290.07312,220.84073,0.99995536
0.2,0.46458334,289.95947,220.91626,0.9999587
0.2,0.46666667,289.85822,220.98969,0.9999618
0.2,0.46875,289.76892,221.06107,0.99996465
0.2,0.47083333,289.69055,221.1304,0.9999673
0.2,0.47291666,289.62268,221.19775,0.9999697
0.2,0.475,289.56445,221.26321,0.9999719
0.2,0.47708333,289.5155,221.32675,0.999974
0.2,0.47916666,289.47485,221.38846,0.999976
0.2,0.48125,289.44226,221.44833,0.9999777
0.2,0.48333332,289.41693,221.50647,0.99997944
0.2,0.48541668,289.39856,221.56284,0.999981
0.2,0.4875,289.38635,221.61752,0.99998236
0.2,0.48958334,289.37994,221.6706,0.99998367
0.2,0.49166667,289.37897,221.72205,0.9999849
0.2,0.49375,289.38293,221.77191,0.99998605
0.2,0.49583334,289.39124,221.82025,0.9999871
0.2,0.49791667,289.4038,221.86713,0.99998814
0.2,0.5,289.41992,221.91254,0.99998903
0.2,0.50208336,289.43958,221.95651,0.9999899
0.2,0.50416666,289.46204,221.99915,0.9999907
0.2,0.50625,289.4873,222.0404,0.99999136
0.2,0.5083333,289.515,222.08038,0.9999921
0.2,0.5104167,289.5448,222.11908,0.99999267
0.2,0.5125,289.57642,222.15656,0.9999932
0.2,0.51458335,289.60974,222.19281,0.99999374
0.2,0.51666665,289.6444,222.2279,0.9999942
0.2,0.51875,289.68024,222.2619,0.9999947
0.2,0.5208333,289.71686,222.29474,0.99999505
0.2,0.5229167,289.75452,222.32654,0.99999547
0.2,0.525,289.79266,222.35727,0.9999958
0.2,0.52708334,289.8313,222.38702,0.9999961
0.2,0.52916664,289.87012,222.41577,0.9999965
0.2,0.53125,289.90918,222.44357,0.9999968
0.2,0.53333336,289.94818,222.47046,0.999997
0.2,0.53541666,289.9873,222.49643,0.9999972
0.2,0.5375,290.026,222.52155,0.99999744
0.2,0.5395833,290.06464,222.54584,0.9999977
0.2,0.5416667,290.10278,222.56927,0.99999785
0.2,0.54375,290.14056,222.59192,0.999998
0.2,0.54583335,290.17773,222.61383,0.99999815
0.2,0.54791665,290.21436,222.63495,0.99999833
0.2,0.55,290.25043,222.6554,0.99999845
0.2,0.5520833,290.2857,222.67511,0.9999986
0.2,0.5541667,290.32037,222.69415,0.9999987
0.2,0.55625,290.35425,222.71255,0.99999875
0.2,0.55833334,290.38733,222.73029,0.99999887
0.2,0.56041664,290.4195,222.74744,0.9999989
0.2,0.5625,290.45087,222.76398,0.999999
0.2,0.56458336,290.48145,222.77997,0.99999905
0.2,0.56666666,290.51117,222.79535,0.99999917
0.2,0.56875,290.54004,222.81024,0.9999992
0.2,0.5708333,290.568,222.82458,0.9999993
0.2,0.5729167,290.59497,222.83841,0.9999994
0.2,0.575,290.62122,222.85178,0.99999946
0.2,0.57708335,290.64648,222.86465,0.9999995
0.2,0.57916665,290.67096,222.87708,0.99999964
0.2,0.58125,290.69452,222.88904,0.9999997
0.2,0.5833333,290.7173,222.90063,0.9999997
0.2,0.5854167,290.739,222.91174,0.9999997
0.2,0.5875,290.7602,222.92249,0.9999997
0.2,0.58958334,290.78027,222.93286,0.9999997
0.2,0.59166664,290.79974,222.94281,0.9999997
0.2,0.59375,290.81836,222.95245,0.9999997
0.2,0.59583336,290.83618,222.96176,0.9999997
0.2,0.59791666,290.85327,222.9707,0.9999997
0.2,0.6,290.86963,222.97931,0.9999997
0.2,0.6020833,290.8853,222.98761,0.9999997
0.2,0.6041667,290.9004,222.9956,0.9999997
0.2,0.60625,290.91455,223.00333,0.9999997
0.2,0.60833335,290.92822,223.01077,0.9999997
0.2,0.61041665,290.94135,223.01794,0.9999997
0.2,0.6125,290.9536,223.02484,0.9999997
0.2,0.6145833,290.9655,223.03146,0.9999997
0.2,0.6166667,290.9768,223.0379,0.9999997
0.2,0.61875,290.98737,223.04404,0.9999997
0.2,0.62083334,290.99756,223.04999,0.9999997
0.2,0.62291664,291.00726,223.0557,0.9999997
0.2,0.625,291.01636,223.06119,0.9999997
0.2,0.62708336,291.0251,223.0665,0.9999997
0.2,0.62916666,291.03326,223.0716,0.9999997
0.2,0.63125,291.04108,223.07654,0.9999997
0.2,0.6333333,291.04858,223.08124,0.9999997
0.2,0.6354167,291.05548,223.08582,0.9999997
0.2,0.6375,291.06207,223.09021,0.9999997
0.2,0.63958335,291.06836,223.09442,0.9999997
0.2,0.64166665,291.07422,223.09848,0.9999997
0.2,0.64375,291.07983,223.10239,0.9999997
0.2,0.6458333,291.0852,223.10614,0.9999997
0.2,0.6479167,291.0901,223.1098,0.9999997
0.2,0.65,291.09473,223.11325,0.9999997
0.2,0.65208334,291.09912,223.11664,0.9999997
0.2,0.65416664,291.10327,223.11984,0.9999997
0.2,0.65625,291.10718,223.12296,0.9999997
0.2,0.65833336,291.11084,223.12592,0.9999997
0.2,0.66041666,291.11432,223.12878,0.9999997
0.2,0.6625,291.11768,223.13156,0.9999997
0.2,0.6645833,291.12067,223.13422,0.9999997
0.2,0.6666667,291.12354,223.13678,0.9999997
0.2,0.66875,291.12622,223.13925,0.9999997
0.2,0.67083335,291.12885,223.14163,0.9999997
0.2,0.67291665,291.1311,223.14392,0.9999997
0.2,0.675,291.13336,223.14609,0.9999997
0.2,0.6770833,291.1355,223.1482,0.9999997
0.2,0.6791667,291.13745,223.1502,0.9999997
0.2,0.68125,291.13934,223.15216,0.9999997
0.2,0.68333334,291.14105,223.15405,0.9999997
0.2,0.68541664,291.14258,223.15585,0.9999997
0.2,0.6875,291.1441,223.1576,0.9999997
0.2,0.68958336,291.14557,223.15924,0.9999997
0.2,0.69166666,291.14697,223.16086,0.9999997
0.2,0.69375,291.1482,223.16241,0.9999997
0.2,0.6958333,291.1494,223.16388,0.9999997
0.2,0.6979167,291.15045,223.16528,0.9999997
0.2,0.7,291.15143,223.16669,0.9999997
0.2,0.70208335,291.15253,223.168,0.9999997
0.2,0.70416665,291.15332,223.16925,0.9999997
0.2,0.70625,291.1543,223.17047,0.9999997
0.2,0.7083333,291.15503,223.17166,0.9999997
0.2,0.7104167,291.15576,223.17279,0.9999997
0.2,0.7125,291.1565,223.17386,0.9999997
0.2,0.71458334,291.15723,223.17487,0.9999997
0.2,0.71666664,291.15778,223.1759,0.9999997
0.2,0.71875,291.15845,223.17685,0.9999997
0.2,0.72083336,291.15894,223.17776,0.9999997
0.2,0.72291666,291.15942,223.17865,0.9999997
0.2,0.725,291.15997,223.1795,0.9999997
0.2,0.7270833,291.1604,223.1803,0.9999997
0.2,0.7291667,291.1609,223.18109,0.9999997
0.2,0.73125,291.16138,223.18185,0.9999997
0.2,0.73333335,291.16168,223.18256,0.9999997
0.2,0.73541665,291.1621,223.18326,0.9999997
0.2,0.7375,291.16254,223.18396,0.9999997
0.2,0.7395833,291.16284,223.18457,0.9999997
0.2,0.7416667,291.1631,223.18518,0.9999997
0.2,0.74375,291.1635,223.18579,0.9999997
0.2,0.74583334,291.16382,223.18634,0.9999997
0.2,0.74791664,291.16406,223.18689,0.9999997
0.2,0.75,291.1643,223.18741,0.9999997
0.2,0.75208336,291.1646,223.18793,0.9999997
0.2,0.75416666,291.16498,223.18842,0.9999997
0.2,0.75625,291.1651,223.1889,0.9999997
0.2,0.7583333,291.16534,223.18933,0.9999997
0.2,0.7604167,291.1656,223.18976,0.9999997
0.2,0.7625,291.16577,223.19016,0.9999997
0.2,0.76458335,291.16602,223.19055,0.9999997
0.2,0.76666665,291.16626,223.19092,0.9999997
0.2,0.76875,291.1665,223.19128,0.9999997
0.2,0.7708333,291.16675,223.19165,0.9999997
0.2,0.7729167,291.16693,223.19199,0.9999997
0.2,0.775,291.167,223.19232,0.9999997
0.2,0.77708334,291.16724,223.19263,0.9999997
0.2,0.77916664,291.16748,223.19293,0.9999997
0.2,0.78125,291.16754,223.1932,0.9999997
0.2,0.78333336,291.16772,223.19348,0.9999997
0.2,0.78541666,291.16797,223.19376,0.9999997
0.2,0.7875,291.16803,223.194,0.9999997
0.2,0.7895833,291.1682,223.19421,0.9999997
0.2,0.7916667,291.1684,223.19446,0.9999997
0.2,0.79375,291.16846,223.1947,0.9999997
0.2,0.79583335,291.1687,223.19489,0.9999997
0.2,0.79791665,291.16888,223.19513,0.9999997
0.2,0.8,291.16895,223.19531,0.9999997
0.2,0.8020833,291.16913,223.1955,0.9999997
0.2,0.8041667,291.1692,223.19568,0.9999997
0.2,0.80625,291.16937,223.19586,0.9999997
0.2,0.80833334,291.16943,223.19604,0.9999997
0.2,0.81041664,291.16968,223.19617,0.9999997
0.2,0.8125,291.16968,223.19635,0.9999997
0.2,0.81458336,291.16986,223.19647,0.9999997
0.2,0.81666666,291.16992,223.19662,0.9999997
0.2,0.81875,291.1701,223.19678,0.9999997
0.2,0.8208333,291.17017,223.1969,0.9999997
0.2,0.8229167,291.17035,223.19702,0.9999997
0.2,0.825,291.1704,223.19714,0.9999997
0.2,0.82708335,291.17047,223.19727,0.9999997
0.2,0.82916665,291.17065,223.19736,0.9999997
0.2,0.83125,291.17065,223.19748,0.9999997
0.2,0.8333333,291.17084,223.19757,0.9999997
0.2,0.8354167,291.1709,223.19766,0.9999997
0.2,0.8375,291.1709,223.19775,0.9999997
0.2,0.83958334,291.17108,223.19788,0.9999997
0.2,0.84166664,291.17114,223.19794,0.9999997
0.2,0.84375,291.1712,223.19803,0.9999997
0.2,0.84583336,291.1714,223.19812,0.9999997
0.2,0.84791666,291.1714,223.19818,0.9999997
0.2,0.85,291.17145,223.19827,0.9999997
0.2,0.8520833,291.17145,223.1983,0.9999997
0.2,0.8541667,291.17163,223.19843,0.9999997
0.2,0.85625,291.17163,223.19846,0.9999997
0.2,0.85833335,291.1717,223.19852,0.9999997
0.2,0.86041665,291.17188,223.19861,0.9999997
0.2,0.8625,291.17188,223.19867,0.9999997
0.2,0.8645833,291.17188,223.1987,0.9999997
0.2,0.8666667,291.17194,223.19873,0.9999997
0.2,0.86875,291.17212,223.19879,0.9999997
0.2,0.87083334,291.17212,223.19885,0.9999997
0.2,0.87291664,291.17212,223.19891,0.9999997
0.2,0.875,291.17218,223.19894,0.9999997
0.2,0.87708336,291.1723,223.19897,0.9999997
0.2,0.87916666,291.17236,223.19904,0.9999997
0.2,0.88125,291.17236,223.19907,0.9999997
0.2,0.8833333,291.17236,223.1991,0.9999997
0.2,0.8854167,291.17242,223.19916,0.9999997
0.2,0.8875,291.17255,223.19916,0.9999997
0.2,0.88958335,291.1726,223.19922,0.9999997
0.2,0.89166665,291.1726,223.19922,0.9999997
0.2,0.89375,291.1726,223.19928,0.9999997
0.2,0.8958333,291.1726,223.19928,0.9999997
0.2,0.8979167,291.17267,223.19934,0.9999997
0.2,0.9,291.1728,223.19934,0.9999997
0.2,0.90208334,291.1728,223.1994,0.9999997
0.2,0.90416664,291.17285,223.1994,0.9999997
0.2,0.90625,291.17285,223.19943,0.9999997
0.2,0.90833336,291.17285,223.19946,0.9999997
0.2,0.91041666,291.17285,223.19946,0.9999997
0.2,0.9125,291.17285,223.19946,0.9999997
0.2,0.9145833,291.1729,223.19952,0.9999997
0.2,0.9166667,291.1729,223.19952,0.9999997
0.2,0.91875,291.1729,223.19952,0.9999997
0.2,0.92083335,291.17303,223.19958,0.9999997
0.2,0.92291665,291.1731,223.19958,0.9999997
0.2,0.925,291.1731,223.19958,0.9999997
0.2,0.9270833,291.1731,223.19962,0.9999997
0.2,0.9291667,291.1731,223.19965,0.9999997
0.2,0.93125,291.1731,223.19965,0.9999997
0.2,0.93333334,291.1731,223.19965,0.9999997
0.2,0.93541664,291.1731,223.19968,0.9999997
0.2,0.9375,291.1731,223.19968,0.9999997
0.2,0.93958336,291.1731,223.1997,0.9999997
0.2,0.94166666,291.1731,223.1997,0.9999997
0.2,0.94375,291.1731,223.1997,0.9999997
0.2,0.9458333,291.1731,223.19974,0.9999997
0.2,0.9479167,291.17316,223.19977,0.9999997
0.2,0.95,291.17316,223.19977,0.9999997
0.2,0.95208335,291.17316,223.19977,0.9999997
0.2,0.95416665,291.17316,223.19977,0.9999997
0.2,0.95625,291.17316,223.19977,0.9999997
0.2,0.9583333,291.17328,223.1998,0.9999997
0.2,0.9604167,291.17328,223.1998,0.9999997
0.2,0.9625,291.17328,223.1998,0.9999997
0.2,0.96458334,291.17328,223.19983,0.9999997
0.2,0.96666664,291.17328,223.19983,0.9999997
0.2,0.96875,291.17328,223.19983,0.9999997
0.2,0.97083336,291.17334,223.19983,0.9999997
0.2,0.97291666,291.17334,223.19983,0.9999997
0.2,0.975,291.17334,223.19983,0.9999997
0.2,0.9770833,291.17334,223.19983,0.9999997
0.2,0.9791667,291.17334,223.19983,0.9999997
0.2,0.98125,291.17334,223.19983,0.9999997
0.2,0.98333335,291.17334,223.19989,0.9999997
0.2,0.98541665,291.17334,223.19989,0.9999997
0.2,0.9875,291.17334,223.19989,0.9999997
0.2,0.9895833,291.17334,223.19989,0.9999997
0.2,0.9916667,291.17334,223.19989,0.9999997
0.2,0.99375,291.17334,223.19989,0.9999997
0.2,0.99583334,291.17334,223.19989,0.9999997
0.2,0.99791664,291.17334,223.19989,0.9999997
0.2,1.0,291.17334,223.19989,0.9999997
0.2,1.0020833,291.17334,223.19989,0.9999997
0.2,1.0041667,291.17334,223.19989,0.9999997
0.2,1.00625,291.17334,223.19989,0.9999997
0.2,1.0083333,291.17334,223.19989,0.9999997
0.2,1.0104166,291.17334,223.19989,0.9999997
0.2,1.0125,291.17334,223.19989,0.9999997
0.2,1.0145833,291.17334,223.19989,0.9999997
0.2,1.0166667,291.17334,223.19989,0.9999997
0.2,1.01875,291.17334,223.19989,0.9999997
0.2,1.0208334,291.17334,223.19989,0.9999997
0.2,1.0229167,291.17334,223.19989,0.9999997
0.2,1.025,291.17334,223.19989,0.9999997
0.2,1.0270833,291.17334,223.19989,0.9999997
0.2,1.0291667,291.17334,223.19989,0.9999997
0.2,1.03125,291.17334,223.19989,0.9999997
0.2,1.0333333,291.17334,223.19989,0.9999997
0.2,1.0354167,291.17334,223.19989,0.9999997
0.2,1.0375,291.17334,223.19989,0.9999997
0.2,1.0395833,291.17334,223.19989,0.9999997
0.2,1.0416666,291.17334,223.19989,0.9999997
0.2,1.04375,291.17334,223.19989,0.9999997
0.2,1.0458333,291.17334,223.19989,0.9999997
0.2,1.0479167,291.17334,223.19989,0.9999997
0.2,1.05,291.17334,223.19989,0.9999997
0.2,1.0520834,291.17334,223.19989,0.9999997
0.2,1.0541667,291.17334,223.19989,0.9999997
0.2,1.05625,291.17334,223.19989,0.9999997
0.2,1.0583333,291.17334,223.19989,0.9999997
0.2,1.0604167,291.17334,223.19989,0.9999997
0.2,1.0625,291.17334,223.19989,0.9999997
0.2,1.0645833,291.17334,223.19989,0.9999997
0.2,1.0666667,291.17334,223.19989,0.9999997
0.2,1.06875,291.17334,223.19989,0.9999997
0.2,1.0708333,291.17334,223.19989,0.9999997
0.2,1.0729166,291.17334,223.19989,0.9999997
0.2,1.075,291.17334,223.19989,0.9999997
0.2,1.0770833,291.17334,223.19989,0.9999997
0.2,1.0791667,291.17334,223.19989,0.9999997
0.2,1.08125,291.17334,223.19989,0.9999997
0.2,1.0833334,291.17334,223.19989,0.9999997
0.2,1.0854167,291.17334,223.19989,0.9999997
0.2,1.0875,291.17334,223.19989,0.9999997
0.2,1.0895833,291.17334,223.19989,0.9999997
0.2,1.0916667,291.17334,223.19989,0.9999997
0.2,1.09375,291.17334,223.19989,0.9999997
0.2,1.0958333,291.17334,223.19989,0.9999997
0.2,1.0979167,291.17334,223.19989,0.9999997
0.2,1.1,291.17334,223.19989,0.9999997
0.2,1.1020833,291.17334,223.19989,0.9999997
0.2,1.1041666,291.17334,223.19989,0.9999997
0.2,1.10625,291.17334,223.19989,0.9999997
0.2,1.1083333,291.17334,223.19989,0.9999997
0.2,1.1104167,291.17334,223.19989,0.9999997
0.2,1.1125,291.17334,223.19989,0.9999997
0.2,1.1145834,291.17334,223.19989,0.9999997
0.2,1.1166667,291.17334,223.19989,0.9999997
0.2,1.11875,291.17334,223.19989,0.9999997
0.2,1.1208333,291.17334,223.19989,0.9999997
0.2,1.1229167,291.17334,223.19989,0.9999997
0.2,1.125,291.17334,223.19989,0.9999997
0.2,1.1270833,291.17334,223.19989,0.9999997
0.2,1.1291667,291.17334,223.19989,0.9999997
0.2,1.13125,291.17334,223.19989,0.9999997
0.2,1.1333333,291.17334,223.19989,0.9999997
0.2,1.1354166,291.17334,223.19989,0.9999997
0.2,1.1375,291.17334,223.19989,0.9999997
0.2,1.1395833,291.17334,223.19989,0.9999997
0.2,1.1416667,291.17334,223.19989,0.9999997
0.2,1.14375,291.17334,223.19989,0.9999997
0.2,1.1458334,291.17334,223.19989,0.9999997
0.2,1.1479167,291.17334,223.19989,0.9999997
0.2,1.15,291.17334,223.19989,0.9999997
0.2,1.1520833,291.17334,223.19989,0.9999997
0.2,1.1541667,291.17334,223.19989,0.9999997
0.2,1.15625,291.17334,223.19989,0.9999997
0.2,1.1583333,291.17334,223.19989,0.9999997
0.2,1.1604167,291.17334,223.19989,0.9999997
0.2,1.1625,291.17334,223.19989,0.9999997
0.2,1.1645833,291.17334,223.19989,0.9999997
0.2,1.1666666,291.17334,223.19989,0.9999997
0.2,1.16875,291.17334,223.19989,0.9999997
0.2,1.1708333,291.17334,223.19989,0.9999997
0.2,1.1729167,291.17334,223.19989,0.9999997
0.2,1.175,291.17334,223.19989,0.9999997
0.2,1.1770834,291.17334,223.19989,0.9999997
0.2,1.1791667,291.17334,223.19989,0.9999997
0.2,1.18125,291.17334,223.19989,0.9999997
0.2,1.1833333,291.17334,223.19989,0.9999997
0.2,1.1854167,291.17334,223.19989,0.9999997
0.2,1.1875,291.17334,223.19989,0.9999997
0.2,1.1895833,291.17334,223.19989,0.9999997
0.2,1.1916667,291.17334,223.19989,0.9999997
0.2,1.19375,291.17334,223.19989,0.9999997
0.2,1.1958333,291.17334,223.19989,0.9999997
0.2,1.1979166,291.17334,223.19989,0.9999997
0.2,1.2,291.17334,223.19989,0.9999997
0.2,1.2020833,291.17334,223.19989,0.9999997
0.2,1.2041667,291.17334,223.19989,0.9999997
0.2,1.20625,291.17334,223.19989,0.9999997
0.2,1.2083334,291.17334,223.19989,0.9999997
0.2,1.2104167,291.17334,223.19989,0.9999997
0.2,1.2125,291.17334,223.19989,0.9999997
0.2,1.2145833,291.17334,223.19989,0.9999997
0.2,1.2166667,291.17334,223.19989,0.9999997
0.2,1.21875,291.17334,223.19989,0.9999997
0.2,1.2208333,291.17334,223.19989,0.9999997
0.2,1.2229167,291.17334,223.19989,0.9999997
0.2,1.225,291.17334,223.19989,0.9999997
0.2,1.2270833,291.17334,223.19989,0.9999997
0.2,1.2291666,291.17334,223.19989,0.9999997
0.2,1.23125,291.17334,223.19989,0.9999997
0.2,1.2333333,291.17334,223.19989,0.9999997
0.2,1.2354167,291.17334,223.19989,0.9999997
0.2,1.2375,291.17334,223.19989,0.9999997
0.2,1.2395834,291.17334,223.19989,0.9999997
0.2,1.2416667,291.17334,223.19989,0.9999997
0.2,1.24375,291.17334,223.19989,0.9999997
0.2,1.2458333,291.17334,223.19989,0.9999997
0.2,1.2479167,291.17334,223.19989,0.9999997
0.2,1.25,291.17334,223.19989,0.9999997
0.2,1.2520833,291.17334,223.19989,0.9999997
0.2,1.2541667,291.17334,223.19989,0.9999997
0.2,1.25625,291.17334,223.19989,0.9999997
0.2,1.2583333,291.17334,223.19989,0.9999997
0.2,1.2604166,291.17334,223.19989,0.9999997
0.2,1.2625,291.17334,223.19989,0.9999997
0.2,1.2645833,291.17334,223.19989,0.9999997
0.2,1.2666667,291.17334,223.19989,0.9999997
0.2,1.26875,291.17334,223.19989,0.9999997
0.2,1.2708334,291.17334,223.19989,0.9999997
0.2,1.2729167,291.17334,223.19989,0.9999997
0.2,1.275,291.17334,223.19989,0.9999997
0.2,1.2770833,291.17334,223.19989,0.9999997
0.2,1.2791667,291.17334,223.19989,0.9999997
0.2,1.28125,291.17334,223.19989,0.9999997
0.2,1.2833333,291.17334,223.19989,0.9999997
0.2,1.2854167,291.17334,223.19989,0.9999997
0.2,1.2875,291.17334,223.19989,0.9999997
0.2,1.2895833,291.17334,223.19989,0.9999997
0.2,1.2916666,291.17334,223.19989,0.9999997
0.2,1.29375,291.17334,223.19989,0.9999997
0.2,1.2958333,291.17334,223.19989,0.9999997
0.2,1.2979167,291.17334,223.19989,0.9999997
0.2,1.3,291.17334,223.19989,0.9999997
0.2,1.3020834,291.17334,223.19989,0.9999997
0.2,1.3041667,291.17334,223.19989,0.9999997
0.2,1.30625,291.17334,223.19989,0.9999997
0.2,1.3083333,291.17334,223.19989,0.9999997
0.2,1.3104167,291.17334,223.19989,0.9999997
0.2,1.3125,291.17334,223.19989,0.9999997
0.2,1.3145833,291.17334,223.19989,0.9999997
0.2,1.3166667,291.17334,223.19989,0.9999997
0.2,1.31875,291.17334,223.19989,0.9999997
0.2,1.3208333,291.17334,223.19989,0.9999997
0.2,1.3229166,291.17334,223.19989,0.9999997
0.2,1.325,291.17334,223.19989,0.9999997
0.2,1.3270833,291.17334,223.19989,0.9999997
0.2,1.3291667,291.17334,223.19989,0.9999997
0.2,1.33125,291.17334,223.19989,0.9999997
0.2,1.3333334,291.17334,223.19989,0.9999997
0.2,1.3354167,291.17334,223.19989,0.9999997
0.2,1.3375,291.17334,223.19989,0.9999997
0.2,1.3395833,291.17334,223.19989,0.9999997
0.2,1.3416667,291.17334,223.19989,0.9999997
0.2,1.34375,291.17334,223.19989,0.9999997
0.2,1.3458333,291.17334,223.19989,0.9999997
0.2,1.3479167,291.17334,223.19989,0.9999997
0.2,1.35,291.17334,223.19989,0.9999997
0.2,1.3520833,291.17334,223.19989,0.9999997
0.2,1.3541666,291.17334,223.19989,0.9999997
0.2,1.35625,291.17334,223.19989,0.9999997
0.2,1.3583333,291.17334,223.19989,0.9999997
0.2,1.3604167,291.17334,223.19989,0.9999997
0.2,1.3625,291.17334,223.19989,0.9999997
0.2,1.3645834,291.17334,223.19989,0.9999997
0.2,1.3666667,291.17334,223.19989,0.9999997
0.2,1.36875,291.17334,223.19989,0.9999997
0.2,1.3708333,291.17334,223.19989,0.9999997
0.2,1.3729167,291.17334,223.19989,0.9999997
0.2,1.375,291.17334,223.19989,0.9999997
0.2,1.3770833,291.17334,223.19989,0.9999997
0.2,1.3791667,291.17334,223.19989,0.9999997
0.2,1.38125,291.17334,223.19989,0.9999997
0.2,1.3833333,291.17334,223.19989,0.9999997
0.2,1.3854166,291.17334,223.19989,0.9999997
0.2,1.3875,291.17334,223.19989,0.9999997
0.2,1.3895833,291.17334,223.19989,0.9999997
0.2,1.3916667,291.17334,223.19989,0.9999997
0.2,1.39375,291.17334,223.19989,0.9999997
0.2,1.3958334,291.17334,223.19989,0.9999997
0.2,1.3979167,291.17334,223.19989,0.9999997
0.2,1.4,291.17334,223.19989,0.9999997
0.2,1.4020833,291.17334,223.19989,0.9999997
0.2,1.4041667,291.17334,223.19989,0.9999997
0.2,1.40625,291.17334,223.19989,0.9999997
0.2,1.4083333,291.17334,223.19989,0.9999997
0.2,1.4104167,291.17334,223.19989,0.9999997
0.2,1.4125,291.17334,223.19989,0.9999997
0.2,1.4145833,291.17334,223.19989,0.9999997
0.2,1.4166666,291.17334,223.19989,0.9999997
0.2,1.41875,291.17334,223.19989,0.9999997
0.2,1.4208333,291.17334,223.19989,0.9999997
0.2,1.4229167,291.17334,223.19989,0.9999997
0.2,1.425,291.17334,223.19989,0.9999997
0.2,1.4270834,291.17334,223.19989,0.9999997
0.2,1.4291667,291.17334,223.19989,0.9999997
0.2,1.43125,291.17334,223.19989,0.9999997
0.2,1.4333333,291.17334,223.19989,0.9999997
0.2,1.4354167,291.17334,223.19989,0.9999997
0.2,1.4375,291.17334,223.19989,0.9999997
0.2,1.4395833,291.17334,223.19989,0.9999997
0.2,1.4416667,291.17334,223.19989,0.9999997
0.2,1.44375,291.17334,223.19989,0.9999997
0.2,1.4458333,291.17334,223.19989,0.9999997
0.2,1.4479166,291.17334,223.19989,0.9999997
0.2,1.45,291.17334,223.19989,0.9999997
0.2,1.4520833,291.17334,223.19989,0.9999997
0.2,1.4541667,291.17334,223.19989,0.9999997
0.2,1.45625,291.17334,223.19989,0.9999997
0.2,1.4583334,291.17334,223.19989,0.9999997
0.2,1.4604167,291.17334,223.19989,0.9999997
0.2,1.4625,291.17334,223.19989,0.9999997
0.2,1.4645833,291.17334,223.19989,0.9999997
0.2,1.4666667,291.17334,223.19989,0.9999997
0.2,1.46875,291.17334,223.19989,0.9999997
0.2,1.4708333,291.17334,223.19989,0.9999997
0.2,1.4729167,291.17334,223.19989,0.9999997
0.2,1.475,291.17334,223.19989,0.9999997
0.2,1.4770833,291.17334,223.19989,0.9999997
0.2,1.4791666,291.17334,223.19989,0.9999997
0.2,1.48125,291.17334,223.19989,0.9999997
0.2,1.4833333,291.17334,223.19989,0.9999997
0.2,1.4854167,291.17334,223.19989,0.9999997
0.2,1.4875,291.17334,223.19989,0.9999997
0.2,1.4895834,291.17334,223.19989,0.9999997
0.2,1.4916667,291.17334,223.19989,0.9999997
0.2,1.49375,291.17334,223.19989,0.9999997
0.2,1.4958333,291.17334,223.19989,0.9999997
0.2,1.4979167,291.17334,223.19989,0.9999997
0.2,1.5,291.17334,223.19989,0.9999997
0.2,1.5020833,291.17334,223.19989,0.9999997
0.2,1.5041667,291.17334,223.19989,0.9999997
0.2,1.50625,291.17334,223.19989,0.9999997
0.2,1.5083333,291.17334,223.19989,0.9999997
0.2,1.5104166,291.17334,223.19989,0.9999997
0.2,1.5125,291.17334,223.19989,0.9999997
0.2,1.5145833,291.17334,223.19989,0.9999997
0.2,1.5166667,291.17334,223.19989,0.9999997
0.2,1.51875,291.17334,223.19989,0.9999997
0.2,1.5208334,291.17334,223.19989,0.9999997
0.2,1.5229167,291.17334,223.19989,0.9999997
0.2,1.525,291.17334,223.19989,0.9999997
0.2,1.5270833,291.17334,223.19989,0.9999997
0.2,1.5291667,291.17334,223.19989,0.9999997
0.2,1.53125,291.17334,223.19989,0.9999997
0.2,1.5333333,291.17334,223.19989,0.9999997
0.2,1.5354167,291.17334,223.19989,0.9999997
0.2,1.5375,291.17334,223.19989,0.9999997
0.2,1.5395833,291.17334,223.19989,0.9999997
0.2,1.5416666,291.17334,223.19989,0.9999997
0.2,1.54375,291.17334,223.19989,0.9999997
0.2,1.5458333,291.17334,223.19989,0.9999997
0.2,1.5479167,291.17334,223.19989,0.9999997
0.2,1.55,291.17334,223.19989,0.9999997
0.2,1.5520834,291.17334,223.19989,0.9999997
0.2,1.5541667,291.17334,223.19989,0.9999997
0.2,1.55625,291.17334,223.19989,0.9999997
0.2,1.5583333,291.17334,223.19989,0.9999997
0.2,1.5604167,291.17334,223.19989,0.9999997
0.2,1.5625,291.17334,223.19989,0.9999997
0.2,1.5645833,291.17334,223.19989,0.9999997
0.2,1.5666667,291.17334,223.19989,0.9999997
0.2,1.56875,291.17334,223.19989,0.9999997
0.2,1.5708333,291.17334,223.19989,0.9999997
0.2,1.5729166,291.17334,223.19989,0.9999997
0.2,1.575,291.17334,223.19989,0.9999997
0.2,1.5770833,291.17334,223.19989,0.9999997
0.2,1.5791667,291.17334,223.19989,0.9999997
0.2,1.58125,291.17334,223.19989,0.9999997
0.2,1.5833334,291.17334,223.19989,0.9999997
0.2,1.5854167,291.17334,223.19989,0.9999997
0.2,1.5875,291.17334,223.19989,0.9999997
0.2,1.5895833,291.17334,223.19989,0.9999997
0.2,1.5916667,291.17334,223.19989,0.9999997
0.2,1.59375,291.17334,223.19989,0.9999997
0.2,1.5958333,291.17334,223.19989,0.9999997
0.2,1.5979167,291.17334,223.19989,0.9999997
0.2,1.6,291.17334,223.19989,0.9999997
0.2,1.6020833,291.17334,223.19989,0.9999997
0.2,1.6041666,291.17334,223.19989,0.9999997
0.2,1.60625,291.17334,223.19989,0.9999997
0.2,1.6083333,291.17334,223.19989,0.9999997
0.2,1.6104167,291.17334,223.19989,0.9999997
0.2,1.6125,291.17334,223.19989,0.9999997
0.2,1.6145834,291.17334,223.19989,0.9999997
0.2,1.6166667,291.17334,223.19989,0.9999997
0.2,1.61875,291.17334,223.19989,0.9999997
0.2,1.6208333,291.17334,223.19989,0.9999997
0.2,1.6229167,291.17334,223.19989,0.9999997
0.2,1.625,291.17334,223.19989,0.9999997
0.2,1.6270833,291.17334,223.19989,0.9999997
0.2,1.6291667,291.17334,223.19989,0.9999997
0.2,1.63125,291.17334,223.19989,0.9999997
0.2,1.6333333,291.17334,223.19989,0.9999997
0.2,1.6354166,291.17334,223.19989,0.9999997
0.2,1.6375,291.17334,223.19989,0.9999997
0.2,1.6395833,291.17334,223.19989,0.9999997
0.2,1.6416667,291.17334,223.19989,0.9999997
0.2,1.64375,291.17334,223.19989,0.9999997
0.2,1.6458334,291.17334,223.19989,0.9999997
0.2,1.6479167,291.17334,223.19989,0.9999997
0.2,1.65,291.17334,223.19989,0.9999997
0.2,1.6520833,291.17334,223.19989,0.9999997
0.2,1.6541667,291.17334,223.19989,0.9999997
0.2,1.65625,291.17334,223.19989,0.9999997
0.2,1.6583333,291.17334,223.19989,0.9999997
0.2,1.6604167,291.17334,223.19989,0.9999997
0.2,1.6625,291.17334,223.19989,0.9999997
0.2,1.6645833,291.17334,223.19989,0.9999997
0.2,1.6666666,291.17334,223.19989,0.9999997
0.2,1.66875,291.17334,223.19989,0.9999997
0.2,1.6708333,291.17334,223.19989,0.9999997
0.2,1.6729167,291.17334,223.19989,0.9999997
0.2,1.675,291.17334,223.19989,0.9999997
0.2,1.6770834,291.17334,223.19989,0.9999997
0.2,1.6791667,291.17334,223.19989,0.9999997
0.2,1.68125,291.17334,223.19989,0.9999997
0.2,1.6833333,291.17334,223.19989,0.9999997
0.2,1.6854167,291.17334,223.19989,0.9999997
0.2,1.6875,291.17334,223.19989,0.9999997
0.2,1.6895833,291.17334,223.19989,0.9999997
0.2,1.6916667,291.17334,223.19989,0.9999997
0.2,1.69375,291.17334,223.19989,0.9999997
0.2,1.6958333,291.17334,223.19989,0.9999997
0.2,1.6979166,291.17334,223.19989,0.9999997
0.2,1.7,291.17334,223.19989,0.9999997
0.2,1.7020833,291.17334,223.19989,0.9999997
0.2,1.7041667,291.17334,223.19989,0.9999997
0.2,1.70625,291.17334,223.19989,0.9999997
0.2,1.7083334,291.17334,223.19989,0.9999997
0.2,1.7104167,291.17334,223.19989,0.9999997
0.2,1.7125,291.17334,223.19989,0.9999997
0.2,1.7145833,291.17334,223.19989,0.9999997
0.2,1.7166667,291.17334,223.19989,0.9999997
0.2,1.71875,291.17334,223.19989,0.9999997
0.2,1.7208333,291.17334,223.19989,0.9999997
0.2,1.7229167,291.17334,223.19989,0.9999997
0.2,1.725,291.17334,223.19989,0.9999997
0.2,1.7270833,291.17334,223.19989,0.9999997
0.2,1.7291666,291.17334,223.19989,0.9999997
0.2,1.73125,291.17334,223.19989,0.9999997
0.2,1.7333333,291.17334,223.19989,0.9999997
0.2,1.7354167,291.17334,223.19989,0.9999997
0.2,1.7375,291.17334,223.19989,0.9999997
0.2,1.7395834,291.17334,223.19989,0.9999997
0.2,1.7416667,291.17334,223.19989,0.9999997
0.2,1.74375,291.17334,223.19989,0.9999997
0.2,1.7458333,291.17334,223.19989,0.9999997
0.2,1.7479167,291.17334,223.19989,0.9999997
0.2,1.75,291.17334,223.19989,0.9999997
0.2,1.7520833,291.17334,223.19989,0.9999997
0.2,1.7541667,291.17334,223.19989,0.9999997
0.2,1.75625,291.17334,223.19989,0.9999997
0.2,1.7583333,291.17334,223.19989,0.9999997
0.2,1.7604166,291.17334,223.19989,0.9999997
0.2,1.7625,291.17334,223.19989,0.9999997
0.2,1.7645833,291.17334,223.19989,0.9999997
0.2,1.7666667,291.17334,223.19989,0.9999997
0.2,1.76875,291.17334,223.19989,0.9999997
0.2,1.7708334,291.17334,223.19989,0.9999997
0.2,1.7729167,291.17334,223.19989,0.9999997
0.2,1.775,291.17334,223.19989,0.9999997
0.2,1.7770833,291.17334,223.19989,0.9999997
0.2,1.7791667,291.17334,223.19989,0.9999997
0.2,1.78125,291.17334,223.19989,0.9999997
0.2,1.7833333,291.17334,223.19989,0.9999997
0.2,1.7854167,291.17334,223.19989,0.9999997
0.2,1.7875,291.17334,223.19989,0.9999997
0.2,1.7895833,291.17334,223.19989,0.9999997
0.2,1.7916666,291.17334,223.19989,0.9999997
0.2,1.79375,291.17334,223.19989,0.9999997
0.2,1.7958333,291.17334,223.19989,0.9999997
0.2,1.7979167,291.17334,223.19989,0.9999997
0.2,1.8,291.17334,223.19989,0.9999997
0.2,1.8020834,291.17334,223.19989,0.9999997
0.2,1.8041667,291.17334,223.19989,0.9999997
0.2,1.80625,291.17334,223.19989,0.9999997
0.2,1.8083333,291.17334,223.19989,0.9999997
0.2,1.8104167,291.17334,223.19989,0.9999997
0.2,1.8125,291.17334,223.19989,0.9999997
0.2,1.8145833,291.17334,223.19989,0.9999997
0.2,1.8166667,291.17334,223.19989,0.9999997
0.2,1.81875,291.17334,223.19989,0.9999997
0.2,1.8208333,291.17334,223.19989,0.9999997
0.2,1.8229166,291.17334,223.19989,0.9999997
0.2,1.825,291.17334,223.19989,0.9999997
0.2,1.8270833,291.17334,223.19989,0.9999997
0.2,1.8291667,291.17334,223.19989,0.9999997
0.2,1.83125,291.17334,223.19989,0.9999997
0.2,1.8333334,291.17334,223.19989,0.9999997
0.2,1.8354167,291.17334,223.19989,0.9999997
0.2,1.8375,291.17334,223.19989,0.9999997
0.2,1.8395833,291.17334,223.19989,0.9999997
0.2,1.8416667,291.17334,223.19989,0.9999997
0.2,1.84375,291.17334,223.19989,0.9999997
0.2,1.8458333,291.17334,223.19989,0.9999997
0.2,1.8479167,291.17334,223.19989,0.9999997
0.2,1.85,291.17334,223.19989,0.9999997
0.2,1.8520833,291.17334,223.19989,0.9999997
0.2,1.8541666,291.17334,223.19989,0.9999997
0.2,1.85625,291.17334,223.19989,0.9999997
0.2,1.8583333,291.17334,223.19989,0.9999997
0.2,1.8604167,291.17334,223.19989,0.9999997
0.2,1.8625,291.17334,223.19989,0.9999997
0.2,1.8645834,291.17334,223.19989,0.9999997
0.2,1.8666667,291.17334,223.19989,0.9999997
0.2,1.86875,291.17334,223.19989,0.9999997
0.2,1.8708333,291.17334,223.19989,0.9999997
0.2,1.8729167,291.17334,223.19989,0.9999997
0.2,1.875,291.17334,223.19989,0.9999997
0.2,1.8770833,291.17334,223.19989,0.9999997
0.2,1.8791667,291.17334,223.19989,0.9999997
0.2,1.88125,291.17334,223.19989,0.9999997
0.2,1.8833333,291.17334,223.19989,0.9999997
0.2,1.8854166,291.17334,223.19989,0.9999997
0.2,1.8875,291.17334,223.19989,0.9999997
0.2,1.8895833,291.17334,223.19989,0.9999997
0.2,1.8916667,291.17334,223.19989,0.9999997
0.2,1.89375,291.17334,223.19989,0.9999997
0.2,1.8958334,291.17334,223.19989,0.9999997
0.2,1.8979167,291.17334,223.19989,0.9999997
0.2,1.9,291.17334,223.19989,0.9999997
0.2,1.9020833,291.17334,223.19989,0.9999997
0.2,1.9041667,291.17334,223.19989,0.9999997
0.2,1.90625,291.17334,223.19989,0.9999997
0.2,1.9083333,291.17334,223.19989,0.9999997
0.2,1.9104167,291.17334,223.19989,0.9999997
0.2,1.9125,291.17334,223.19989,0.9999997
0.2,1.9145833,291.17334,223.19989,0.9999997
0.2,1.9166666,291.17334,223.19989,0.9999997
0.2,1.91875,291.17334,223.19989,0.9999997
0.2,1.9208333,291.17334,223.19989,0.9999997
0.2,1.9229167,291.17334,223.19989,0.9999997
0.2,1.925,291.17334,223.19989,0.9999997
0.2,1.9270834,291.17334,223.19989,0.9999997
0.2,1.9291667,291.17334,223.19989,0.9999997
0.2,1.93125,291.17334,223.19989,0.9999997
0.2,1.9333333,291.17334,223.19989,0.9999997
0.2,1.9354167,291.17334,223.19989,0.9999997
0.2,1.9375,291.17334,223.19989,0.9999997
0.2,1.9395833,291.17334,223.19989,0.9999997
0.2,1.9416667,291.17334,223.19989,0.9999997
0.2,1.94375,291.17334,223.19989,0.9999997
0.2,1.9458333,291.17334,223.19989,0.9999997
0.2,1.9479166,291.17334,223.19989,0.9999997
0.2,1.95,291.17334,223.19989,0.9999997
0.2,1.9520833,291.17334,223.19989,0.9999997
0.2,1.9541667,291.17334,223.19989,0.9999997
0.2,1.95625,291.17334,223.19989,0.9999997
0.2,1.9583334,291.17334,223.19989,0.9999997
0.2,1.9604167,291.17334,223.19989,0.9999997
0.2,1.9625,291.17334,223.19989,0.9999997
0.2,1.9645833,291.17334,223.19989,0.9999997
0.2,1.9666667,291.17334,223.19989,0.9999997
0.2,1.96875,291.17334,223.19989,0.9999997
0.2,1.9708333,291.17334,223.19989,0.9999997
0.2,1.9729167,291.17334,223.19989,0.9999997
0.2,1.975,291.17334,223.19989,0.9999997
0.2,1.9770833,291.17334,223.19989,0.9999997
0.2,1.9791666,291.17334,223.19989,0.9999997
0.2,1.98125,291.17334,223.19989,0.9999997
0.2,1.9833333,291.17334,223.19989,0.9999997
0.2,1.9854167,291.17334,223.19989,0.9999997
0.2,1.9875,291.17334,223.19989,0.9999997
0.2,1.9895834,291.17334,223.19989,0.9999997
0.2,1.9916667,291.17334,223.19989,0.9999997
0.2,1.99375,291.17334,223.19989,0.9999997
0.2,1.9958333,291.17334,223.19989,0.9999997
0.2,1.9979167,291.17334,223.19989,0.9999997
0.2,2.0,291.17334,223.19989,0.9999997
0.3,0.0020833334,291.17114,223.19763,0.0
0.3,0.004166667,291.17126,223.19775,2.2811118E-5
0.3,0.00625,291.17273,223.19772,1.0919089E-4
0.3,0.008333334,291.18045,223.19727,2.9321152E-4
0.3,0.010416667,291.20258,223.19574,6.031075E-4
0.3,0.0125,291.24927,223.19244,0.0010619597
0.3,0.014583333,291.33167,223.18652,0.0016883889
0.3,0.016666668,291.4609,223.17712,0.002497018
0.3,0.01875,291.64752,223.16351,0.0034991563
0.3,0.020833334,291.901,223.14493,0.0047030207
0.3,0.022916667,292.2295,223.12073,0.006114401
0.3,0.025,292.63965,223.0904,0.0077367453
0.3,0.027083334,293.13678,223.05344,0.009571769
0.3,0.029166667,293.72446,223.00958,0.011619395
0.3,0.03125,294.4049,222.95856,0.013878408
0.3,0.033333335,295.17914,222.9002,0.016346248
0.3,0.035416666,296.0468,222.8345,0.019019388
0.3,0.0375,297.0066,222.76141,0.02189378
0.3,0.039583333,298.05615,222.68109,0.024964381
0.3,0.041666668,299.19257,222.59357,0.028226024
0.3,0.04375,300.41177,222.49908,0.03167272
0.3,0.045833334,301.70963,222.39789,0.03529861
0.3,0.047916666,303.08124,222.29022,0.039097216
0.3,0.05,304.52142,222.17636,0.043062326
0.3,0.052083332,306.02472,222.05664,0.047187228
0.3,0.054166667,307.58563,221.93137,0.051465623
0.3,0.05625,309.1982,221.80093,0.05589077
0.3,0.058333334,310.85675,221.66565,0.060456477
0.3,0.060416665,312.5554,221.52591,0.065156125
0.3,0.0625,314.28848,221.38208,0.06998376
0.3,0.06458333,316.0503,221.23447,0.07493314
0.3,0.06666667,317.8352,221.08347,0.07999821
0.3,0.06875,319.63794,220.92944,0.08517348
0.3,0.07083333,321.4533,220.7727,0.09045306
0.3,0.072916664,323.2763,220.61359,0.09583186
0.3,0.075,325.102,220.45248,0.101304375
0.3,0.077083334,326.92618,220.28964,0.10686591
0.3,0.079166666,328.74426,220.1254,0.112511374
0.3,0.08125,330.55237,219.96002,0.11823647
0.3,0.083333336,332.34656,219.7938,0.12403644
0.3,0.08541667,334.12347,219.62701,0.12990743
0.3,0.0875,335.8797,219.4599,0.13584511
0.3,0.08958333,337.61237,219.29272,0.14184596
0.3,0.09166667,339.31854,219.1257,0.14790602
0.3,0.09375,340.99585,218.95905,0.15402216
0.3,0.09583333,342.64185,218.79297,0.16019093
0.3,0.09791667,344.25458,218.62762,0.166409
0.3,0.1,345.83215,218.46326,0.17267385
0.3,0.10208333,347.37305,218.29999,0.17898224
0.3,0.104166664,348.87592,218.13797,0.1853319
0.3,0.10625,350.33923,217.97736,0.19171998
0.3,0.108333334,351.76245,217.8183,0.19814447
0.3,0.110416666,353.14447,217.66089,0.20460275
0.3,0.1125,354.48468,217.50525,0.2110931
0.3,0.114583336,355.7826,217.35147,0.21761315
0.3,0.11666667,357.03802,217.19968,0.2241614
0.3,0.11875,358.25055,217.04993,0.2307357
0.3,0.12083333,359.4203,216.90228,0.23733474
0.3,0.12291667,360.54718,216.7569,0.24395664
0.3,0.125,361.63147,216.61371,0.25060025
0.3,0.12708333,362.67346,216.47284,0.25726402
0.3,0.12916666,363.67358,216.33429,0.26394644
0.3,0.13125,364.6322,216.19818,0.27064654
0.3,0.13333334,365.55002,216.06445,0.27736333
0.3,0.13541667,366.42752,215.93317,0.28409553
0.3,0.1375,367.2656,215.80438,0.2908419
0.3,0.13958333,368.06476,215.67807,0.297602
0.3,0.14166667,368.8261,215.55426,0.30437443
0.3,0.14375,369.55026,215.43292,0.3111588
0.3,0.14583333,370.23828,215.31412,0.31795394
0.3,0.14791666,370.891,215.19781,0.3247595
0.3,0.15,371.50952,215.08398,0.33157465
0.3,0.15208334,372.09473,214.97266,0.3383985
0.3,0.15416667,372.64758,214.86383,0.34523064
0.3,0.15625,373.16928,214.75745,0.35207075
0.3,0.15833333,373.66074,214.6535,0.35891807
0.3,0.16041666,374.12292,214.552,0.36577198
0.3,0.1625,374.55704,214.45285,0.37263215
0.3,0.16458334,374.96405,214.35614,0.37949836
0.3,0.16666667,375.34503,214.26172,0.38637006
0.3,0.16875,375.70093,214.16968,0.39324665
0.3,0.17083333,376.03284,214.0799,0.40012822
0.3,0.17291667,376.3418,213.99237,0.40701395
0.3,0.175,376.62878,213.9071,0.41390398
0.3,0.17708333,376.89465,213.82404,0.42079765
0.3,0.17916666,377.1406,213.7431,0.42769507
0.3,0.18125,377.3673,213.6643,0.43459582
0.3,0.18333334,377.57596,213.58759,0.4414995
0.3,0.18541667,377.7673,213.51294,0.44840604
0.3,0.1875,377.94223,213.4403,0.4553154
0.3,0.18958333,378.10156,213.36966,0.46222734
0.3,0.19166666,378.24622,213.30096,0.46914133
0.3,0.19375,378.37695,213.23413,0.4760575
0.3,0.19583334,378.4946,213.16919,0.48297584
0.3,0.19791667,378.59988,213.10608,0.48989606
0.3,0.2,378.6936,213.04477,0.49681786
0.3,0.20208333,378.77634,212.9852,0.5037412
0.3,0.20416667,378.84875,212.9273,0.51066643
0.3,0.20625,378.9117,212.87115,0.51759267
0.3,0.20833333,378.96558,212.81662,0.5245203
0.3,0.21041666,379.0111,212.76367,0.53144896
0.3,0.2125,379.04883,212.71228,0.53837925
0.3,0.21458334,379.07935,212.66241,0.54531014
0.3,0.21666667,379.10315,212.61404,0.552242
0.3,0.21875,379.12073,212.56714,0.55917484
0.3,0.22083333,379.13257,212.5216,0.56610876
0.3,0.22291666,379.13913,212.47751,0.5730432
0.3,0.225,379.14078,212.43475,0.57997835
0.3,0.22708334,379.13806,212.39331,0.58691454
0.3,0.22916667,379.13135,212.35309,0.593851
0.3,0.23125,379.12094,212.31418,0.60078794
0.3,0.23333333,379.10718,212.27646,0.60772544
0.3,0.23541667,379.09033,212.2399,0.6146638
0.3,0.2375,379.07092,212.20453,0.62160224
0.3,0.23958333,379.04907,212.17023,0.6285411
0.3,0.24166666,379.02502,212.13702,0.6354804
0.3,0.24375,378.99924,212.10492,0.6424205
0.3,0.24583334,378.9717,212.07379,0.6493604
0.3,0.24791667,378.94287,212.0437,0.6563007
0.3,0.25,378.9128,212.01453,0.6632413
0.3,0.25208333,378.88168,211.98633,0.6701826
0.3,0.25416666,378.84982,211.95905,0.6771237
0.3,0.25625,378.81717,211.93268,0.6840651
0.3,0.25833333,378.78415,211.9071,0.6910071
0.3,0.26041666,378.75073,211.88245,0.6979489
0.3,0.2625,378.71704,211.85855,0.70489085
0.3,0.26458332,378.68335,211.83545,0.711833
0.3,0.26666668,378.64954,211.81314,0.7187757
0.3,0.26875,378.61597,211.79156,0.7257181
0.3,0.27083334,378.58252,211.77069,0.7326607
0.3,0.27291667,378.54932,211.75055,0.7396038
0.3,0.275,378.5166,211.73105,0.7465467
0.3,0.27708334,378.48413,211.71222,0.7534896
0.3,0.27916667,378.45227,211.69403,0.7604327
0.3,0.28125,378.4209,211.67645,0.7673758
0.3,0.28333333,378.39014,211.65948,0.7743194
0.3,0.28541666,378.36,211.64307,0.7812627
0.3,0.2875,378.33057,211.62723,0.78820616
0.3,0.28958333,378.30176,211.61194,0.79515
0.3,0.29166666,378.27368,211.59714,0.8020935
0.3,0.29375,378.24634,211.58289,0.8090371
0.3,0.29583332,378.21973,211.56909,0.8159807
0.3,0.29791668,378.19397,211.55582,0.82292473
0.3,0.3,378.16882,211.54297,0.8298685
0.3,0.30208334,378.14453,211.53058,0.8368123
0.3,0.30416667,378.12097,211.51865,0.8437337
0.3,0.30625,378.09827,211.50708,0.8505912
0.3,0.30833334,378.0763,211.49594,0.85735106
0.3,0.31041667,378.05505,211.48523,0.86398506
0.3,0.3125,378.03467,211.47485,0.8704702
0.3,0.31458333,378.0149,211.46484,0.8767882
0.3,0.31666666,377.9961,211.4552,0.8829236
0.3,0.31875,377.97778,211.44592,0.88886553
0.3,0.32083333,377.96033,211.43695,0.89460605
0.3,0.32291666,377.94336,211.42828,0.9001388
0.3,0.325,377.92725,211.41995,0.90546054
0.3,0.32708332,377.91174,211.41193,0.9105697
0.3,0.32916668,377.89697,211.40417,0.9154665
0.3,0.33125,377.8828,211.3967,0.9201517
0.3,0.33333334,377.86914,211.3895,0.9246281
0.3,0.33541667,377.85608,211.38257,0.92889935
0.3,0.3375,377.84375,211.37585,0.9329692
0.3,0.33958334,377.8318,211.36942,0.9368428
0.3,0.34166667,377.8205,211.36322,0.9405255
0.3,0.34375,377.80432,211.3576,0.94402295
0.3,0.34583333,377.77295,211.35327,0.9473416
0.3,0.34791666,377.7173,211.35086,0.95048726
0.3,0.35,377.62903,211.35095,0.9534665
0.3,0.35208333,377.5006,211.35406,0.95628595
0.3,0.35416666,377.32574,211.36063,0.95895195
0.3,0.35625,377.0987,211.3711,0.961471
0.3,0.35833332,376.81458,211.38577,0.9638497
0.3,0.36041668,376.46936,211.40503,0.96609443
0.3,0.3625,376.05975,211.42911,0.96821123
0.3,0.36458334,375.5833,211.45825,0.97020626
0.3,0.36666667,375.03784,211.49261,0.97208565
0.3,0.36875,374.4223,211.53241,0.97385484
0.3,0.37083334,373.73602,211.57764,0.9755196
0.3,0.37291667,372.97888,211.62848,0.97708523
0.3,0.375,372.15106,211.68488,0.978557
0.3,0.37708333,371.25378,211.74689,0.97994
0.3,0.37916666,370.2882,211.81451,0.98123884
0.3,0.38125,369.2563,211.88763,0.98245823
0.3,0.38333333,368.1599,211.96625,0.98360264
0.3,0.38541666,367.0017,212.05023,0.9846762
0.3,0.3875,365.7845,212.13947,0.9856828
0.3,0.38958332,364.51135,212.2338,0.98662645
0.3,0.39166668,363.18524,212.3331,0.98751074
0.3,0.39375,361.80994,212.4372,0.9883391
0.3,0.39583334,360.3888,212.5459,0.9891149
0.3,0.39791667,358.92566,212.65897,0.9898411
0.3,0.4,357.4242,212.7763,0.99052083
0.3,0.40208334,355.88855,212.89758,0.99115676
0.3,0.40416667,354.3225,213.02264,0.9917516
0.3,0.40625,352.72998,213.15128,0.9923079
0.3,0.40833333,351.11475,213.2832,0.9928279
0.3,0.41041666,349.48083,213.41821,0.99331397
0.3,0.4125,347.8322,213.55606,0.9937681
0.3,0.41458333,346.1723,213.69653,0.9941924
0.3,0.41666666,344.50494,213.83936,0.9945887
0.3,0.41875,342.83392,213.98438,0.99495876
0.3,0.42083332,341.1623,214.13129,0.9953042
0.3,0.42291668,339.4936,214.27985,0.9956267
0.3,0.425,337.83105,214.42987,0.9959276
0.3,0.42708334,336.1778,214.58118,0.99620837
0.3,0.42916667,334.53625,214.73349,0.9964702
0.3,0.43125,332.90967,214.8866,0.9967144
0.3,0.43333334,331.3006,215.04034,0.99694216
0.3,0.43541667,329.71118,215.19452,0.9971545
0.3,0.4375,328.1438,215.34888,0.99735236
0.3,0.43958333,326.60034,215.50333,0.99753684
0.3,0.44166666,325.08313,215.65762,0.9977088
0.3,0.44375,323.5937,215.81165,0.99786896
0.3,0.44583333,322.13367,215.96518,0.99801815
0.3,0.44791666,320.7044,216.1181,0.9981571
0.3,0.45,319.30743,216.2703,0.9982865
0.3,0.45208332,317.94354,216.42157,0.998407
0.3,0.45416668,316.6139,216.57184,0.9985192
0.3,0.45625,315.31952,216.72098,0.9986236
0.3,0.45833334,314.0609,216.86884,0.9987208
0.3,0.46041667,312.8385,217.01532,0.9988113
0.3,0.4625,311.65295,217.16037,0.9988954
0.3,0.46458334,310.50476,217.30383,0.9989737
0.3,0.46666667,309.3938,217.44562,0.99904656
0.3,0.46875,308.32037,217.5857,0.9991143
0.3,0.47083333,307.2843,217.724,0.99917734
0.3,0.47291666,306.28577,217.86041,0.9992359
0.3,0.475,305.32446,217.9949,0.9992904
0.3,0.47708333,304.39996,218.12741,0.999341
0.3,0.47916666,303.5122,218.2579,0.9993881
0.3,0.48125,302.66064,218.38629,0.9994319
0.3,0.48333332,301.84473,218.51257,0.99947256
0.3,0.48541668,301.0641,218.63672,0.9995104
0.3,0.4875,300.318,218.7587,0.9995456
0.3,0.48958334,299.6059,218.87848,0.99957824
0.3,0.49166667,298.92712,218.99603,0.9996086
0.3,0.49375,298.28082,219.11133,0.99963677
0.3,0.49583334,297.66632,219.22443,0.999663
0.3,0.49791667,297.08276,219.33527,0.99968725
0.3,0.5,296.52942,219.44385,0.99970984
0.3,0.50208336,296.0055,219.55017,0.9997308
0.3,0.50416666,295.51,219.65427,0.9997503
0.3,0.50625,295.0421,219.7561,0.99976844
0.3,0.5083333,294.60095,219.85571,0.99978524
0.3,0.5104167,294.18567,219.9531,0.9998008
0.3,0.5125,293.79535,220.04828,0.9998153
0.3,0.51458335,293.42914,220.14124,0.9998287
0.3,0.51666665,293.08606,220.23206,0.99984115
0.3,0.51875,292.76526,220.32068,0.9998527
0.3,0.5208333,292.46606,220.4072,0.99986345
0.3,0.5229167,292.18713,220.49161,0.9998734
0.3,0.525,291.9281,220.57391,0.99988264
0.3,0.52708334,291.68774,220.65417,0.99989116
0.3,0.52916664,291.46545,220.73239,0.99989915
0.3,0.53125,291.26038,220.8086,0.99990654
0.3,0.53333336,291.0716,220.88287,0.9999134
0.3,0.53541666,290.89844,220.95517,0.9999197
0.3,0.5375,290.74,221.02557,0.99992555
0.3,0.5395833,290.59564,221.09412,0.99993104
0.3,0.5416667,290.46472,221.16077,0.9999361
0.3,0.54375,290.34625,221.22562,0.9999408
0.3,0.54583335,290.23975,221.2887,0.9999451
0.3,0.54791665,290.14453,221.35,0.99994916
0.3,0.55,290.05994,221.4096,0.9999529
0.3,0.5520833,289.9851,221.46756,0.99995637
0.3,0.5541667,289.91986,221.52386,0.99995965
0.3,0.55625,289.86334,221.57855,0.9999626
0.3,0.55833334,289.815,221.63162,0.99996537
0.3,0.56041664,289.77423,221.6832,0.99996793
0.3,0.5625,289.74084,221.73325,0.9999703
0.3,0.56458336,289.714,221.7818,0.99997246
0.3,0.56666666,289.69324,221.82898,0.9999745
0.3,0.56875,289.67834,221.8747,0.99997634
0.3,0.5708333,289.6687,221.91907,0.9999781
0.3,0.5729167,289.664,221.96207,0.99997973
0.3,0.575,289.66382,222.00378,0.9999812
0.3,0.57708335,289.66772,222.04422,0.9999826
0.3,0.57916665,289.6754,222.08344,0.9999839
0.3,0.58125,289.68646,222.1214,0.99998504
0.3,0.5833333,289.70068,222.1582,0.9999861
0.3,0.5854167,289.71765,222.19388,0.9999871
0.3,0.5875,289.73718,222.22842,0.9999881
0.3,0.58958334,289.75885,222.26187,0.9999889
0.3,0.59166664,289.7826,222.29425,0.99998975
0.3,0.59375,289.80823,222.32562,0.9999905
0.3,0.59583336,289.8352,222.35596,0.99999124
0.3,0.59791666,289.8637,222.38531,0.99999183
0.3,0.6,289.8933,222.41376,0.99999243
0.3,0.6020833,289.9237,222.44128,0.99999297
0.3,0.6041667,289.95508,222.4679,0.9999935
0.3,0.60625,289.987,222.49365,0.999994
0.3,0.60833335,290.01935,222.51855,0.99999446
0.3,0.61041665,290.05212,222.54263,0.9999948
0.3,0.6125,290.08514,222.56592,0.99999523
0.3,0.6145833,290.11823,222.58844,0.9999956
0.3,0.6166667,290.15125,222.61017,0.9999959
0.3,0.61875,290.18427,222.63123,0.99999624
0.3,0.62083334,290.21716,222.65155,0.99999654
0.3,0.62291664,290.24976,222.67117,0.9999968
0.3,0.625,290.28204,222.69016,0.999997
0.3,0.62708336,290.3139,222.7085,0.9999972
0.3,0.62916666,290.34528,222.7262,0.99999744
0.3,0.63125,290.3761,222.74332,0.9999976
0.3,0.6333333,290.40643,222.75983,0.9999978
0.3,0.6354167,290.43622,222.77582,0.9999979
0.3,0.6375,290.46545,222.7912,0.9999981
0.3,0.63958335,290.49396,222.80609,0.9999982
0.3,0.64166665,290.52167,222.82043,0.9999984
0.3,0.64375,290.54877,222.83432,0.9999985
0.3,0.6458333,290.5752,222.84772,0.9999986
0.3,0.6479167,290.60095,222.8606,0.9999987
0.3,0.65,290.62573,222.87305,0.99999875
0.3,0.65208334,290.65002,222.88507,0.99999887
0.3,0.65416664,290.67334,222.8967,0.9999989
0.3,0.65625,290.69617,222.9079,0.999999
0.3,0.65833336,290.71802,222.9187,0.99999905
0.3,0.66041666,290.73914,222.92908,0.99999917
0.3,0.6625,290.75958,222.93915,0.9999992
0.3,0.6645833,290.77936,222.94885,0.9999993
0.3,0.6666667,290.79834,222.95819,0.9999994
0.3,0.66875,290.81653,222.96716,0.99999946
0.3,0.67083335,290.83417,222.97589,0.9999995
0.3,0.67291665,290.85095,222.98425,0.99999964
0.3,0.675,290.86707,222.99231,0.99999964
0.3,0.6770833,290.8827,223.00009,0.99999964
0.3,0.6791667,290.89758,223.0076,0.99999964
0.3,0.68125,290.91174,223.01483,0.99999964
0.3,0.68333334,290.9254,223.02179,0.99999964
0.3,0.68541664,290.93835,223.0285,0.99999964
0.3,0.6875,290.9508,223.03497,0.99999964
0.3,0.68958336,290.9627,223.0412,0.99999964
0.3,0.69166666,290.974,223.04721,0.99999964
0.3,0.69375,290.98474,223.05301,0.99999964
0.3,0.6958333,290.995,223.05856,0.99999964
0.3,0.6979167,291.00476,223.06393,0.99999964
0.3,0.7,291.01404,223.06909,0.99999964
0.3,0.70208335,291.02283,223.0741,0.99999964
0.3,0.70416665,291.0313,223.07889,0.99999964
0.3,0.70625,291.03918,223.0835,0.99999964
0.3,0.7083333,291.04675,223.08795,0.99999964
0.3,0.7104167,291.0539,223.09222,0.99999964
0.3,0.7125,291.06067,223.09637,0.99999964
0.3,0.71458334,291.06708,223.10034,0.99999964
0.3,0.71666664,291.07312,223.10413,0.99999964
0.3,0.71875,291.07892,223.10785,0.99999964
0.3,0.72083336,291.08435,223.11136,0.99999964
0.3,0.72291666,291.08948,223.11478,0.99999964
0.3,0.725,291.0943,223.11807,0.99999964
0.3,0.7270833,291.09875,223.12122,0.99999964
0.3,0.7291667,291.10315,223.12427,0.99999964
0.3,0.73125,291.10706,223.1272,0.99999964
0.3,0.73333335,291.11096,223.13,0.99999964
0.3,0.73541665,291.11444,223.13269,0.99999964
0.3,0.7375,291.1178,223.13531,0.99999964
0.3,0.7395833,291.12097,223.13782,0.99999964
0.3,0.7416667,291.12408,223.14023,0.99999964
0.3,0.74375,291.12683,223.14255,0.99999964
0.3,0.74583334,291.12946,223.14478,0.99999964
0.3,0.74791664,291.13196,223.14694,0.99999964
0.3,0.75,291.13416,223.14899,0.99999964
0.3,0.75208336,291.13635,223.151,0.99999964
0.3,0.75416666,291.13837,223.1529,0.99999964
0.3,0.75625,291.14026,223.15472,0.99999964
0.3,0.7583333,291.14215,223.1565,0.99999964
0.3,0.7604167,291.14368,223.1582,0.99999964
0.3,0.7625,291.14532,223.15985,0.99999964
0.3,0.76458335,291.1468,223.16144,0.99999964
0.3,0.76666665,291.14807,223.16293,0.99999964
0.3,0.76875,291.14948,223.1644,0.99999964
0.3,0.7708333,291.15057,223.16577,0.99999964
0.3,0.7729167,291.15173,223.16711,0.99999964
0.3,0.775,291.1527,223.1684,0.99999964
0.3,0.77708334,291.15375,223.16968,0.99999964
0.3,0.77916664,291.15466,223.17087,0.99999964
0.3,0.78125,291.15558,223.172,0.99999964
0.3,0.78333336,291.15637,223.1731,0.99999964
0.3,0.78541666,291.1571,223.17416,0.99999964
0.3,0.7875,291.15784,223.17517,0.99999964
0.3,0.7895833,291.1585,223.17618,0.99999964
0.3,0.7916667,291.15906,223.17712,0.99999964
0.3,0.79375,291.15973,223.17804,0.99999964
0.3,0.79583335,291.16028,223.1789,0.99999964
0.3,0.79791665,291.16077,223.17975,0.99999964
0.3,0.8,291.16125,223.18054,0.99999964
0.3,0.8020833,291.16174,223.1813,0.99999964
0.3,0.8041667,291.16217,223.18207,0.99999964
0.3,0.80625,291.16248,223.18274,0.99999964
0.3,0.80833334,291.16296,223.18347,0.99999964
0.3,0.81041664,291.1632,223.18411,0.99999964
0.3,0.8125,291.16364,223.18472,0.99999964
0.3,0.81458336,291.16394,223.18536,0.99999964
0.3,0.81666666,291.16418,223.18591,0.99999964
0.3,0.81875,291.1645,223.1865,0.99999964
0.3,0.8208333,291.16486,223.18701,0.99999964
0.3,0.8229167,291.1651,223.18756,0.99999964
0.3,0.825,291.1654,223.18805,0.99999964
0.3,0.82708335,291.1656,223.18854,0.99999964
0.3,0.82916665,291.16583,223.18896,0.99999964
0.3,0.83125,291.16608,223.18942,0.99999964
0.3,0.8333333,291.1662,223.18985,0.99999964
0.3,0.8354167,291.16638,223.19025,0.99999964
0.3,0.8375,291.16663,223.19064,0.99999964
0.3,0.83958334,291.16687,223.19104,0.99999964
0.3,0.84166664,291.16705,223.19138,0.99999964
0.3,0.84375,291.16718,223.19171,0.99999964
0.3,0.84583336,291.16736,223.19205,0.99999964
0.3,0.84791666,291.1676,223.19238,0.99999964
0.3,0.85,291.16766,223.19269,0.99999964
0.3,0.8520833,291.16785,223.193,0.99999964
0.3,0.8541667,291.16803,223.19324,0.99999964
0.3,0.85625,291.1681,223.19351,0.99999964
0.3,0.85833335,291.16833,223.19379,0.99999964
0.3,0.86041665,291.16852,223.19403,0.99999964
0.3,0.8625,291.16858,223.19427,0.99999964
0.3,0.8645833,291.16876,223.19452,0.99999964
0.3,0.8666667,291.16882,223.19473,0.99999964
0.3,0.86875,291.169,223.19495,0.99999964
0.3,0.87083334,291.16907,223.19513,0.99999964
0.3,0.87291664,291.16925,223.19531,0.99999964
0.3,0.875,291.1693,223.19553,0.99999964
0.3,0.87708336,291.1695,223.19568,0.99999964
0.3,0.87916666,291.16956,223.19586,0.99999964
0.3,0.88125,291.16974,223.19604,0.99999964
0.3,0.8833333,291.1698,223.1962,0.99999964
0.3,0.8854167,291.16998,223.19635,0.99999964
0.3,0.8875,291.17004,223.19653,0.99999964
0.3,0.88958335,291.1701,223.19666,0.99999964
0.3,0.89166665,291.1703,223.19678,0.99999964
0.3,0.89375,291.1703,223.1969,0.99999964
0.3,0.8958333,291.17047,223.19702,0.99999964
0.3,0.8979167,291.17053,223.19714,0.99999964
0.3,0.9,291.1706,223.19727,0.99999964
0.3,0.90208334,291.17078,223.19739,0.99999964
0.3,0.90416664,291.17078,223.19751,0.99999964
0.3,0.90625,291.17096,223.19757,0.99999964
0.3,0.90833336,291.17102,223.1977,0.99999964
0.3,0.91041666,291.17102,223.19778,0.99999964
0.3,0.9125,291.17108,223.19788,0.99999964
0.3,0.9145833,291.17126,223.19794,0.99999964
0.3,0.9166667,291.17126,223.19803,0.99999964
0.3,0.91875,291.17133,223.19812,0.99999964
0.3,0.92083335,291.17145,223.19818,0.99999964
0.3,0.92291665,291.1715,223.19827,0.99999964
0.3,0.925,291.1715,223.1983,0.99999964
0.3,0.9270833,291.1717,223.19843,0.99999964
0.3,0.9291667,291.17175,223.19846,0.99999964
0.3,0.93125,291.17175,223.19852,0.99999964
0.3,0.93333334,291.1718,223.19861,0.99999964
0.3,0.93541664,291.17194,223.19867,0.99999964
0.3,0.9375,291.172,223.1987,0.99999964
0.3,0.93958336,291.172,223.19873,0.99999964
0.3,0.94166666,291.172,223.19879,0.99999964
0.3,0.94375,291.17206,223.19885,0.99999964
0.3,0.9458333,291.17224,223.19891,0.99999964
0.3,0.9479167,291.17224,223.19894,0.99999964
0.3,0.95,291.17224,223.19897,0.99999964
0.3,0.95208335,291.17224,223.19904,0.99999964
0.3,0.95416665,291.17242,223.19907,0.99999964
0.3,0.95625,291.17242,223.1991,0.99999964
0.3,0.9583333,291.1725,223.19916,0.99999964
0.3,0.9604167,291.1725,223.19916,0.99999964
0.3,0.9625,291.1725,223.19922,0.99999964
0.3,0.96458334,291.17255,223.19922,0.99999964
0.3,0.96666664,291.17255,223.19928,0.99999964
0.3,0.96875,291.17273,223.19928,0.99999964
0.3,0.97083336,291.17273,223.19934,0.99999964
0.3,0.97291666,291.17273,223.19934,0.99999964
0.3,0.975,291.17273,223.1994,0.99999964
0.3,0.9770833,291.17273,223.1994,0.99999964
0.3,0.9791667,291.1728,223.19943,0.99999964
0.3,0.98125,291.1729,223.19946,0.99999964
0.3,0.98333335,291.1729,223.19946,0.99999964
0.3,0.98541665,291.17297,223.19946,0.99999964
0.3,0.9875,291.17297,223.19952,0.99999964
0.3,0.9895833,291.17297,223.19952,0.99999964
0.3,0.9916667,291.17297,223.19952,0.99999964
0.3,0.99375,291.17297,223.19958,0.99999964
0.3,0.99583334,291.17297,223.19958,0.99999964
0.3,0.99791664,291.17297,223.19958,0.99999964
0.3,1.0,291.17297,223.19962,0.99999964
0.3,1.0020833,291.17303,223.19965,0.99999964
0.3,1.0041667,291.17303,223.19965,0.99999964
0.3,1.00625,291.17303,223.19965,0.99999964
0.3,1.0083333,291.17316,223.19968,0.99999964
0.3,1.0104166,291.17316,223.19968,0.99999964
0.3,1.0125,291.17316,223.1997,0.99999964
0.3,1.0145833,291.17322,223.1997,0.99999964
0.3,1.0166667,291.17322,223.1997,0.99999964
0.3,1.01875,291.17322,223.19974,0.99999964
0.3,1.0208334,291.17322,223.19977,0.99999964
0.3,1.0229167,291.17322,223.19977,0.99999964
0.3,1.025,291.17322,223.19977,0.99999964
0.3,1.0270833,291.17322,223.19977,0.99999964
0.3,1.0291667,291.17322,223.19977,0.99999964
0.3,1.03125,291.17322,223.1998,0.99999964
0.3,1.0333333,291.17322,223.1998,0.99999964
0.3,1.0354167,291.17322,223.1998,0.99999964
0.3,1.0375,291.17322,223.19983,0.99999964
0.3,1.0395833,291.17322,223.19983,0.99999964
0.3,1.0416666,291.17322,223.19983,0.99999964
0.3,1.04375,291.17322,223.19983,0.99999964
0.3,1.0458333,291.17322,223.19983,0.99999964
0.3,1.0479167,291.17322,223.19983,0.99999964
0.3,1.05,291.17322,223.19983,0.99999964
0.3,1.0520834,291.17322,223.19983,0.99999964
0.3,1.0541667,291.17322,223.19983,0.99999964
0.3,1.05625,291.17328,223.19989,0.99999964
0.3,1.0583333,291.17328,223.19989,0.99999964
0.3,1.0604167,291.17328,223.19989,0.99999964
0.3,1.0625,291.17328,223.19989,0.99999964
0.3,1.0645833,291.17328,223.19989,0.99999964
0.3,1.0666667,291.17328,223.19989,0.99999964
0.3,1.06875,291.1734,223.19989,0.99999964
0.3,1.0708333,291.1734,223.19989,0.99999964
0.3,1.0729166,291.1734,223.19989,0.99999964
0.3,1.075,291.1734,223.19989,0.99999964
0.3,1.0770833,291.1734,223.19989,0.99999964
0.3,1.0791667,291.1734,223.19989,0.99999964
0.3,1.08125,291.1734,223.19989,0.99999964
0.3,1.0833334,291.1734,223.19989,0.99999964
0.3,1.0854167,291.1734,223.19989,0.99999964
0.3,1.0875,291.1734,223.19989,0.99999964
0.3,1.0895833,291.1734,223.19989,0.99999964
0.3,1.0916667,291.1734,223.19989,0.99999964
0.3,1.09375,291.1734,223.19989,0.99999964
0.3,1.0958333,291.1734,223.19989,0.99999964
0.3,1.0979167,291.1734,223.19989,0.99999964
0.3,1.1,291.1734,223.19989,0.99999964
0.3,1.1020833,291.1734,223.19989,0.99999964
0.3,1.1041666,291.1734,223.19989,0.99999964
0.3,1.10625,291.1734,223.19989,0.99999964
0.3,1.1083333,291.1734,223.19989,0.99999964
0.3,1.1104167,291.1734,223.19989,0.99999964
0.3,1.1125,291.1734,223.19989,0.99999964
0.3,1.1145834,291.1734,223.19989,0.99999964
0.3,1.1166667,291.1734,223.19989,0.99999964
0.3,1.11875,291.1734,223.19989,0.99999964
0.3,1.1208333,291.1734,223.19989,0.99999964
0.3,1.1229167,291.1734,223.19989,0.99999964
0.3,1.125,291.1734,223.19989,0.99999964
0.3,1.1270833,291.1734,223.19989,0.99999964
0.3,1.1291667,291.1734,223.19989,0.99999964
0.3,1.13125,291.1734,223.19989,0.99999964
0.3,1.1333333,291.1734,223.19989,0.99999964
0.3,1.1354166,291.1734,223.19989,0.99999964
0.3,1.1375,291.1734,223.19989,0.99999964
0.3,1.1395833,291.1734,223.19989,0.99999964
0.3,1.1416667,291.1734,223.19989,0.99999964
0.3,1.14375,291.1734,223.19989,0.99999964
0.3,1.1458334,291.1734,223.19989,0.99999964
0.3,1.1479167,291.1734,223.19989,0.99999964
0.3,1.15,291.1734,223.19989,0.99999964
0.3,1.1520833,291.1734,223.19989,0.99999964
0.3,1.1541667,291.1734,223.19989,0.99999964
0.3,1.15625,291.1734,223.19989,0.99999964
0.3,1.1583333,291.1734,223.19989,0.99999964
0.3,1.1604167,291.1734,223.19989,0.99999964
0.3,1.1625,291.1734,223.19989,0.99999964
0.3,1.1645833,291.1734,223.19989,0.99999964
0.3,1.1666666,291.1734,223.19989,0.99999964
0.3,1.16875,291.1734,223.19989,0.99999964
0.3,1.1708333,291.1734,223.19989,0.99999964
0.3,1.1729167,291.1734,223.19989,0.99999964
0.3,1.175,291.1734,223.19989,0.99999964
0.3,1.1770834,291.1734,223.19989,0.99999964
0.3,1.1791667,291.1734,223.19989,0.99999964
0.3,1.18125,291.1734,223.19989,0.99999964
0.3,1.1833333,291.1734,223.19989,0.99999964
0.3,1.1854167,291.1734,223.19989,0.99999964
0.3,1.1875,291.1734,223.19989,0.99999964
0.3,1.1895833,291.1734,223.19989,0.99999964
0.3,1.1916667,291.1734,223.19989,0.99999964
0.3,1.19375,291.1734,223.19989,0.99999964
0.3,1.1958333,291.1734,223.19989,0.99999964
0.3,1.1979166,291.1734,223.19989,0.99999964
0.3,1.2,291.1734,223.19989,0.99999964
0.3,1.2020833,291.1734,223.19989,0.99999964
0.3,1.2041667,291.1734,223.19989,0.99999964
0.3,1.20625,291.1734,223.19989,0.99999964
0.3,1.2083334,291.1734,223.19989,0.99999964
0.3,1.2104167,291.1734,223.19989,0.99999964
0.3,1.2125,291.1734,223.19989,0.99999964
0.3,1.2145833,291.1734,223.19989,0.99999964
0.3,1.2166667,291.1734,223.19989,0.99999964
0.3,1.21875,291.1734,223.19989,0.99999964
0.3,1.2208333,291.1734,223.19989,0.99999964
0.3,1.2229167,291.1734,223.19989,0.99999964
0.3,1.225,291.1734,223.19989,0.99999964
0.3,1.2270833,291.1734,223.19989,0.99999964
0.3,1.2291666,291.1734,223.19989,0.99999964
0.3,1.23125,291.1734,223.19989,0.99999964
0.3,1.2333333,291.1734,223.19989,0.99999964
0.3,1.2354167,291.1734,223.19989,0.99999964
0.3,1.2375,291.1734,223.19989,0.99999964
0.3,1.2395834,291.1734,223.19989,0.99999964
0.3,1.2416667,291.1734,223.19989,0.99999964
0.3,1.24375,291.1734,223.19989,0.99999964
0.3,1.2458333,291.1734,223.19989,0.99999964
0.3,1.2479167,291.1734,223.19989,0.99999964
0.3,1.25,291.1734,223.19989,0.99999964
0.3,1.2520833,291.1734,223.19989,0.99999964
0.3,1.2541667,291.1734,223.19989,0.99999964
0.3,1.25625,291.1734,223.19989,0.99999964
0.3,1.2583333,291.1734,223.19989,0.99999964
0.3,1.2604166,291.1734,223.19989,0.99999964
0.3,1.2625,291.1734,223.19989,0.99999964
0.3,1.2645833,291.1734,223.19989,0.99999964
0.3,1.2666667,291.1734,223.19989,0.99999964
0.3,1.26875,291.1734,223.19989,0.99999964
0.3,1.2708334,291.1734,223.19989,0.99999964
0.3,1.2729167,291.1734,223.19989,0.99999964
0.3,1.275,291.1734,223.19989,0.99999964
0.3,1.2770833,291.1734,223.19989,0.99999964
0.3,1.2791667,291.1734,223.19989,0.99999964
0.3,1.28125,291.1734,223.19989,0.99999964
0.3,1.2833333,291.1734,223.19989,0.99999964
0.3,1.2854167,291.1734,223.19989,0.99999964
0.3,1.2875,291.1734,223.19989,0.99999964
0.3,1.2895833,291.1734,223.19989,0.99999964
0.3,1.2916666,291.1734,223.19989,0.99999964
0.3,1.29375,291.1734,223.19989,0.99999964
0.3,1.2958333,291.1734,223.19989,0.99999964
0.3,1.2979167,291.1734,223.19989,0.99999964
0.3,1.3,291.1734,223.19989,0.99999964
0.3,1.3020834,291.1734,223.19989,0.99999964
0.3,1.3041667,291.1734,223.19989,0.99999964
0.3,1.30625,291.1734,223.19989,0.99999964
0.3,1.3083333,291.1734,223.19989,0.99999964
0.3,1.3104167,291.1734,223.19989,0.99999964
0.3,1.3125,291.1734,223.19989,0.99999964
0.3,1.3145833,291.1734,223.19989,0.99999964
0.3,1.3166667,291.1734,223.19989,0.99999964
0.3,1.31875,291.1734,223.19989,0.99999964
0.3,1.3208333,291.1734,223.19989,0.99999964
0.3,1.3229166,291.1734,223.19989,0.99999964
0.3,1.325,291.1734,223.19989,0.99999964
0.3,1.3270833,291.1734,223.19989,0.99999964
0.3,1.3291667,291.1734,223.19989,0.99999964
0.3,1.33125,291.1734,223.19989,0.99999964
0.3,1.3333334,291.1734,223.19989,0.99999964
0.3,1.3354167,291.1734,223.19989,0.99999964
0.3,1.3375,291.1734,223.19989,0.99999964
0.3,1.3395833,291.1734,223.19989,0.99999964
0.3,1.3416667,291.1734,223.19989,0.99999964
0.3,1.34375,291.1734,223.19989,0.99999964
0.3,1.3458333,291.1734,223.19989,0.99999964
0.3,1.3479167,291.1734,223.19989,0.99999964
0.3,1.35,291.1734,223.19989,0.99999964
0.3,1.3520833,291.1734,223.19989,0.99999964
0.3,1.3541666,291.1734,223.19989,0.99999964
0.3,1.35625,291.1734,223.19989,0.99999964
0.3,1.3583333,291.1734,223.19989,0.99999964
0.3,1.3604167,291.1734,223.19989,0.99999964
0.3,1.3625,291.1734,223.19989,0.99999964
0.3,1.3645834,291.1734,223.19989,0.99999964
0.3,1.3666667,291.1734,223.19989,0.99999964
0.3,1.36875,291.1734,223.19989,0.99999964
0.3,1.3708333,291.1734,223.19989,0.99999964
0.3,1.3729167,291.1734,223.19989,0.99999964
0.3,1.375,291.1734,223.19989,0.99999964
0.3,1.3770833,291.1734,223.19989,0.99999964
0.3,1.3791667,291.1734,223.19989,0.99999964
0.3,1.38125,291.1734,223.19989,0.99999964
0.3,1.3833333,291.1734,223.19989,0.99999964
0.3,1.3854166,291.1734,223.19989,0.99999964
0.3,1.3875,291.1734,223.19989,0.99999964
0.3,1.3895833,291.1734,223.19989,0.99999964
0.3,1.3916667,291.1734,223.19989,0.99999964
0.3,1.39375,291.1734,223.19989,0.99999964
0.3,1.3958334,291.1734,223.19989,0.99999964
0.3,1.3979167,291.1734,223.19989,0.99999964
0.3,1.4,291.1734,223.19989,0.99999964
0.3,1.4020833,291.1734,223.19989,0.99999964
0.3,1.4041667,291.1734,223.19989,0.99999964
0.3,1.40625,291.1734,223.19989,0.99999964
0.3,1.4083333,291.1734,223.19989,0.99999964
0.3,1.4104167,291.1734,223.19989,0.99999964
0.3,1.4125,291.1734,223.19989,0.99999964
0.3,1.4145833,291.1734,223.19989,0.99999964
0.3,1.4166666,291.1734,223.19989,0.99999964
0.3,1.41875,291.1734,223.19989,0.99999964
0.3,1.4208333,291.1734,223.19989,0.99999964
0.3,1.4229167,291.1734,223.19989,0.99999964
0.3,1.425,291.1734,223.19989,0.99999964
0.3,1.4270834,291.1734,223.19989,0.99999964
0.3,1.4291667,291.1734,223.19989,0.99999964
0.3,1.43125,291.1734,223.19989,0.99999964
0.3,1.4333333,291.1734,223.19989,0.99999964
0.3,1.4354167,291.1734,223.19989,0.99999964
0.3,1.4375,291.1734,223.19989,0.99999964
0.3,1.4395833,291.1734,223.19989,0.99999964
0.3,1.4416667,291.1734,223.19989,0.99999964
0.3,1.44375,291.1734,223.19989,0.99999964
0.3,1.4458333,291.1734,223.19989,0.99999964
0.3,1.4479166,291.1734,223.19989,0.99999964
0.3,1.45,291.1734,223.19989,0.99999964
0.3,1.4520833,291.1734,223.19989,0.99999964
0.3,1.4541667,291.1734,223.19989,0.99999964
0.3,1.45625,291.1734,223.19989,0.99999964
0.3,1.4583334,291.1734,223.19989,0.99999964
0.3,1.4604167,291.1734,223.19989,0.99999964
0.3,1.4625,291.1734,223.19989,0.99999964
0.3,1.4645833,291.1734,223.19989,0.99999964
0.3,1.4666667,291.1734,223.19989,0.99999964
0.3,1.46875,291.1734,223.19989,0.99999964
0.3,1.4708333,291.1734,223.19989,0.99999964
0.3,1.4729167,291.1734,223.19989,0.99999964
0.3,1.475,291.1734,223.19989,0.99999964
0.3,1.4770833,291.1734,223.19989,0.99999964
0.3,1.4791666,291.1734,223.19989,0.99999964
0.3,1.48125,291.1734,223.19989,0.99999964
0.3,1.4833333,291.1734,223.19989,0.99999964
0.3,1.4854167,291.1734,223.19989,0.99999964
0.3,1.4875,291.1734,223.19989,0.99999964
0.3,1.4895834,291.1734,223.19989,0.99999964
0.3,1.4916667,291.1734,223.19989,0.99999964
0.3,1.49375,291.1734,223.19989,0.99999964
0.3,1.4958333,291.1734,223.19989,0.99999964
0.3,1.4979167,291.1734,223.19989,0.99999964
0.3,1.5,291.1734,223.19989,0.99999964
0.3,1.5020833,291.1734,223.19989,0.99999964
0.3,1.5041667,291.1734,223.19989,0.99999964
0.3,1.50625,291.1734,223.19989,0.99999964
0.3,1.5083333,291.1734,223.19989,0.99999964
0.3,1.5104166,291.1734,223.19989,0.99999964
0.3,1.5125,291.1734,223.19989,0.99999964
0.3,1.5145833,291.1734,223.19989,0.99999964
0.3,1.5166667,291.1734,223.19989,0.99999964
0.3,1.51875,291.1734,223.19989,0.99999964
0.3,1.5208334,291.1734,223.19989,0.99999964
0.3,1.5229167,291.1734,223.19989,0.99999964
0.3,1.525,291.1734,223.19989,0.99999964
0.3,1.5270833,291.1734,223.19989,0.99999964
0.3,1.5291667,291.1734,223.19989,0.99999964
0.3,1.53125,291.1734,223.19989,0.99999964
0.3,1.5333333,291.1734,223.19989,0.99999964
0.3,1.5354167,291.1734,223.19989,0.99999964
0.3,1.5375,291.1734,223.19989,0.99999964
0.3,1.5395833,291.1734,223.19989,0.99999964
0.3,1.5416666,291.1734,223.19989,0.99999964
0.3,1.54375,291.1734,223.19989,0.99999964
0.3,1.5458333,291.1734,223.19989,0.99999964
0.3,1.5479167,291.1734,223.19989,0.99999964
0.3,1.55,291.1734,223.19989,0.99999964
0.3,1.5520834,291.1734,223.19989,0.99999964
0.3,1.5541667,291.1734,223.19989,0.99999964
0.3,1.55625,291.1734,223.19989,0.99999964
0.3,1.5583333,291.1734,223.19989,0.99999964
0.3,1.5604167,291.1734,223.19989,0.99999964
0.3,1.5625,291.1734,223.19989,0.99999964
0.3,1.5645833,291.1734,223.19989,0.99999964
0.3,1.5666667,291.1734,223.19989,0.99999964
0.3,1.56875,291.1734,223.19989,0.99999964
0.3,1.5708333,291.1734,223.19989,0.99999964
0.3,1.5729166,291.1734,223.19989,0.99999964
0.3,1.575,291.1734,223.19989,0.99999964
0.3,1.5770833,291.1734,223.19989,0.99999964
0.3,1.5791667,291.1734,223.19989,0.99999964
0.3,1.58125,291.1734,223.19989,0.99999964
0.3,1.5833334,291.1734,223.19989,0.99999964
0.3,1.5854167,291.1734,223.19989,0.99999964
0.3,1.5875,291.1734,223.19989,0.99999964
0.3,1.5895833,291.1734,223.19989,0.99999964
0.3,1.5916667,291.1734,223.19989,0.99999964
0.3,1.59375,291.1734,223.19989,0.99999964
0.3,1.5958333,291.1734,223.19989,0.99999964
0.3,1.5979167,291.1734,223.19989,0.99999964
0.3,1.6,291.1734,223.19989,0.99999964
0.3,1.6020833,291.1734,223.19989,0.99999964
0.3,1.6041666,291.1734,223.19989,0.99999964
0.3,1.60625,291.1734,223.19989,0.99999964
0.3,1.6083333,291.1734,223.19989,0.99999964
0.3,1.6104167,291.1734,223.19989,0.99999964
0.3,1.6125,291.1734,223.19989,0.99999964
0.3,1.6145834,291.1734,223.19989,0.99999964
0.3,1.6166667,291.1734,223.19989,0.99999964
0.3,1.61875,291.1734,223.19989,0.99999964
0.3,1.6208333,291.1734,223.19989,0.99999964
0.3,1.6229167,291.1734,223.19989,0.99999964
0.3,1.625,291.1734,223.19989,0.99999964
0.3,1.6270833,291.1734,223.19989,0.99999964
0.3,1.6291667,291.1734,223.19989,0.99999964
0.3,1.63125,291.1734,223.19989,0.99999964
0.3,1.6333333,291.1734,223.19989,0.99999964
0.3,1.6354166,291.1734,223.19989,0.99999964
0.3,1.6375,291.1734,223.19989,0.99999964
0.3,1.6395833,291.1734,223.19989,0.99999964
0.3,1.6416667,291.1734,223.19989,0.99999964
0.3,1.64375,291.1734,223.19989,0.99999964
0.3,1.6458334,291.1734,223.19989,0.99999964
0.3,1.6479167,291.1734,223.19989,0.99999964
0.3,1.65,291.1734,223.19989,0.99999964
0.3,1.6520833,291.1734,223.19989,0.99999964
0.3,1.6541667,291.1734,223.19989,0.99999964
0.3,1.65625,291.1734,223.19989,0.99999964
0.3,1.6583333,291.1734,223.19989,0.99999964
0.3,1.6604167,291.1734,223.19989,0.99999964
0.3,1.6625,291.1734,223.19989,0.99999964
0.3,1.6645833,291.1734,223.19989,0.99999964
0.3,1.6666666,291.1734,223.19989,0.99999964
0.3,1.66875,291.1734,223.19989,0.99999964
0.3,1.6708333,291.1734,223.19989,0.99999964
0.3,1.6729167,291.1734,223.19989,0.99999964
0.3,1.675,291.1734,223.19989,0.99999964
0.3,1.6770834,291.1734,223.19989,0.99999964
0.3,1.6791667,291.1734,223.19989,0.99999964
0.3,1.68125,291.1734,223.19989,0.99999964
0.3,1.6833333,291.1734,223.19989,0.99999964
0.3,1.6854167,291.1734,223.19989,0.99999964
0.3,1.6875,291.1734,223.19989,0.99999964
0.3,1.6895833,291.1734,223.19989,0.99999964
0.3,1.6916667,291.1734,223.19989,0.99999964
0.3,1.69375,291.1734,223.19989,0.99999964
0.3,1.6958333,291.1734,223.19989,0.99999964
0.3,1.6979166,291.1734,223.19989,0.99999964
0.3,1.7,291.1734,223.19989,0.99999964
0.3,1.7020833,291.1734,223.19989,0.99999964
0.3,1.7041667,291.1734,223.19989,0.99999964
0.3,1.70625,291.1734,223.19989,0.99999964
0.3,1.7083334,291.1734,223.19989,0.99999964
0.3,1.7104167,291.1734,223.19989,0.99999964
0.3,1.7125,291.1734,223.19989,0.99999964
0.3,1.7145833,291.1734,223.19989,0.99999964
0.3,1.7166667,291.1734,223.19989,0.99999964
0.3,1.71875,291.1734,223.19989,0.99999964
0.3,1.7208333,291.1734,223.19989,0.99999964
0.3,1.7229167,291.1734,223.19989,0.99999964
0.3,1.725,291.1734,223.19989,0.99999964
0.3,1.7270833,291.1734,223.19989,0.99999964
0.3,1.7291666,291.1734,223.19989,0.99999964
0.3,1.73125,291.1734,223.19989,0.99999964
0.3,1.7333333,291.1734,223.19989,0.99999964
0.3,1.7354167,291.1734,223.19989,0.99999964
0.3,1.7375,291.1734,223.19989,0.99999964
0.3,1.7395834,291.1734,223.19989,0.99999964
0.3,1.7416667,291.1734,223.19989,0.99999964
0.3,1.74375,291.1734,223.19989,0.99999964
0.3,1.7458333,291.1734,223.19989,0.99999964
0.3,1.7479167,291.1734,223.19989,0.99999964
0.3,1.75,291.1734,223.19989,0.99999964
0.3,1.7520833,291.1734,223.19989,0.99999964
0.3,1.7541667,291.1734,223.19989,0.99999964
0.3,1.75625,291.1734,223.19989,0.99999964
0.3,1.7583333,291.1734,223.19989,0.99999964
0.3,1.7604166,291.1734,223.19989,0.99999964
0.3,1.7625,291.1734,223.19989,0.99999964
0.3,1.7645833,291.1734,223.19989,0.99999964
0.3,1.7666667,291.1734,223.19989,0.99999964
0.3,1.76875,291.1734,223.19989,0.99999964
0.3,1.7708334,291.1734,223.19989,0.99999964
0.3,1.7729167,291.1734,223.19989,0.99999964
0.3,1.775,291.1734,223.19989,0.99999964
0.3,1.7770833,291.1734,223.19989,0.99999964
0.3,1.7791667,291.1734,223.19989,0.99999964
0.3,1.78125,291.1734,223.19989,0.99999964
0.3,1.7833333,291.1734,223.19989,0.99999964
0.3,1.7854167,291.1734,223.19989,0.99999964
0.3,1.7875,291.1734,223.19989,0.99999964
0.3,1.7895833,291.1734,223.19989,0.99999964
0.3,1.7916666,291.1734,223.19989,0.99999964
0.3,1.79375,291.1734,223.19989,0.99999964
0.3,1.7958333,291.1734,223.19989,0.99999964
0.3,1.7979167,291.1734,223.19989,0.99999964
0.3,1.8,291.1734,223.19989,0.99999964
0.3,1.8020834,291.1734,223.19989,0.99999964
0.3,1.8041667,291.1734,223.19989,0.99999964
0.3,1.80625,291.1734,223.19989,0.99999964
0.3,1.8083333,291.1734,223.19989,0.99999964
0.3,1.8104167,291.1734,223.19989,0.99999964
0.3,1.8125,291.1734,223.19989,0.99999964
0.3,1.8145833,291.1734,223.19989,0.99999964
0.3,1.8166667,291.1734,223.19989,0.99999964
0.3,1.81875,291.1734,223.19989,0.99999964
0.3,1.8208333,291.1734,223.19989,0.99999964
0.3,1.8229166,291.1734,223.19989,0.99999964
0.3,1.825,291.1734,223.19989,0.99999964
0.3,1.8270833,291.1734,223.19989,0.99999964
0.3,1.8291667,291.1734,223.19989,0.99999964
0.3,1.83125,291.1734,223.19989,0.99999964
0.3,1.8333334,291.1734,223.19989,0.99999964
0.3,1.8354167,291.1734,223.19989,0.99999964
0.3,1.8375,291.1734,223.19989,0.99999964
0.3,1.8395833,291.1734,223.19989,0.99999964
0.3,1.8416667,291.1734,223.19989,0.99999964
0.3,1.84375,291.1734,223.19989,0.99999964
0.3,1.8458333,291.1734,223.19989,0.99999964
0.3,1.8479167,291.1734,223.19989,0.99999964
0.3,1.85,291.1734,223.19989,0.99999964
0.3,1.8520833,291.1734,223.19989,0.99999964
0.3,1.8541666,291.1734,223.19989,0.99999964
0.3,1.85625,291.1734,223.19989,0.99999964
0.3,1.8583333,291.1734,223.19989,0.99999964
0.3,1.8604167,291.1734,223.19989,0.99999964
0.3,1.8625,291.1734,223.19989,0.99999964
0.3,1.8645834,291.1734,223.19989,0.99999964
0.3,1.8666667,291.1734,223.19989,0.99999964
0.3,1.86875,291.1734,223.19989,0.99999964
0.3,1.8708333,291.1734,223.19989,0.99999964
0.3,1.8729167,291.1734,223.19989,0.99999964
0.3,1.875,291.1734,223.19989,0.99999964
0.3,1.8770833,291.1734,223.19989,0.99999964
0.3,1.8791667,291.1734,223.19989,0.99999964
0.3,1.88125,291.1734,223.19989,0.99999964
0.3,1.8833333,291.1734,223.19989,0.99999964
0.3,1.8854166,291.1734,223.19989,0.99999964
0.3,1.8875,291.1734,223.19989,0.99999964
0.3,1.8895833,291.1734,223.19989,0.99999964
0.3,1.8916667,291.1734,223.19989,0.99999964
0.3,1.89375,291.1734,223.19989,0.99999964
0.3,1.8958334,291.1734,223.19989,0.99999964
0.3,1.8979167,291.1734,223.19989,0.99999964
0.3,1.9,291.1734,223.19989,0.99999964
0.3,1.9020833,291.1734,223.19989,0.99999964
0.3,1.9041667,291.1734,223.19989,0.99999964
0.3,1.90625,291.1734,223.19989,0.99999964
0.3,1.9083333,291.1734,223.19989,0.99999964
0.3,1.9104167,291.1734,223.19989,0.99999964
0.3,1.9125,291.1734,223.19989,0.99999964
0.3,1.9145833,291.1734,223.19989,0.99999964
0.3,1.9166666,291.1734,223.19989,0.99999964
0.3,1.91875,291.1734,223.19989,0.99999964
0.3,1.9208333,291.1734,223.19989,0.99999964
0.3,1.9229167,291.1734,223.19989,0.99999964
0.3,1.925,291.1734,223.19989,0.99999964
0.3,1.9270834,291.1734,223.19989,0.99999964
0.3,1.9291667,291.1734,223.19989,0.99999964
0.3,1.93125,291.1734,223.19989,0.99999964
0.3,1.9333333,291.1734,223.19989,0.99999964
0.3,1.9354167,291.1734,223.19989,0.99999964
0.3,1.9375,291.1734,223.19989,0.99999964
0.3,1.9395833,291.1734,223.19989,0.99999964
0.3,1.9416667,291.1734,223.19989,0.99999964
0.3,1.94375,291.1734,223.19989,0.99999964
0.3,1.9458333,291.1734,223.19989,0.99999964
0.3,1.9479166,291.1734,223.19989,0.99999964
0.3,1.95,291.1734,223.19989,0.99999964
0.3,1.9520833,291.1734,223.19989,0.99999964
0.3,1.9541667,291.1734,223.19989,0.99999964
0.3,1.95625,291.1734,223.19989,0.99999964
0.3,1.9583334,291.1734,223.19989,0.99999964
0.3,1.9604167,291.1734,223.19989,0.99999964
0.3,1.9625,291.1734,223.19989,0.99999964
0.3,1.9645833,291.1734,223.19989,0.99999964
0.3,1.9666667,291.1734,223.19989,0.99999964
0.3,1.96875,291.1734,223.19989,0.99999964
0.3,1.9708333,291.1734,223.19989,0.99999964
0.3,1.9729167,291.1734,223.19989,0.99999964
0.3,1.975,291.1734,223.19989,0.99999964
0.3,1.9770833,291.1734,223.19989,0.99999964
0.3,1.9791666,291.1734,223.19989,0.99999964
0.3,1.98125,291.1734,223.19989,0.99999964
0.3,1.9833333,291.1734,223.19989,0.99999964
0.3,1.9854167,291.1734,223.19989,0.99999964
0.3,1.9875,291.1734,223.19989,0.99999964
0.3,1.9895834,291.1734,223.19989,0.99999964
0.3,1.9916667,291.1734,223.19989,0.99999964
0.3,1.99375,291.1734,223.19989,0.99999964
0.3,1.9958333,291.1734,223.19989,0.99999964
0.3,1.9979167,291.1734,223.19989,0.99999964
0.3,2.0,291.1734,223.19989,0.99999964
0.5,0.0020833334,291.17114,223.19763,0.0
0.5,0.004166667,291.17123,223.19775,1.3688598E-5
0.5,0.00625,291.1718,223.19781,6.5514534E-5
0.5,0.008333334,291.17465,223.1977,1.7592883E-4
0.5,0.010416667,291.1828,223.1972,3.6186643E-4
0.5,0.0125,291.20007,223.19604,6.3717965E-4
0.5,0.014583333,291.23077,223.19385,0.0010130333
0.5,0.016666668,291.27954,223.19037,0.0014982127
0.5,0.01875,291.3507,223.18524,0.00209949
0.5,0.020833334,291.4486,223.1781,0.002821797
0.5,0.022916667,291.57715,223.16864,0.0036686214
0.5,0.025,291.7398,223.15668,0.004642024
0.5,0.027083334,291.9397,223.14188,0.005743046
0.5,0.029166667,292.1791,223.12408,0.006971629
0.5,0.03125,292.46002,223.10306,0.008327022
0.5,0.033333335,292.78397,223.07874,0.009807722
0.5,0.035416666,293.15167,223.05096,0.011411609
0.5,0.0375,293.56366,223.01965,0.013136238
0.5,0.039583333,294.01984,222.98486,0.014978602
0.5,0.041666668,294.51978,222.9465,0.01693558
0.5,0.04375,295.06262,222.9046,0.019003589
0.5,0.045833334,295.64722,222.85919,0.021179123
0.5,0.047916666,296.272,222.81036,0.023458289
0.5,0.05,296.9354,222.75815,0.025837349
0.5,0.052083332,297.63538,222.7027,0.028312298
0.5,0.054166667,298.3698,222.6441,0.03087934
0.5,0.05625,299.1364,222.58252,0.033534426
0.5,0.058333334,299.93274,222.518,0.03627384
0.5,0.060416665,300.75647,222.45078,0.039093632
0.5,0.0625,301.60486,222.38095,0.04199022
0.5,0.06458333,302.47537,222.30869,0.044959847
0.5,0.06666667,303.36545,222.23416,0.04799889
0.5,0.06875,304.27246,222.15753,0.051104035
0.5,0.07083333,305.19385,222.07892,0.054271776
0.5,0.072916664,306.12708,221.99854,0.057499047
0.5,0.075,307.06958,221.9165,0.060782578
0.5,0.077083334,308.01904,221.83301,0.06411951
0.5,0.079166666,308.97308,221.74823,0.06750677
0.5,0.08125,309.92944,221.66226,0.07094183
0.5,0.083333336,310.886,221.57532,0.074421816
0.5,0.08541667,311.84058,221.48749,0.07794442
0.5,0.0875,312.79132,221.39896,0.08150702
0.5,0.08958333,313.7363,221.30988,0.085107535
0.5,0.09166667,314.67377,221.2203,0.088743575
0.5,0.09375,315.60214,221.13043,0.092413254
0.5,0.09583333,316.51987,221.0404,0.096114516
0.5,0.09791667,317.42548,220.95029,0.099845365
0.5,0.1,318.3177,220.8602,0.10360425
0.5,0.10208333,319.1953,220.77026,0.10738928
0.5,0.104166664,320.0572,220.68057,0.11119908
0.5,0.10625,320.90247,220.59125,0.11503193
0.5,0.108333334,321.7301,220.50235,0.11888662
0.5,0.110416666,322.53943,220.41397,0.122761585
0.5,0.1125,323.32965,220.32617,0.12665577
0.5,0.114583336,324.10028,220.23907,0.1305678
0.5,0.11666667,324.8507,220.15271,0.13449675
0.5,0.11875,325.58054,220.06717,0.13844132
0.5,0.12083333,326.2895,219.98251,0.14240076
0.5,0.12291667,326.97717,219.89874,0.1463739
0.5,0.125,327.6435,219.81598,0.15036009
0.5,0.12708333,328.28827,219.73425,0.15435837
0.5,0.12916666,328.91144,219.65356,0.15836786
0.5,0.13125,329.51303,219.57397,0.16238791
0.5,0.13333334,330.09308,219.49551,0.16641799
0.5,0.13541667,330.65173,219.41827,0.17045732
0.5,0.1375,331.1891,219.34216,0.17450514
0.5,0.13958333,331.70538,219.26733,0.17856117
0.5,0.14166667,332.20087,219.19373,0.18262462
0.5,0.14375,332.67578,219.12137,0.18669525
0.5,0.14583333,333.1305,219.0503,0.19077231
0.5,0.14791666,333.5653,218.98053,0.19485566
0.5,0.15,333.98065,218.91205,0.19894475
0.5,0.15208334,334.37683,218.84485,0.20303908
0.5,0.15416667,334.7544,218.77899,0.20713837
0.5,0.15625,335.11365,218.71442,0.21124244
0.5,0.15833333,335.4552,218.65118,0.21535084
0.5,0.16041666,335.77942,218.58923,0.21946315
0.5,0.1625,336.0868,218.5286,0.22357926
0.5,0.16458334,336.3778,218.46927,0.22769901
0.5,0.16666667,336.65308,218.41125,0.231822
0.5,0.16875,336.91296,218.35449,0.23594797
0.5,0.17083333,337.15802,218.29907,0.2400769
0.5,0.17291667,337.3888,218.24487,0.24420832
0.5,0.175,337.60583,218.19196,0.24834234
0.5,0.17708333,337.80945,218.14029,0.25247854
0.5,0.17916666,338.00043,218.08984,0.25661704
0.5,0.18125,338.17902,218.04065,0.26075748
0.5,0.18333334,338.3459,217.99261,0.26489967
0.5,0.18541667,338.50146,217.9458,0.2690436
0.5,0.1875,338.6463,217.90015,0.27318925
0.5,0.18958333,338.78073,217.85565,0.27733636
0.5,0.19166666,338.90527,217.81232,0.28148475
0.5,0.19375,339.0205,217.77008,0.28563443
0.5,0.19583334,339.1267,217.72894,0.28978544
0.5,0.19791667,339.2244,217.6889,0.2939376
0.5,0.2,339.31403,217.6499,0.29809067
0.5,0.20208333,339.39603,217.612,0.30224466
0.5,0.20416667,339.47073,217.57507,0.30639982
0.5,0.20625,339.53848,217.53918,0.31055558
0.5,0.20833333,339.59985,217.50427,0.31471214
0.5,0.21041666,339.65503,217.47034,0.31886938
0.5,0.2125,339.70447,217.43735,0.32302755
0.5,0.21458334,339.7484,217.40527,0.3271861
0.5,0.21666667,339.78726,217.37415,0.33134526
0.5,0.21875,339.8213,217.34387,0.33550495
0.5,0.22083333,339.85095,217.31445,0.33966535
0.5,0.22291666,339.87634,217.28595,0.343826
0.5,0.225,339.89786,217.25821,0.34798706
0.5,0.22708334,339.91565,217.23132,0.35214874
0.5,0.22916667,339.9301,217.2052,0.35631058
0.5,0.23125,339.94147,217.17987,0.36047274
0.5,0.23333333,339.9499,217.15527,0.36463523
0.5,0.23541667,339.95563,217.13144,0.36879826
0.5,0.2375,339.95886,217.10834,0.37296134
0.5,0.23958333,339.95993,217.08588,0.37712467
0.5,0.24166666,339.95883,217.06415,0.38128823
0.5,0.24375,339.9558,217.04309,0.38545227
0.5,0.24583334,339.9511,217.02264,0.38961625
0.5,0.24791667,339.9449,217.00287,0.39378044
0.5,0.25,339.93716,216.98367,0.39794484
0.5,0.25208333,339.92828,216.96509,0.4021096
0.5,0.25416666,339.9182,216.94708,0.4062743
0.5,0.25625,339.9071,216.92969,0.41043907
0.5,0.25833333,339.89514,216.91278,0.41460428
0.5,0.26041666,339.88248,216.89648,0.41876933
0.5,0.2625,339.86902,216.88062,0.42293447
0.5,0.26458332,339.8551,216.8653,0.42709973
0.5,0.26666668,339.84064,216.85046,0.43126535
0.5,0.26875,339.8258,216.83612,0.43543082
0.5,0.27083334,339.81064,216.82227,0.43959638
0.5,0.27291667,339.79517,216.80884,0.44376227
0.5,0.275,339.7796,216.79584,0.44792795
0.5,0.27708334,339.76392,216.78326,0.45209372
0.5,0.27916667,339.7481,216.77112,0.45625958
0.5,0.28125,339.73236,216.75937,0.46042544
0.5,0.28333333,339.7166,216.74802,0.46459162
0.5,0.28541666,339.70093,216.73703,0.46875763
0.5,0.2875,339.68542,216.72641,0.47292367
0.5,0.28958333,339.67004,216.71613,0.47709
0.5,0.29166666,339.65488,216.70624,0.48125613
0.5,0.29375,339.63983,216.69662,0.48542228
0.5,0.29583332,339.62512,216.68738,0.4895884
0.5,0.29791668,339.6106,216.6784,0.49375483
0.5,0.3,339.59644,216.66977,0.4979211
0.5,0.30208334,339.58252,216.6614,0.50208735
0.5,0.30416667,339.56897,216.65335,0.5062539
0.5,0.30625,339.55566,216.64554,0.5104202
0.5,0.30833334,339.54272,216.638,0.51458657
0.5,0.31041667,339.53015,216.63074,0.5187529
0.5,0.3125,339.51794,216.62372,0.5229193
0.5,0.31458333,339.506,216.61694,0.52708596
0.5,0.31666666,339.4945,216.61041,0.5312524
0.5,0.31875,339.4834,216.6041,0.5354188
0.5,0.32083333,339.47253,216.59799,0.5395855
0.5,0.32291666,339.46216,216.59213,0.5437519
0.5,0.325,339.45203,216.58646,0.5479183
0.5,0.32708332,339.4423,216.58096,0.5520848
0.5,0.32916668,339.43295,216.57568,0.5562515
0.5,0.33125,339.42383,216.57056,0.560418
0.5,0.33333334,339.41516,216.56567,0.5645845
0.5,0.33541667,339.40686,216.56091,0.5687513
0.5,0.3375,339.3988,216.55634,0.57291776
0.5,0.33958334,339.3911,216.55194,0.57708424
0.5,0.34166667,339.38376,216.54767,0.5812507
0.5,0.34375,339.37662,216.54358,0.5854172
0.5,0.34583333,339.36987,216.53961,0.58958405
0.5,0.34791666,339.3634,216.5358,0.5937506
0.5,0.35,339.35718,216.5321,0.5979172
0.5,0.35208333,339.35132,216.52856,0.602084
0.5,0.35416666,339.3456,216.52515,0.6062506
0.5,0.35625,339.3402,216.52185,0.6104171
0.5,0.35833332,339.33508,216.51868,0.61458373
0.5,0.36041668,339.3302,216.5156,0.6187505
0.5,0.3625,339.32556,216.51263,0.6229171
0.5,0.36458334,339.32108,216.5098,0.62708366
0.5,0.36666667,339.3169,216.50708,0.6312505
0.5,0.36875,339.31287,216.5044,0.63541704
0.5,0.37083334,339.30908,216.50186,0.63958365
0.5,0.37291667,339.3055,216.49939,0.6437502
0.5,0.375,339.3021,216.49707,0.6479168
0.5,0.37708333,339.29883,216.49478,0.6520836
0.5,0.37916666,339.29578,216.49255,0.6562502
0.5,0.38125,339.29285,216.49048,0.6604167
0.5,0.38333333,339.29013,216.48846,0.6645835
0.5,0.38541666,339.28748,216.48648,0.6687501
0.5,0.3875,339.28503,216.48462,0.6729167
0.5,0.38958332,339.2827,216.48279,0.67708325
0.5,0.39166668,339.28052,216.48102,0.68125004
0.5,0.39375,339.27844,216.47934,0.68541664
0.5,0.39583334,339.2765,216.47772,0.6895832
0.5,0.39791667,339.27466,216.47617,0.69375
0.5,0.4,339.27286,216.47467,0.69791657
0.5,0.40208334,339.27124,216.4732,0.7020832
0.5,0.40416667,339.26965,216.4718,0.7062497
0.5,0.40625,339.2682,216.47049,0.7104163
0.5,0.40833333,339.26685,216.46918,0.7145831
0.5,0.41041666,339.26562,216.46796,0.7187497
0.5,0.4125,339.2644,216.46674,0.72291625
0.5,0.41458333,339.26318,216.46558,0.72708315
0.5,0.41666666,339.2622,216.46448,0.73124975
0.5,0.41875,339.26123,216.46344,0.7354163
0.5,0.42083332,339.26025,216.4624,0.7395829
0.5,0.42291668,339.25928,216.46143,0.74374974
0.5,0.425,339.25842,216.46045,0.74791634
0.5,0.42708334,339.2577,216.45953,0.7520829
0.5,0.42916667,339.25696,216.45868,0.7562498
0.5,0.43125,339.25623,216.45782,0.7604163
0.5,0.43333334,339.2556,216.457,0.76458293
0.5,0.43541667,339.255,216.45624,0.76874954
0.5,0.4375,339.2544,216.45547,0.7729161
0.5,0.43958333,339.2539,216.45477,0.777083
0.5,0.44166666,339.2533,216.45404,0.7812495
0.5,0.44375,339.2528,216.4534,0.7854161
0.5,0.44583333,339.25232,216.45273,0.78958297
0.5,0.44791666,339.25195,216.45212,0.79374963
0.5,0.45,339.2516,216.45154,0.7979163
0.5,0.45208332,339.2511,216.45096,0.80208296
0.5,0.45416668,339.25085,216.45038,0.80624986
0.5,0.45625,339.2505,216.44989,0.81041646
0.5,0.45833334,339.25012,216.44937,0.81458306
0.5,0.46041667,339.24988,216.44885,0.81874996
0.5,0.4625,339.2495,216.44843,0.8229165
0.5,0.46458334,339.24927,216.44797,0.8270831
0.5,0.46666667,339.24902,216.44751,0.83124965
0.5,0.46875,339.24878,216.44708,0.83541626
0.5,0.47083333,339.24854,216.44669,0.8395831
0.5,0.47291666,339.2483,216.44629,0.8437497
0.5,0.475,339.24805,216.44592,0.84791625
0.5,0.47708333,339.24792,216.44559,0.85208315
0.5,0.47916666,339.24768,216.44525,0.85624975
0.5,0.48125,339.24756,216.44492,0.8604163
0.5,0.48333332,339.2473,216.44458,0.8645829
0.5,0.48541668,339.2472,216.44427,0.86874974
0.5,0.4875,339.24707,216.444,0.87291634
0.5,0.48958334,339.24683,216.44373,0.8770829
0.5,0.49166667,339.2467,216.44345,0.8812498
0.5,0.49375,339.24658,216.44318,0.8854163
0.5,0.49583334,339.24646,216.44293,0.88958293
0.5,0.49791667,339.24634,216.44269,0.89374954
0.5,0.5,339.24622,216.44244,0.8979161
0.5,0.50208336,339.2461,216.44226,0.902083
0.5,0.50416666,339.24597,216.44202,0.9062359
0.5,0.50625,339.24585,216.44183,0.9103509
0.5,0.5083333,339.24573,216.44165,0.91440713
0.5,0.5104167,339.2456,216.44144,0.91838783
0.5,0.5125,339.24554,216.44128,0.9222791
0.5,0.51458335,339.24536,216.4411,0.9260699
0.5,0.51666665,339.24524,216.44092,0.9297514
0.5,0.51875,339.24518,216.44077,0.93331695
0.5,0.5208333,339.24512,216.44061,0.93676126
0.5,0.5229167,339.245,216.44046,0.9400813
0.5,0.525,339.24493,216.4403,0.94327444
0.5,0.52708334,339.24487,216.44019,0.9463401
0.5,0.52916664,339.2448,216.44006,0.9492781
0.5,0.53125,339.24475,216.43991,0.9520893
0.5,0.53333336,339.24463,216.43979,0.9547754
0.5,0.53541666,339.24457,216.4397,0.9573381
0.5,0.5375,339.24445,216.43958,0.9597803
0.5,0.5395833,339.2444,216.43945,0.96210456
0.5,0.5416667,339.24426,216.43933,0.9643142
0.5,0.54375,339.23962,216.43958,0.96641284
0.5,0.54583335,339.22192,216.4407,0.968404
0.5,0.54791665,339.18384,216.4433,0.97029144
0.5,0.55,339.1189,216.44778,0.9720792
0.5,0.5520833,339.02185,216.45459,0.97377086
0.5,0.5541667,338.8883,216.46399,0.9753705
0.5,0.55625,338.71454,216.47632,0.9768821
0.5,0.55833334,338.49774,216.49176,0.97830933
0.5,0.56041664,338.23596,216.51053,0.9796561
0.5,0.5625,337.9275,216.53278,0.9809262
0.5,0.56458336,337.57153,216.5586,0.9821233
0.5,0.56666666,337.16772,216.58801,0.9832509
0.5,0.56875,336.71643,216.6211,0.9843125
0.5,0.5708333,336.2182,216.65787,0.9853113
0.5,0.5729167,335.6739,216.6983,0.98625076
0.5,0.575,335.08508,216.74231,0.98713386
0.5,0.57708335,334.45312,216.78986,0.9879636
0.5,0.57916665,333.7802,216.84088,0.98874295
0.5,0.58125,333.06836,216.89523,0.98947465
0.5,0.5833333,332.31976,216.95282,0.9901613
0.5,0.5854167,331.53693,217.01355,0.9908055
0.5,0.5875,330.72247,217.07727,0.99140954
0.5,0.58958334,329.87897,217.14386,0.9919757
0.5,0.59166664,329.00922,217.2131,0.9925063
0.5,0.59375,328.11597,217.28491,0.9930033
0.5,0.59583336,327.2019,217.35907,0.99346876
0.5,0.59791666,326.26978,217.43546,0.9939045
0.5,0.6,325.32227,217.51392,0.99431235
0.5,0.6020833,324.36212,217.59427,0.9946939
0.5,0.6041667,323.3919,217.67636,0.9950507
0.5,0.60625,322.41443,217.76001,0.9953845
0.5,0.60833335,321.43182,217.84506,0.99569654
0.5,0.61041665,320.4466,217.9314,0.9959882
0.5,0.6125,319.46118,218.0188,0.99626064
0.5,0.6145833,318.4776,218.10718,0.9965152
0.5,0.6166667,317.49792,218.19635,0.99675304
0.5,0.61875,316.52423,218.2862,0.99697506
0.5,0.62083334,315.5584,218.37656,0.99718237
0.5,0.62291664,314.60217,218.46732,0.99737585
0.5,0.625,313.65723,218.55835,0.99755645
0.5,0.62708336,312.7248,218.64948,0.9977249
0.5,0.62916666,311.80652,218.74066,0.997882
0.5,0.63125,310.90363,218.83179,0.99802864
0.5,0.6333333,310.01733,218.92267,0.99816525
0.5,0.6354167,309.14856,219.01324,0.9982926
0.5,0.6375,308.29834,219.10349,0.9984114
0.5,0.63958335,307.46753,219.1932,0.99852204
0.5,0.64166665,306.65698,219.28241,0.99862516
0.5,0.64375,305.86707,219.37091,0.99872124
0.5,0.6458333,305.09845,219.45871,0.9988108
0.5,0.6479167,304.35144,219.54572,0.9988942
0.5,0.65,303.62683,219.63187,0.9989719
0.5,0.65208334,302.92444,219.7171,0.9990442
0.5,0.65416664,302.24487,219.80136,0.9991115
0.5,0.65625,301.58783,219.88461,0.9991741
0.5,0.65833336,300.9536,219.9668,0.9992324
0.5,0.66041666,300.3423,220.04785,0.9992867
0.5,0.6625,299.75354,220.12775,0.9993372
0.5,0.6645833,299.18762,220.20648,0.99938416
0.5,0.6666667,298.64398,220.284,0.99942786
0.5,0.66875,298.12256,220.36026,0.99946856
0.5,0.67083335,297.6231,220.43527,0.9995064
0.5,0.67291665,297.14514,220.50897,0.9995415
0.5,0.675,296.6886,220.58142,0.99957424
0.5,0.6770833,296.2528,220.6525,0.9996046
0.5,0.6791667,295.83765,220.72229,0.99963284
0.5,0.68125,295.44232,220.79071,0.9996591
0.5,0.68333334,295.06683,220.85779,0.99968356
0.5,0.68541664,294.7102,220.9235,0.9997062
0.5,0.6875,294.3723,220.98788,0.99972737
0.5,0.68958336,294.0525,221.0509,0.9997469
0.5,0.69166666,293.75024,221.11261,0.9997651
0.5,0.69375,293.46497,221.17291,0.99978197
0.5,0.6958333,293.19617,221.23193,0.9997977
0.5,0.6979167,292.94336,221.28961,0.99981225
0.5,0.7,292.706,221.34595,0.99982584
0.5,0.70208335,292.48328,221.40097,0.9998384
0.5,0.70416665,292.27502,221.45471,0.9998501
0.5,0.70625,292.08032,221.50714,0.999861
0.5,0.7083333,291.899,221.55829,0.9998711
0.5,0.7104167,291.73004,221.60818,0.9998804
0.5,0.7125,291.57336,221.65683,0.9998891
0.5,0.71458334,291.42822,221.70425,0.9998972
0.5,0.71666664,291.29425,221.75049,0.9999047
0.5,0.71875,291.17078,221.79547,0.9999116
0.5,0.72083336,291.05725,221.83932,0.9999181
0.5,0.72291666,290.95325,221.88202,0.99992406
0.5,0.725,290.85846,221.92355,0.99992967
0.5,0.7270833,290.77222,221.96399,0.9999348
0.5,0.7291667,290.6941,222.0033,0.99993956
0.5,0.73125,290.62366,222.04156,0.999944
0.5,0.73333335,290.56055,222.07874,0.9999481
0.5,0.73541665,290.50427,222.11487,0.99995184
0.5,0.7375,290.45447,222.15,0.99995536
0.5,0.7395833,290.41077,222.18414,0.99995863
0.5,0.7416667,290.3728,222.21729,0.9999616
0.5,0.74375,290.3402,222.24951,0.9999645
0.5,0.74583334,290.31244,222.28076,0.9999671
0.5,0.74791664,290.2895,222.3111,0.9999695
0.5,0.75,290.2708,222.34055,0.9999717
0.5,0.75208336,290.2561,222.36914,0.9999738
0.5,0.75416666,290.24524,222.39685,0.99997574
0.5,0.75625,290.2378,222.42377,0.99997747
0.5,0.7583333,290.23352,222.44983,0.99997914
0.5,0.7604167,290.2323,222.47513,0.9999806
0.5,0.7625,290.23358,222.49963,0.99998206
0.5,0.76458335,290.23755,222.5234,0.9999834
0.5,0.76666665,290.2436,222.54645,0.99998456
0.5,0.76875,290.25165,222.56873,0.99998575
0.5,0.7708333,290.26166,222.59036,0.9999868
0.5,0.7729167,290.27344,222.6113,0.99998784
0.5,0.775,290.28644,222.63159,0.99998873
0.5,0.77708334,290.3009,222.65118,0.99998957
0.5,0.77916664,290.31653,222.6702,0.99999034
0.5,0.78125,290.33325,222.6886,0.99999106
0.5,0.78333336,290.35077,222.70642,0.9999918
0.5,0.78541666,290.36908,222.72363,0.9999924
0.5,0.7875,290.38812,222.74033,0.9999929
0.5,0.7895833,290.4076,222.75647,0.99999344
0.5,0.7916667,290.42755,222.77203,0.9999939
0.5,0.79375,290.4478,222.78714,0.9999944
0.5,0.79583335,290.46826,222.80176,0.99999475
0.5,0.79791665,290.48895,222.81586,0.9999952
0.5,0.8,290.50977,222.82947,0.9999955
0.5,0.8020833,290.53052,222.84268,0.9999958
0.5,0.8041667,290.55127,222.85541,0.9999961
0.5,0.80625,290.57202,222.86774,0.9999965
0.5,0.80833334,290.59247,222.87964,0.99999666
0.5,0.81041664,290.6128,222.89114,0.9999969
0.5,0.8125,290.63293,222.90225,0.99999714
0.5,0.81458336,290.65277,222.913,0.9999974
0.5,0.81666666,290.67224,222.92337,0.9999976
0.5,0.81875,290.69147,222.93335,0.9999978
0.5,0.8208333,290.71027,222.94305,0.9999979
0.5,0.8229167,290.72864,222.95236,0.9999981
0.5,0.825,290.7467,222.9614,0.9999982
0.5,0.82708335,290.76428,222.9701,0.9999984
0.5,0.82916665,290.78137,222.97849,0.9999985
0.5,0.83125,290.7981,222.98657,0.9999986
0.5,0.8333333,290.81433,222.99442,0.9999987
0.5,0.8354167,290.83008,223.00195,0.99999875
0.5,0.8375,290.84534,223.00925,0.99999887
0.5,0.83958334,290.86017,223.01627,0.9999989
0.5,0.84166664,290.87457,223.02307,0.999999
0.5,0.84375,290.88843,223.0296,0.99999905
0.5,0.84583336,290.90173,223.03589,0.99999917
0.5,0.84791666,290.9148,223.04199,0.9999992
0.5,0.85,290.92712,223.04785,0.9999993
0.5,0.8520833,290.9392,223.05353,0.9999994
0.5,0.8541667,290.9508,223.05896,0.99999946
0.5,0.85625,290.96185,223.06421,0.9999995
0.5,0.85833335,290.97253,223.0693,0.99999964
0.5,0.86041665,290.98273,223.07419,0.99999964
0.5,0.8625,290.99255,223.07892,0.99999964
0.5,0.8645833,291.00183,223.08344,0.99999964
0.5,0.8666667,291.01086,223.08783,0.99999964
0.5,0.86875,291.0194,223.09204,0.99999964
0.5,0.87083334,291.0277,223.09613,0.99999964
0.5,0.87291664,291.03552,223.10004,0.99999964
0.5,0.875,291.04303,223.10382,0.99999964
0.5,0.87708336,291.05017,223.10742,0.99999964
0.5,0.87916666,291.05682,223.11096,0.99999964
0.5,0.88125,291.06335,223.11432,0.99999964
0.5,0.8833333,291.06946,223.11758,0.99999964
0.5,0.8854167,291.07532,223.12073,0.99999964
0.5,0.8875,291.08093,223.12372,0.99999964
0.5,0.88958335,291.08612,223.12665,0.99999964
0.5,0.89166665,291.0912,223.12946,0.99999964
0.5,0.89375,291.09583,223.13214,0.99999964
0.5,0.8958333,291.10028,223.13474,0.99999964
0.5,0.8979167,291.1046,223.1372,0.99999964
0.5,0.9,291.10852,223.13965,0.99999964
0.5,0.90208334,291.11243,223.14197,0.99999964
0.5,0.90416664,291.1159,223.14417,0.99999964
0.5,0.90625,291.11926,223.1463,0.99999964
0.5,0.90833336,291.1225,223.14838,0.99999964
0.5,0.91041666,291.12555,223.15039,0.99999964
0.5,0.9125,291.1283,223.15228,0.99999964
0.5,0.9145833,291.13098,223.15414,0.99999964
0.5,0.9166667,291.13348,223.15588,0.99999964
0.5,0.91875,291.13586,223.15762,0.99999964
0.5,0.92083335,291.13806,223.15924,0.99999964
0.5,0.92291665,291.1402,223.16083,0.99999964
0.5,0.925,291.14215,223.16235,0.99999964
0.5,0.9270833,291.14392,223.16382,0.99999964
0.5,0.9291667,291.14563,223.16522,0.99999964
0.5,0.93125,291.14734,223.16656,0.99999964
0.5,0.93333334,291.1488,223.16788,0.99999964
0.5,0.93541664,291.1502,223.16913,0.99999964
0.5,0.9375,291.1515,223.17032,0.99999964
0.5,0.93958336,291.1527,223.17148,0.99999964
0.5,0.94166666,291.15393,223.17258,0.99999964
0.5,0.94375,291.15497,223.17365,0.99999964
0.5,0.9458333,291.15594,223.17468,0.99999964
0.5,0.9479167,291.15692,223.17566,0.99999964
0.5,0.95,291.15784,223.17664,0.99999964
0.5,0.95208335,291.15863,223.17755,0.99999964
0.5,0.95416665,291.1595,223.17844,0.99999964
0.5,0.95625,291.1601,223.17926,0.99999964
0.5,0.9583333,291.16077,223.18005,0.99999964
0.5,0.9604167,291.1615,223.18085,0.99999964
0.5,0.9625,291.162,223.18164,0.99999964
0.5,0.96458334,291.16254,223.18234,0.99999964
0.5,0.96666664,291.16315,223.18304,0.99999964
0.5,0.96875,291.1635,223.18372,0.99999964
0.5,0.97083336,291.16394,223.18436,0.99999964
0.5,0.97291666,291.16443,223.185,0.99999964
0.5,0.975,291.16473,223.18555,0.99999964
0.5,0.9770833,291.16516,223.18616,0.99999964
0.5,0.9791667,291.16547,223.18668,0.99999964
0.5,0.98125,291.1659,223.18723,0.99999964
0.5,0.98333335,291.16614,223.18774,0.99999964
0.5,0.98541665,291.16638,223.1882,0.99999964
0.5,0.9875,291.16663,223.18866,0.99999964
0.5,0.9895833,291.16687,223.18912,0.99999964
0.5,0.9916667,291.1671,223.18958,0.99999964
0.5,0.99375,291.16736,223.18994,0.99999964
0.5,0.99583334,291.1676,223.19037,0.99999964
0.5,0.99791664,291.1678,223.19073,0.99999964
0.5,1.0,291.1679,223.1911,0.99999964
0.5,1.0020833,291.1681,223.19147,0.99999964
0.5,1.0041667,291.16833,223.19183,0.99999964
0.5,1.00625,291.1684,223.19214,0.99999964
0.5,1.0083333,291.16858,223.19244,0.99999964
0.5,1.0104166,291.16864,223.19275,0.99999964
0.5,1.0125,291.16882,223.19305,0.99999964
0.5,1.0145833,291.169,223.1933,0.99999964
0.5,1.0166667,291.16907,223.19357,0.99999964
0.5,1.01875,291.16925,223.19385,0.99999964
0.5,1.0208334,291.1693,223.19409,0.99999964
0.5,1.0229167,291.1695,223.19434,0.99999964
0.5,1.025,291.16956,223.19452,0.99999964
0.5,1.0270833,291.16962,223.19476,0.99999964
0.5,1.0291667,291.1698,223.19495,0.99999964
0.5,1.03125,291.1698,223.19519,0.99999964
0.5,1.0333333,291.16998,223.19537,0.99999964
0.5,1.0354167,291.17004,223.19556,0.99999964
0.5,1.0375,291.1701,223.19574,0.99999964
0.5,1.0395833,291.1703,223.19592,0.99999964
0.5,1.0416666,291.1703,223.19604,0.99999964
0.5,1.04375,291.17047,223.19623,0.99999964
0.5,1.0458333,291.17053,223.19641,0.99999964
0.5,1.0479167,291.17053,223.19653,0.99999964
0.5,1.05,291.1706,223.19666,0.99999964
0.5,1.0520834,291.17072,223.19681,0.99999964
0.5,1.0541667,291.17078,223.19693,0.99999964
0.5,1.05625,291.17078,223.19705,0.99999964
0.5,1.0583333,291.17096,223.1972,0.99999964
0.5,1.0604167,291.17102,223.19727,0.99999964
0.5,1.0625,291.17102,223.19739,0.99999964
0.5,1.0645833,291.17108,223.19751,0.99999964
0.5,1.0666667,291.17126,223.19763,0.99999964
0.5,1.06875,291.17126,223.1977,0.99999964
0.5,1.0708333,291.17126,223.19781,0.99999964
0.5,1.0729166,291.17145,223.19788,0.99999964
0.5,1.075,291.1715,223.19794,0.99999964
0.5,1.0770833,291.1715,223.19806,0.99999964
0.5,1.0791667,291.1715,223.19812,0.99999964
0.5,1.08125,291.17157,223.19821,0.99999964
0.5,1.0833334,291.1717,223.19827,0.99999964
0.5,1.0854167,291.17175,223.19836,0.99999964
0.5,1.0875,291.17175,223.19843,0.99999964
0.5,1.0895833,291.1718,223.19849,0.99999964
0.5,1.0916667,291.17194,223.19855,0.99999964
0.5,1.09375,291.172,223.19861,0.99999964
0.5,1.0958333,291.172,223.19867,0.99999964
0.5,1.0979167,291.172,223.1987,0.99999964
0.5,1.1,291.17206,223.19873,0.99999964
0.5,1.1020833,291.17206,223.19879,0.99999964
0.5,1.1041666,291.17218,223.19885,0.99999964
0.5,1.10625,291.17224,223.19891,0.99999964
0.5,1.1083333,291.17224,223.19894,0.99999964
0.5,1.1104167,291.17224,223.19897,0.99999964
0.5,1.1125,291.1723,223.19904,0.99999964
0.5,1.1145834,291.17242,223.19907,0.99999964
0.5,1.1166667,291.17242,223.1991,0.99999964
0.5,1.11875,291.1725,223.19916,0.99999964
0.5,1.1208333,291.1725,223.19916,0.99999964
0.5,1.1229167,291.1725,223.19922,0.99999964
0.5,1.125,291.1725,223.19922,0.99999964
0.5,1.1270833,291.17255,223.19928,0.99999964
0.5,1.1291667,291.17255,223.19928,0.99999964
0.5,1.13125,291.17267,223.19934,0.99999964
0.5,1.1333333,291.17273,223.19934,0.99999964
0.5,1.1354166,291.17273,223.1994,0.99999964
0.5,1.1375,291.17273,223.1994,0.99999964
0.5,1.1395833,291.17273,223.19943,0.99999964
0.5,1.1416667,291.17273,223.19946,0.99999964
0.5,1.14375,291.1728,223.19946,0.99999964
0.5,1.1458334,291.1729,223.19946,0.99999964
0.5,1.1479167,291.1729,223.19952,0.99999964
0.5,1.15,291.1729,223.19952,0.99999964
0.5,1.1520833,291.17297,223.19952,0.99999964
0.5,1.1541667,291.17297,223.19958,0.99999964
0.5,1.15625,291.17297,223.19958,0.99999964
0.5,1.1583333,291.17297,223.19958,0.99999964
0.5,1.1604167,291.17297,223.19962,0.99999964
0.5,1.1625,291.17297,223.19965,0.99999964
0.5,1.1645833,291.17297,223.19965,0.99999964
0.5,1.1666666,291.17303,223.19965,0.99999964
0.5,1.16875,291.17303,223.19968,0.99999964
0.5,1.1708333,291.17303,223.19968,0.99999964
0.5,1.1729167,291.17303,223.1997,0.99999964
0.5,1.175,291.17316,223.1997,0.99999964
0.5,1.1770834,291.17316,223.1997,0.99999964
0.5,1.1791667,291.17322,223.19974,0.99999964
0.5,1.18125,291.17322,223.19977,0.99999964
0.5,1.1833333,291.17322,223.19977,0.99999964
0.5,1.1854167,291.17322,223.19977,0.99999964
0.5,1.1875,291.17322,223.19977,0.99999964
0.5,1.1895833,291.17322,223.19977,0.99999964
0.5,1.1916667,291.17322,223.1998,0.99999964
0.5,1.19375,291.17322,223.1998,0.99999964
0.5,1.1958333,291.17322,223.1998,0.99999964
0.5,1.1979166,291.17322,223.19983,0.99999964
0.5,1.2,291.17322,223.19983,0.99999964
0.5,1.2020833,291.17322,223.19983,0.99999964
0.5,1.2041667,291.17322,223.19983,0.99999964
0.5,1.20625,291.17322,223.19983,0.99999964
0.5,1.2083334,291.17322,223.19983,0.99999964
0.5,1.2104167,291.17322,223.19983,0.99999964
0.5,1.2125,291.17322,223.19983,0.99999964
0.5,1.2145833,291.17322,223.19983,0.99999964
0.5,1.2166667,291.17322,223.19989,0.99999964
0.5,1.21875,291.17322,223.19989,0.99999964
0.5,1.2208333,291.17322,223.19989,0.99999964
0.5,1.2229167,291.17328,223.19989,0.99999964
0.5,1.225,291.17328,223.19989,0.99999964
0.5,1.2270833,291.17328,223.19989,0.99999964
0.5,1.2291666,291.1734,223.19989,0.99999964
0.5,1.23125,291.1734,223.19989,0.99999964
0.5,1.2333333,291.1734,223.19989,0.99999964
0.5,1.2354167,291.1734,223.19989,0.99999964
0.5,1.2375,291.1734,223.19989,0.99999964
0.5,1.2395834,291.1734,223.19989,0.99999964
0.5,1.2416667,291.1734,223.19989,0.99999964
0.5,1.24375,291.1734,223.19989,0.99999964
0.5,1.2458333,291.1734,223.19989,0.99999964
0.5,1.2479167,291.1734,223.19989,0.99999964
0.5,1.25,291.1734,223.19989,0.99999964
0.5,1.2520833,291.1734,223.19989,0.99999964
0.5,1.2541667,291.1734,223.19989,0.99999964
0.5,1.25625,291.1734,223.19989,0.99999964
0.5,1.2583333,291.1734,223.19989,0.99999964
0.5,1.2604166,291.1734,223.19989,0.99999964
0.5,1.2625,291.1734,223.19989,0.99999964
0.5,1.2645833,291.1734,223.19989,0.99999964
0.5,1.2666667,291.1734,223.19989,0.99999964
0.5,1.26875,291.1734,223.19989,0.99999964
0.5,1.2708334,291.1734,223.19989,0.99999964
0.5,1.2729167,291.1734,223.19989,0.99999964
0.5,1.275,291.1734,223.19989,0.99999964
0.5,1.2770833,291.1734,223.19989,0.99999964
0.5,1.2791667,291.1734,223.19989,0.99999964
0.5,1.28125,291.1734,223.19989,0.99999964
0.5,1.2833333,291.1734,223.19989,0.99999964
0.5,1.2854167,291.1734,223.19989,0.99999964
0.5,1.2875,291.1734,223.19989,0.99999964
0.5,1.2895833,291.1734,223.19989,0.99999964
0.5,1.2916666,291.1734,223.19989,0.99999964
0.5,1.29375,291.1734,223.19989,0.99999964
0.5,1.2958333,291.1734,223.19989,0.99999964
0.5,1.2979167,291.1734,223.19989,0.99999964
0.5,1.3,291.1734,223.19989,0.99999964
0.5,1.3020834,291.1734,223.19989,0.99999964
0.5,1.3041667,291.1734,223.19989,0.99999964
0.5,1.30625,291.1734,223.19989,0.99999964
0.5,1.3083333,291.1734,223.19989,0.99999964
0.5,1.3104167,291.1734,223.19989,0.99999964
0.5,1.3125,291.1734,223.19989,0.99999964
0.5,1.3145833,291.1734,223.19989,0.99999964
0.5,1.3166667,291.1734,223.19989,0.99999964
0.5,1.31875,291.1734,223.19989,0.99999964
0.5,1.3208333,291.1734,223.19989,0.99999964
0.5,1.3229166,291.1734,223.19989,0.99999964
0.5,1.325,291.1734,223.19989,0.99999964
0.5,1.3270833,291.1734,223.19989,0.99999964
0.5,1.3291667,291.1734,223.19989,0.99999964
0.5,1.33125,291.1734,223.19989,0.99999964
0.5,1.3333334,291.1734,223.19989,0.99999964
0.5,1.3354167,291.1734,223.19989,0.99999964
0.5,1.3375,291.1734,223.19989,0.99999964
0.5,1.3395833,291.1734,223.19989,0.99999964
0.5,1.3416667,291.1734,223.19989,0.99999964
0.5,1.34375,291.1734,223.19989,0.99999964
0.5,1.3458333,291.1734,223.19989,0.99999964
0.5,1.3479167,291.1734,223.19989,0.99999964
0.5,1.35,291.1734,223.19989,0.99999964
0.5,1.3520833,291.1734,223.19989,0.99999964
0.5,1.3541666,291.1734,223.19989,0.99999964
0.5,1.35625,291.1734,223.19989,0.99999964
0.5,1.3583333,291.1734,223.19989,0.99999964
0.5,1.3604167,291.1734,223.19989,0.99999964
0.5,1.3625,291.1734,223.19989,0.99999964
0.5,1.3645834,291.1734,223.19989,0.99999964
0.5,1.3666667,291.1734,223.19989,0.99999964
0.5,1.36875,291.1734,223.19989,0.99999964
0.5,1.3708333,291.1734,223.19989,0.99999964
0.5,1.3729167,291.1734,223.19989,0.99999964
0.5,1.375,291.1734,223.19989,0.99999964
0.5,1.3770833,291.1734,223.19989,0.99999964
0.5,1.3791667,291.1734,223.19989,0.99999964
0.5,1.38125,291.1734,223.19989,0.99999964
0.5,1.3833333,291.1734,223.19989,0.99999964
0.5,1.3854166,291.1734,223.19989,0.99999964
0.5,1.3875,291.1734,223.19989,0.99999964
0.5,1.3895833,291.1734,223.19989,0.99999964
0.5,1.3916667,291.1734,223.19989,0.99999964
0.5,1.39375,291.1734,223.19989,0.99999964
0.5,1.3958334,291.1734,223.19989,0.99999964
0.5,1.3979167,291.1734,223.19989,0.99999964
0.5,1.4,291.1734,223.19989,0.99999964
0.5,1.4020833,291.1734,223.19989,0.99999964
0.5,1.4041667,291.1734,223.19989,0.99999964
0.5,1.40625,291.1734,223.19989,0.99999964
0.5,1.4083333,291.1734,223.19989,0.99999964
0.5,1.4104167,291.1734,223.19989,0.99999964
0.5,1.4125,291.1734,223.19989,0.99999964
0.5,1.4145833,291.1734,223.19989,0.99999964
0.5,1.4166666,291.1734,223.19989,0.99999964
0.5,1.41875,291.1734,223.19989,0.99999964
0.5,1.4208333,291.1734,223.19989,0.99999964
0.5,1.4229167,291.1734,223.19989,0.99999964
0.5,1.425,291.1734,223.19989,0.99999964
0.5,1.4270834,291.1734,223.19989,0.99999964
0.5,1.4291667,291.1734,223.19989,0.99999964
0.5,1.43125,291.1734,223.19989,0.99999964
0.5,1.4333333,291.1734,223.19989,0.99999964
0.5,1.4354167,291.1734,223.19989,0.99999964
0.5,1.4375,291.1734,223.19989,0.99999964
0.5,1.4395833,291.1734,223.19989,0.99999964
0.5,1.4416667,291.1734,223.19989,0.99999964
0.5,1.44375,291.1734,223.19989,0.99999964
0.5,1.4458333,291.1734,223.19989,0.99999964
0.5,1.4479166,291.1734,223.19989,0.99999964
0.5,1.45,291.1734,223.19989,0.99999964
0.5,1.4520833,291.1734,223.19989,0.99999964
0.5,1.4541667,291.1734,223.19989,0.99999964
0.5,1.45625,291.1734,223.19989,0.99999964
0.5,1.4583334,291.1734,223.19989,0.99999964
0.5,1.4604167,291.1734,223.19989,0.99999964
0.5,1.4625,291.1734,223.19989,0.99999964
0.5,1.4645833,291.1734,223.19989,0.99999964
0.5,1.4666667,291.1734,223.19989,0.99999964
0.5,1.46875,291.1734,223.19989,0.99999964
0.5,1.4708333,291.1734,223.19989,0.99999964
0.5,1.4729167,291.1734,223.19989,0.99999964
0.5,1.475,291.1734,223.19989,0.99999964
0.5,1.4770833,291.1734,223.19989,0.99999964
0.5,1.4791666,291.1734,223.19989,0.99999964
0.5,1.48125,291.1734,223.19989,0.99999964
0.5,1.4833333,291.1734,223.19989,0.99999964
0.5,1.4854167,291.1734,223.19989,0.99999964
0.5,1.4875,291.1734,223.19989,0.99999964
0.5,1.4895834,291.1734,223.19989,0.99999964
0.5,1.4916667,291.1734,223.19989,0.99999964
0.5,1.49375,291.1734,223.19989,0.99999964
0.5,1.4958333,291.1734,223.19989,0.99999964
0.5,1.4979167,291.1734,223.19989,0.99999964
0.5,1.5,291.1734,223.19989,0.99999964
0.5,1.5020833,291.1734,223.19989,0.99999964
0.5,1.5041667,291.1734,223.19989,0.99999964
0.5,1.50625,291.1734,223.19989,0.99999964
0.5,1.5083333,291.1734,223.19989,0.99999964
0.5,1.5104166,291.1734,223.19989,0.99999964
0.5,1.5125,291.1734,223.19989,0.99999964
0.5,1.5145833,291.1734,223.19989,0.99999964
0.5,1.5166667,291.1734,223.19989,0.99999964
0.5,1.51875,291.1734,223.19989,0.99999964
0.5,1.5208334,291.1734,223.19989,0.99999964
0.5,1.5229167,291.1734,223.19989,0.99999964
0.5,1.525,291.1734,223.19989,0.99999964
0.5,1.5270833,291.1734,223.19989,0.99999964
0.5,1.5291667,291.1734,223.19989,0.99999964
0.5,1.53125,291.1734,223.19989,0.99999964
0.5,1.5333333,291.1734,223.19989,0.99999964
0.5,1.5354167,291.1734,223.19989,0.99999964
0.5,1.5375,291.1734,223.19989,0.99999964
0.5,1.5395833,291.1734,223.19989,0.99999964
0.5,1.5416666,291.1734,223.19989,0.99999964
0.5,1.54375,291.1734,223.19989,0.99999964
0.5,1.5458333,291.1734,223.19989,0.99999964
0.5,1.5479167,291.1734,223.19989,0.99999964
0.5,1.55,291.1734,223.19989,0.99999964
0.5,1.5520834,291.1734,223.19989,0.99999964
0.5,1.5541667,291.1734,223.19989,0.99999964
0.5,1.55625,291.1734,223.19989,0.99999964
0.5,1.5583333,291.1734,223.19989,0.99999964
0.5,1.5604167,291.1734,223.19989,0.99999964
0.5,1.5625,291.1734,223.19989,0.99999964
0.5,1.5645833,291.1734,223.19989,0.99999964
0.5,1.5666667,291.1734,223.19989,0.99999964
0.5,1.56875,291.1734,223.19989,0.99999964
0.5,1.5708333,291.1734,223.19989,0.99999964
0.5,1.5729166,291.1734,223.19989,0.99999964
0.5,1.575,291.1734,223.19989,0.99999964
0.5,1.5770833,291.1734,223.19989,0.99999964
0.5,1.5791667,291.1734,223.19989,0.99999964
0.5,1.58125,291.1734,223.19989,0.99999964
0.5,1.5833334,291.1734,223.19989,0.99999964
0.5,1.5854167,291.1734,223.19989,0.99999964
0.5,1.5875,291.1734,223.19989,0.99999964
0.5,1.5895833,291.1734,223.19989,0.99999964
0.5,1.5916667,291.1734,223.19989,0.99999964
0.5,1.59375,291.1734,223.19989,0.99999964
0.5,1.5958333,291.1734,223.19989,0.99999964
0.5,1.5979167,291.1734,223.19989,0.99999964
0.5,1.6,291.1734,223.19989,0.99999964
0.5,1.6020833,291.1734,223.19989,0.99999964
0.5,1.6041666,291.1734,223.19989,0.99999964
0.5,1.60625,291.1734,223.19989,0.99999964
0.5,1.6083333,291.1734,223.19989,0.99999964
0.5,1.6104167,291.1734,223.19989,0.99999964
0.5,1.6125,291.1734,223.19989,0.99999964
0.5,1.6145834,291.1734,223.19989,0.99999964
0.5,1.6166667,291.1734,223.19989,0.99999964
0.5,1.61875,291.1734,223.19989,0.99999964
0.5,1.6208333,291.1734,223.19989,0.99999964
0.5,1.6229167,291.1734,223.19989,0.99999964
0.5,1.625,291.1734,223.19989,0.99999964
0.5,1.6270833,291.1734,223.19989,0.99999964
0.5,1.6291667,291.1734,223.19989,0.99999964
0.5,1.63125,291.1734,223.19989,0.99999964
0.5,1.6333333,291.1734,223.19989,0.99999964
0.5,1.6354166,291.1734,223.19989,0.99999964
0.5,1.6375,291.1734,223.19989,0.99999964
0.5,1.6395833,291.1734,223.19989,0.99999964
0.5,1.6416667,291.1734,223.19989,0.99999964
0.5,1.64375,291.1734,223.19989,0.99999964
0.5,1.6458334,291.1734,223.19989,0.99999964
0.5,1.6479167,291.1734,223.19989,0.99999964
0.5,1.65,291.1734,223.19989,0.99999964
0.5,1.6520833,291.1734,223.19989,0.99999964
0.5,1.6541667,291.1734,223.19989,0.99999964
0.5,1.65625,291.1734,223.19989,0.99999964
0.5,1.6583333,291.1734,223.19989,0.99999964
0.5,1.6604167,291.1734,223.19989,0.99999964
0.5,1.6625,291.1734,223.19989,0.99999964
0.5,1.6645833,291.1734,223.19989,0.99999964
0.5,1.6666666,291.1734,223.19989,0.99999964
0.5,1.66875,291.1734,223.19989,0.99999964
0.5,1.6708333,291.1734,223.19989,0.99999964
0.5,1.6729167,291.1734,223.19989,0.99999964
0.5,1.675,291.1734,223.19989,0.99999964
0.5,1.6770834,291.1734,223.19989,0.99999964
0.5,1.6791667,291.1734,223.19989,0.99999964
0.5,1.68125,291.1734,223.19989,0.99999964
0.5,1.6833333,291.1734,223.19989,0.99999964
0.5,1.6854167,291.1734,223.19989,0.99999964
0.5,1.6875,291.1734,223.19989,0.99999964
0.5,1.6895833,291.1734,223.19989,0.99999964
0.5,1.6916667,291.1734,223.19989,0.99999964
0.5,1.69375,291.1734,223.19989,0.99999964
0.5,1.6958333,291.1734,223.19989,0.99999964
0.5,1.6979166,291.1734,223.19989,0.99999964
0.5,1.7,291.1734,223.19989,0.99999964
0.5,1.7020833,291.1734,223.19989,0.99999964
0.5,1.7041667,291.1734,223.19989,0.99999964
0.5,1.70625,291.1734,223.19989,0.99999964
0.5,1.7083334,291.1734,223.19989,0.99999964
0.5,1.7104167,291.1734,223.19989,0.99999964
0.5,1.7125,291.1734,223.19989,0.99999964
0.5,1.7145833,291.1734,223.19989,0.99999964
0.5,1.7166667,291.1734,223.19989,0.99999964
0.5,1.71875,291.1734,223.19989,0.99999964
0.5,1.7208333,291.1734,223.19989,0.99999964
0.5,1.7229167,291.1734,223.19989,0.99999964
0.5,1.725,291.1734,223.19989,0.99999964
0.5,1.7270833,291.1734,223.19989,0.99999964
0.5,1.7291666,291.1734,223.19989,0.99999964
0.5,1.73125,291.1734,223.19989,0.99999964
0.5,1.7333333,291.1734,223.19989,0.99999964
0.5,1.7354167,291.1734,223.19989,0.99999964
0.5,1.7375,291.1734,223.19989,0.99999964
0.5,1.7395834,291.1734,223.19989,0.99999964
0.5,1.7416667,291.1734,223.19989,0.99999964
0.5,1.74375,291.1734,223.19989,0.99999964
0.5,1.7458333,291.1734,223.19989,0.99999964
0.5,1.7479167,291.1734,223.19989,0.99999964
0.5,1.75,291.1734,223.19989,0.99999964
0.5,1.7520833,291.1734,223.19989,0.99999964
0.5,1.7541667,291.1734,223.19989,0.99999964
0.5,1.75625,291.1734,223.19989,0.99999964
0.5,1.7583333,291.1734,223.19989,0.99999964
0.5,1.7604166,291.1734,223.19989,0.99999964
0.5,1.7625,291.1734,223.19989,0.99999964
0.5,1.7645833,291.1734,223.19989,0.99999964
0.5,1.7666667,291.1734,223.19989,0.99999964
0.5,1.76875,291.1734,223.19989,0.99999964
0.5,1.7708334,291.1734,223.19989,0.99999964
0.5,1.7729167,291.1734,223.19989,0.99999964
0.5,1.775,291.1734,223.19989,0.99999964
0.5,1.7770833,291.1734,223.19989,0.99999964
0.5,1.7791667,291.1734,223.19989,0.99999964
0.5,1.78125,291.1734,223.19989,0.99999964
0.5,1.7833333,291.1734,223.19989,0.99999964
0.5,1.7854167,291.1734,223.19989,0.99999964
0.5,1.7875,291.1734,223.19989,0.99999964
0.5,1.7895833,291.1734,223.19989,0.99999964
0.5,1.7916666,291.1734,223.19989,0.99999964
0.5,1.79375,291.1734,223.19989,0.99999964
0.5,1.7958333,291.1734,223.19989,0.99999964
0.5,1.7979167,291.1734,223.19989,0.99999964
0.5,1.8,291.1734,223.19989,0.99999964
0.5,1.8020834,291.1734,223.19989,0.99999964
0.5,1.8041667,291.1734,223.19989,0.99999964
0.5,1.80625,291.1734,223.19989,0.99999964
0.5,1.8083333,291.1734,223.19989,0.99999964
0.5,1.8104167,291.1734,223.19989,0.99999964
0.5,1.8125,291.1734,223.19989,0.99999964
0.5,1.8145833,291.1734,223.19989,0.99999964
0.5,1.8166667,291.1734,223.19989,0.99999964
0.5,1.81875,291.1734,223.19989,0.99999964
0.5,1.8208333,291.1734,223.19989,0.99999964
0.5,1.8229166,291.1734,223.19989,0.99999964
0.5,1.825,291.1734,223.19989,0.99999964
0.5,1.8270833,291.1734,223.19989,0.99999964
0.5,1.8291667,291.1734,223.19989,0.99999964
0.5,1.83125,291.1734,223.19989,0.99999964
0.5,1.8333334,291.1734,223.19989,0.99999964
0.5,1.8354167,291.1734,223.19989,0.99999964
0.5,1.8375,291.1734,223.19989,0.99999964
0.5,1.8395833,291.1734,223.19989,0.99999964
0.5,1.8416667,291.1734,223.19989,0.99999964
0.5,1.84375,291.1734,223.19989,0.99999964
0.5,1.8458333,291.1734,223.19989,0.99999964
0.5,1.8479167,291.1734,223.19989,0.99999964
0.5,1.85,291.1734,223.19989,0.99999964
0.5,1.8520833,291.1734,223.19989,0.99999964
0.5,1.8541666,291.1734,223.19989,0.99999964
0.5,1.85625,291.1734,223.19989,0.99999964
0.5,1.8583333,291.1734,223.19989,0.99999964
0.5,1.8604167,291.1734,223.19989,0.99999964
0.5,1.8625,291.1734,223.19989,0.99999964
0.5,1.8645834,291.1734,223.19989,0.99999964
0.5,1.8666667,291.1734,223.19989,0.99999964
0.5,1.86875,291.1734,223.19989,0.99999964
0.5,1.8708333,291.1734,223.19989,0.99999964
0.5,1.8729167,291.1734,223.19989,0.99999964
0.5,1.875,291.1734,223.19989,0.99999964
0.5,1.8770833,291.1734,223.19989,0.99999964
0.5,1.8791667,291.1734,223.19989,0.99999964
0.5,1.88125,291.1734,223.19989,0.99999964
0.5,1.8833333,291.1734,223.19989,0.99999964
0.5,1.8854166,291.1734,223.19989,0.99999964
0.5,1.8875,291.1734,223.19989,0.99999964
0.5,1.8895833,291.1734,223.19989,0.99999964
0.5,1.8916667,291.1734,223.19989,0.99999964
0.5,1.89375,291.1734,223.19989,0.99999964
0.5,1.8958334,291.1734,223.19989,0.99999964
0.5,1.8979167,291.1734,223.19989,0.99999964
0.5,1.9,291.1734,223.19989,0.99999964
0.5,1.9020833,291.1734,223.19989,0.99999964
0.5,1.9041667,291.1734,223.19989,0.99999964
0.5,1.90625,291.1734,223.19989,0.99999964
0.5,1.9083333,291.1734,223.19989,0.99999964
0.5,1.9104167,291.1734,223.19989,0.99999964
0.5,1.9125,291.1734,223.19989,0.99999964
0.5,1.9145833,291.1734,223.19989,0.99999964
0.5,1.9166666,291.1734,223.19989,0.99999964
0.5,1.91875,291.1734,223.19989,0.99999964
0.5,1.9208333,291.1734,223.19989,0.99999964
0.5,1.9229167,291.1734,223.19989,0.99999964
0.5,1.925,291.1734,223.19989,0.99999964
0.5,1.9270834,291.1734,223.19989,0.99999964
0.5,1.9291667,291.1734,223.19989,0.99999964
0.5,1.93125,291.1734,223.19989,0.99999964
0.5,1.9333333,291.1734,223.19989,0.99999964
0.5,1.9354167,291.1734,223.19989,0.99999964
0.5,1.9375,291.1734,223.19989,0.99999964
0.5,1.9395833,291.1734,223.19989,0.99999964
0.5,1.9416667,291.1734,223.19989,0.99999964
0.5,1.94375,291.1734,223.19989,0.99999964
0.5,1.9458333,291.1734,223.19989,0.99999964
0.5,1.9479166,291.1734,223.19989,0.99999964
0.5,1.95,291.1734,223.19989,0.99999964
0.5,1.9520833,291.1734,223.19989,0.99999964
0.5,1.9541667,291.1734,223.19989,0.99999964
0.5,1.95625,291.1734,223.19989,0.99999964
0.5,1.9583334,291.1734,223.19989,0.99999964
0.5,1.9604167,291.1734,223.19989,0.99999964
0.5,1.9625,291.1734,223.19989,0.99999964
0.5,1.9645833,291.1734,223.19989,0.99999964
0.5,1.9666667,291.1734,223.19989,0.99999964
0.5,1.96875,291.1734,223.19989,0.99999964
0.5,1.9708333,291.1734,223.19989,0.99999964
0.5,1.9729167,291.1734,223.19989,0.99999964
0.5,1.975,291.1734,223.19989,0.99999964
0.5,1.9770833,291.1734,223.19989,0.99999964
0.5,1.9791666,291.1734,223.19989,0.99999964
0.5,1.98125,291.1734,223.19989,0.99999964
0.5,1.9833333,291.1734,223.19989,0.99999964
0.5,1.9854167,291.1734,223.19989,0.99999964
0.5,1.9875,291.1734,223.19989,0.99999964
0.5,1.9895834,291.1734,223.19989,0.99999964
0.5,1.9916667,291.1734,223.19989,0.99999964
0.5,1.99375,291.1734,223.19989,0.99999964
0.5,1.9958333,291.1734,223.19989,0.99999964
0.5,1.9979167,291.1734,223.19989,0.99999964
0.5,2.0,291.1734,223.19989,0.99999964
1.0,0.0020833334,291.17114,223.19763,0.0
1.0,0.004166667,291.17123,223.19775,6.8394825E-6
1.0,0.00625,291.17145,223.19781,3.275245E-5
1.0,0.008333334,291.1722,223.19788,8.79596E-5
1.0,0.010416667,291.17435,223.19781,1.809284E-4
1.0,0.0125,291.17877,223.19757,3.1858502E-4
1.0,0.014583333,291.18658,223.19708,5.06507E-4
1.0,0.016666668,291.1991,223.19626,7.4909674E-4
1.0,0.01875,291.2174,223.195,0.0010497354
1.0,0.020833334,291.2427,223.1932,0.0014108889
1.0,0.022916667,291.27615,223.1908,0.001834301
1.0,0.025,291.31873,223.18774,0.0023210025
1.0,0.027083334,291.37134,223.18387,0.0028715038
1.0,0.029166667,291.4348,223.1792,0.0034857856
1.0,0.03125,291.50983,223.17365,0.0041634915
1.0,0.033333335,291.59692,223.16714,0.004903851
1.0,0.035416666,291.69644,223.15967,0.0057058046
1.0,0.0375,291.80875,223.15118,0.006568119
1.0,0.039583333,291.93396,223.14166,0.007489291
1.0,0.041666668,292.07214,223.1311,0.00846778
1.0,0.04375,292.2232,223.1195,0.009501794
1.0,0.045833334,292.38702,223.10684,0.010589561
1.0,0.047916666,292.56323,223.09314,0.011729154
1.0,0.05,292.75165,223.07837,0.012918685
1.0,0.052083332,292.95166,223.06262,0.014156149
1.0,0.054166667,293.16284,223.04584,0.015439659
1.0,0.05625,293.38477,223.02808,0.016767213
1.0,0.058333334,293.6167,223.0094,0.01813692
1.0,0.060416665,293.85803,222.98978,0.019546816
1.0,0.0625,294.10815,222.9693,0.02099511
1.0,0.06458333,294.36627,222.948,0.022479935
1.0,0.06666667,294.63184,222.9259,0.023999454
1.0,0.06875,294.90387,222.90305,0.025552036
1.0,0.07083333,295.1819,222.87952,0.027135907
1.0,0.072916664,295.46494,222.85529,0.028749542
1.0,0.075,295.75238,222.83047,0.030391308
1.0,0.077083334,296.04358,222.80508,0.032059774
1.0,0.079166666,296.3377,222.77917,0.033753406
1.0,0.08125,296.63403,222.75278,0.035470925
1.0,0.083333336,296.93195,222.72598,0.037210908
1.0,0.08541667,297.23083,222.69879,0.038972218
1.0,0.0875,297.5299,222.67126,0.04075353
1.0,0.08958333,297.82874,222.64343,0.042553797
1.0,0.09166667,298.1266,222.61536,0.044371806
1.0,0.09375,298.42303,222.58707,0.046206657
1.0,0.09583333,298.71735,222.5586,0.048057288
1.0,0.09791667,299.00922,222.53003,0.049922712
1.0,0.1,299.29816,222.50134,0.051802162
1.0,0.10208333,299.58362,222.4726,0.053694677
1.0,0.104166664,299.86526,222.44385,0.055599578
1.0,0.10625,300.1427,222.4151,0.057516
1.0,0.108333334,300.41565,222.38641,0.059443347
1.0,0.110416666,300.68378,222.35779,0.06138083
1.0,0.1125,300.94662,222.32922,0.06332792
1.0,0.114583336,301.20416,222.30084,0.06528394
1.0,0.11666667,301.45605,222.27261,0.06724841
1.0,0.11875,301.7021,222.24457,0.069220684
1.0,0.12083333,301.94214,222.21674,0.0712004
1.0,0.12291667,302.17596,222.18909,0.07318697
1.0,0.125,302.40363,222.16174,0.07518005
1.0,0.12708333,302.62482,222.13461,0.077179186
1.0,0.12916666,302.83954,222.10776,0.07918393
1.0,0.13125,303.04773,222.08124,0.08119395
1.0,0.13333334,303.2494,222.05502,0.08320897
1.0,0.13541667,303.44446,222.02914,0.08522862
1.0,0.1375,303.6329,222.0036,0.08725255
1.0,0.13958333,303.81476,221.9784,0.08928056
1.0,0.14166667,303.9901,221.95355,0.09131229
1.0,0.14375,304.15887,221.92908,0.09334761
1.0,0.14583333,304.3213,221.90503,0.095386155
1.0,0.14791666,304.4773,221.88129,0.09742783
1.0,0.15,304.62698,221.85797,0.09947237
1.0,0.15208334,304.77045,221.83505,0.10151954
1.0,0.15416667,304.90784,221.81256,0.10356919
1.0,0.15625,305.03925,221.79044,0.10562122
1.0,0.15833333,305.16473,221.76874,0.10767542
1.0,0.16041666,305.28455,221.74744,0.10973158
1.0,0.1625,305.39862,221.72656,0.11178963
1.0,0.16458334,305.5073,221.70605,0.113849506
1.0,0.16666667,305.6106,221.68604,0.115911
1.0,0.16875,305.70868,221.66638,0.11797398
1.0,0.17083333,305.80176,221.64716,0.12003843
1.0,0.17291667,305.8899,221.62833,0.122104146
1.0,0.175,305.97327,221.60992,0.12417117
1.0,0.17708333,306.05206,221.59189,0.12623927
1.0,0.17916666,306.12637,221.57428,0.12830852
1.0,0.18125,306.1964,221.55707,0.13037874
1.0,0.18333334,306.26233,221.54028,0.13244984
1.0,0.18541667,306.32422,221.52386,0.1345218
1.0,0.1875,306.38226,221.50781,0.13659462
1.0,0.18958333,306.43665,221.49219,0.13866818
1.0,0.19166666,306.48743,221.4769,0.14074238
1.0,0.19375,306.53485,221.462,0.14281721
1.0,0.19583334,306.57904,221.44751,0.14489272
1.0,0.19791667,306.62012,221.43332,0.1469688
1.0,0.2,306.6582,221.41953,0.14904533
1.0,0.20208333,306.69348,221.40607,0.15112233
1.0,0.20416667,306.726,221.39297,0.15319991
1.0,0.20625,306.75604,221.38022,0.15527779
1.0,0.20833333,306.78363,221.3678,0.15735607
1.0,0.21041666,306.80884,221.35571,0.15943469
1.0,0.2125,306.83185,221.34393,0.16151378
1.0,0.21458334,306.85284,221.33249,0.16359305
1.0,0.21666667,306.8719,221.32135,0.16567262
1.0,0.21875,306.88904,221.31055,0.16775243
1.0,0.22083333,306.90442,221.29999,0.16983263
1.0,0.22291666,306.91815,221.28976,0.17191295
1.0,0.225,306.93036,221.27982,0.17399351
1.0,0.22708334,306.9411,221.27014,0.17607437
1.0,0.22916667,306.9505,221.26074,0.17815526
1.0,0.23125,306.95862,221.25165,0.18023635
1.0,0.23333333,306.9655,221.2428,0.1823176
1.0,0.23541667,306.97137,221.23419,0.18439911
1.0,0.2375,306.97614,221.22583,0.18648067
1.0,0.23958333,306.97998,221.21777,0.18856233
1.0,0.24166666,306.98297,221.2099,0.19064412
1.0,0.24375,306.985,221.20227,0.19272614
1.0,0.24583334,306.9864,221.19489,0.19480811
1.0,0.24791667,306.987,221.18768,0.1968902
1.0,0.25,306.98706,221.18073,0.19897237
1.0,0.25208333,306.98645,221.17398,0.20105474
1.0,0.25416666,306.98535,221.16742,0.20313706
1.0,0.25625,306.98376,221.16107,0.20521946
1.0,0.25833333,306.98175,221.15497,0.20730205
1.0,0.26041666,306.9793,221.14899,0.20938458
1.0,0.2625,306.97656,221.14325,0.21146716
1.0,0.26458332,306.97345,221.13763,0.2135498
1.0,0.26666668,306.97003,221.13226,0.21563262
1.0,0.26875,306.96643,221.12698,0.21771537
1.0,0.27083334,306.96265,221.12195,0.21979816
1.0,0.27291667,306.95856,221.117,0.22188109
1.0,0.275,306.9544,221.11224,0.22396396
1.0,0.27708334,306.95007,221.10767,0.22604686
1.0,0.27916667,306.94568,221.10321,0.22812976
1.0,0.28125,306.94122,221.09888,0.2302127
1.0,0.28333333,306.93658,221.09473,0.2322958
1.0,0.28541666,306.932,221.0907,0.23437877
1.0,0.2875,306.9273,221.08679,0.23646179
1.0,0.28958333,306.92273,221.08301,0.23854497
1.0,0.29166666,306.9181,221.07935,0.24062802
1.0,0.29375,306.91345,221.07584,0.24271108
1.0,0.29583332,306.90875,221.07242,0.24479418
1.0,0.29791668,306.90417,221.06909,0.24687742
1.0,0.3,306.89972,221.06592,0.24896055
1.0,0.30208334,306.8952,221.06284,0.25104368
1.0,0.30416667,306.89087,221.05988,0.25312698
1.0,0.30625,306.88654,221.05698,0.25521013
1.0,0.30833334,306.8822,221.0542,0.2572933
1.0,0.31041667,306.8781,221.05151,0.2593765
1.0,0.3125,306.87402,221.04895,0.26145965
1.0,0.31458333,306.87,221.04642,0.26354298
1.0,0.31666666,306.8661,221.044,0.2656262
1.0,0.31875,306.8623,221.04166,0.2677094
1.0,0.32083333,306.85864,221.03937,0.26979274
1.0,0.32291666,306.85504,221.0372,0.27187595
1.0,0.325,306.85156,221.0351,0.27395916
1.0,0.32708332,306.84814,221.03308,0.2760424
1.0,0.32916668,306.8449,221.03113,0.27812576
1.0,0.33125,306.84167,221.0292,0.280209
1.0,0.33333334,306.83862,221.02737,0.28229225
1.0,0.33541667,306.83563,221.02563,0.28437564
1.0,0.3375,306.83282,221.02393,0.28645888
1.0,0.33958334,306.83008,221.02228,0.28854212
1.0,0.34166667,306.8274,221.02069,0.29062536
1.0,0.34375,306.82483,221.01917,0.2927086
1.0,0.34583333,306.8224,221.0177,0.29479203
1.0,0.34791666,306.82007,221.01624,0.2968753
1.0,0.35,306.81775,221.0149,0.2989586
1.0,0.35208333,306.8156,221.01355,0.301042
1.0,0.35416666,306.81354,221.0123,0.3031253
1.0,0.35625,306.81146,221.01105,0.30520856
1.0,0.35833332,306.80963,221.00989,0.30729187
1.0,0.36041668,306.80774,221.00873,0.30937526
1.0,0.3625,306.80603,221.00763,0.31145856
1.0,0.36458334,306.80432,221.00656,0.31354183
1.0,0.36666667,306.80276,221.00555,0.31562525
1.0,0.36875,306.8012,221.00455,0.31770852
1.0,0.37083334,306.79974,221.0036,0.31979182
1.0,0.37291667,306.7984,221.00269,0.3218751
1.0,0.375,306.79706,221.00177,0.3239584
1.0,0.37708333,306.79578,221.00095,0.3260418
1.0,0.37916666,306.79468,221.00012,0.3281251
1.0,0.38125,306.7935,220.99933,0.33020836
1.0,0.38333333,306.79242,220.99857,0.33229175
1.0,0.38541666,306.79135,220.99783,0.33437505
1.0,0.3875,306.79047,220.99713,0.33645836
1.0,0.38958332,306.7895,220.99646,0.33854163
1.0,0.39166668,306.7886,220.99579,0.34062502
1.0,0.39375,306.78784,220.99515,0.34270832
1.0,0.39583334,306.78708,220.99457,0.3447916
1.0,0.39791667,306.78632,220.99396,0.346875
1.0,0.4,306.78558,220.99341,0.34895828
1.0,0.40208334,306.78497,220.99286,0.3510416
1.0,0.40416667,306.78424,220.99231,0.35312486
1.0,0.40625,306.78366,220.99182,0.35520816
1.0,0.40833333,306.7831,220.99133,0.35729155
1.0,0.41041666,306.7826,220.99084,0.35937485
1.0,0.4125,306.7821,220.99042,0.36145812
1.0,0.41458333,306.78162,220.98999,0.36354157
1.0,0.41666666,306.78116,220.98956,0.36562487
1.0,0.41875,306.78076,220.98917,0.36770815
1.0,0.42083332,306.7804,220.98877,0.36979145
1.0,0.42291668,306.78003,220.9884,0.37187487
1.0,0.425,306.77966,220.98804,0.37395817
1.0,0.42708334,306.7793,220.98767,0.37604144
1.0,0.42916667,306.77896,220.98737,0.3781249
1.0,0.43125,306.7787,220.98706,0.38020816
1.0,0.43333334,306.77844,220.98676,0.38229147
1.0,0.43541667,306.7782,220.98645,0.38437477
1.0,0.4375,306.77795,220.98615,0.38645804
1.0,0.43958333,306.7777,220.98587,0.3885415
1.0,0.44166666,306.77747,220.98563,0.39062476
1.0,0.44375,306.77722,220.98538,0.39270806
1.0,0.44583333,306.7771,220.9851,0.39479148
1.0,0.44791666,306.77692,220.9849,0.39687482
1.0,0.45,306.77673,220.98468,0.39895815
1.0,0.45208332,306.77655,220.98444,0.40104148
1.0,0.45416668,306.77643,220.98425,0.40312493
1.0,0.45625,306.77625,220.98404,0.40520823
1.0,0.45833334,306.77612,220.98386,0.40729153
1.0,0.46041667,306.776,220.98367,0.40937498
1.0,0.4625,306.77588,220.98346,0.41145825
1.0,0.46458334,306.77576,220.9833,0.41354156
1.0,0.46666667,306.77563,220.98315,0.41562483
1.0,0.46875,306.7755,220.983,0.41770813
1.0,0.47083333,306.7754,220.98285,0.41979155
1.0,0.47291666,306.77536,220.9827,0.42187485
1.0,0.475,306.77527,220.98254,0.42395812
1.0,0.47708333,306.77515,220.98242,0.42604157
1.0,0.47916666,306.77505,220.9823,0.42812487
1.0,0.48125,306.77502,220.98218,0.43020815
1.0,0.48333332,306.7749,220.98206,0.43229145
1.0,0.48541668,306.7749,220.98193,0.43437487
1.0,0.4875,306.77478,220.98181,0.43645817
1.0,0.48958334,306.7747,220.98169,0.43854144
1.0,0.49166667,306.77466,220.98163,0.4406249
1.0,0.49375,306.77463,220.9815,0.44270816
1.0,0.49583334,306.77454,220.98141,0.44479147
1.0,0.49791667,306.77444,220.98132,0.44687477
1.0,0.5,306.7744,220.98126,0.44895804
1.0,0.50208336,306.7744,220.98114,0.4510415
1.0,0.50416666,306.7743,220.98108,0.45312476
1.0,0.50625,306.7743,220.98099,0.4552082
1.0,0.5083333,306.77426,220.9809,0.45729148
1.0,0.5104167,306.7742,220.98083,0.4593748
1.0,0.5125,306.77417,220.98077,0.46145806
1.0,0.51458335,306.77414,220.98071,0.46354136
1.0,0.51666665,306.7741,220.98065,0.4656247
1.0,0.51875,306.77408,220.98059,0.4677081
1.0,0.5208333,306.77405,220.98053,0.46979144
1.0,0.5229167,306.77402,220.98047,0.4718749
1.0,0.525,306.77393,220.98041,0.47395816
1.0,0.52708334,306.77393,220.98035,0.47604147
1.0,0.52916664,306.7739,220.98032,0.47812477
1.0,0.53125,306.77386,220.98026,0.48020807
1.0,0.53333336,306.77383,220.98022,0.48229152
1.0,0.53541666,306.7738,220.98016,0.48437485
1.0,0.5375,306.77377,220.9801,0.4864583
1.0,0.5395833,306.77368,220.9801,0.48854157
1.0,0.5416667,306.77368,220.98004,0.49062487
1.0,0.54375,306.77368,220.98001,0.49270815
1.0,0.54583335,306.7736,220.97998,0.49479145
1.0,0.54791665,306.77356,220.97992,0.49687472
1.0,0.55,306.77356,220.97989,0.49895817
1.0,0.5520833,306.77356,220.97986,0.5010415
1.0,0.5541667,306.77356,220.97983,0.5031249
1.0,0.55625,306.77347,220.9798,0.5052082
1.0,0.55833334,306.77353,220.97977,0.5072915
1.0,0.56041664,306.77344,220.97974,0.50937474
1.0,0.5625,306.77344,220.97974,0.51145804
1.0,0.56458336,306.77344,220.97968,0.51354146
1.0,0.56666666,306.77344,220.97968,0.51562476
1.0,0.56875,306.7734,220.97964,0.5177082
1.0,0.5708333,306.77335,220.97961,0.5197915
1.0,0.5729167,306.77332,220.97961,0.5218748
1.0,0.575,306.77332,220.97958,0.5239581
1.0,0.57708335,306.77332,220.97955,0.5260413
1.0,0.57916665,306.77332,220.97955,0.52812463
1.0,0.58125,306.77322,220.97952,0.5302081
1.0,0.5833333,306.7733,220.97949,0.53229135
1.0,0.5854167,306.7732,220.97949,0.53437483
1.0,0.5875,306.7732,220.97946,0.5364581
1.0,0.58958334,306.7732,220.97946,0.5385414
1.0,0.59166664,306.7732,220.97943,0.5406247
1.0,0.59375,306.7732,220.97943,0.542708
1.0,0.59583336,306.7732,220.97943,0.5447914
1.0,0.59791666,306.7732,220.9794,0.5468747
1.0,0.6,306.7731,220.97937,0.5489581
1.0,0.6020833,306.77316,220.97937,0.5510414
1.0,0.6041667,306.77307,220.97937,0.5531247
1.0,0.60625,306.77307,220.97937,0.55520797
1.0,0.60833335,306.77307,220.97931,0.55729127
1.0,0.61041665,306.77307,220.97931,0.5593746
1.0,0.6125,306.77307,220.97931,0.561458
1.0,0.6145833,306.77307,220.97931,0.5635413
1.0,0.6166667,306.77307,220.97931,0.5656247
1.0,0.61875,306.77307,220.97931,0.567708
1.0,0.62083334,306.77307,220.97931,0.5697913
1.0,0.62291664,306.77307,220.97931,0.5718746
1.0,0.625,306.77304,220.97928,0.57395786
1.0,0.62708336,306.77298,220.97928,0.57604134
1.0,0.62916666,306.77304,220.97928,0.57812464
1.0,0.63125,306.77295,220.97925,0.58020806
1.0,0.6333333,306.77295,220.97925,0.58229136
1.0,0.6354167,306.77295,220.97925,0.5843746
1.0,0.6375,306.77295,220.97925,0.5864579
1.0,0.63958335,306.77295,220.97925,0.5885412
1.0,0.64166665,306.77295,220.97925,0.5906245
1.0,0.64375,306.77295,220.97922,0.59270793
1.0,0.6458333,306.77295,220.97922,0.59479123
1.0,0.6479167,306.77295,220.97922,0.59687465
1.0,0.65,306.77295,220.97919,0.59895796
1.0,0.65208334,306.77295,220.97919,0.60104126
1.0,0.65416664,306.77295,220.97919,0.6031245
1.0,0.65625,306.77295,220.97919,0.6052078
1.0,0.65833336,306.77295,220.97919,0.6072912
1.0,0.66041666,306.77295,220.97919,0.6093745
1.0,0.6625,306.77286,220.97916,0.611458
1.0,0.6645833,306.77292,220.97916,0.61354125
1.0,0.6666667,306.77286,220.97916,0.61562455
1.0,0.66875,306.77292,220.97916,0.61770785
1.0,0.67083335,306.77286,220.97916,0.61979115
1.0,0.67291665,306.77292,220.97916,0.6218744
1.0,0.675,306.77286,220.97916,0.6239579
1.0,0.6770833,306.77292,220.97916,0.6260411
1.0,0.6791667,306.77286,220.97916,0.6281246
1.0,0.68125,306.77292,220.97916,0.6302079
1.0,0.68333334,306.77286,220.97916,0.63229114
1.0,0.68541664,306.77292,220.97916,0.63437444
1.0,0.6875,306.77286,220.97916,0.63645774
1.0,0.68958336,306.77292,220.97916,0.63854116
1.0,0.69166666,306.77286,220.97916,0.64062446
1.0,0.69375,306.77292,220.97916,0.6427079
1.0,0.6958333,306.77286,220.97916,0.6447912
1.0,0.6979167,306.77292,220.97916,0.6468745
1.0,0.7,306.77286,220.97916,0.6489578
1.0,0.70208335,306.77292,220.97916,0.65104103
1.0,0.70416665,306.77286,220.97916,0.65312433
1.0,0.70625,306.77292,220.97916,0.65520775
1.0,0.7083333,306.77286,220.97916,0.65729105
1.0,0.7104167,306.77292,220.97916,0.65937454
1.0,0.7125,306.77286,220.97916,0.6614578
1.0,0.71458334,306.77292,220.97916,0.6635411
1.0,0.71666664,306.77286,220.97916,0.6656244
1.0,0.71875,306.77292,220.97916,0.6677077
1.0,0.72083336,306.77286,220.97916,0.6697911
1.0,0.72291666,306.77292,220.97916,0.6718744
1.0,0.725,306.77286,220.97916,0.6739578
1.0,0.7270833,306.77292,220.97916,0.6760411
1.0,0.7291667,306.77292,220.97916,0.6781245
1.0,0.73125,306.77292,220.97916,0.68020785
1.0,0.73333335,306.77295,220.97916,0.6822912
1.0,0.73541665,306.77283,220.97916,0.6843745
1.0,0.7375,306.77295,220.97916,0.68645793
1.0,0.7395833,306.77283,220.97916,0.68854123
1.0,0.7416667,306.77295,220.97916,0.69062465
1.0,0.74375,306.77283,220.97916,0.69270796
1.0,0.74583334,306.77295,220.97916,0.69479126
1.0,0.74791664,306.77283,220.97916,0.6968745
1.0,0.75,306.77295,220.97916,0.6989578
1.0,0.75208336,306.77283,220.97916,0.7010412
1.0,0.75416666,306.77295,220.97916,0.7031245
1.0,0.75625,306.77283,220.97916,0.705208
1.0,0.7583333,306.77295,220.97916,0.70729125
1.0,0.7604167,306.77283,220.97916,0.70937455
1.0,0.7625,306.77295,220.97916,0.71145785
1.0,0.76458335,306.77283,220.97916,0.71354115
1.0,0.76666665,306.77295,220.97916,0.7156244
1.0,0.76875,306.77283,220.97916,0.7177079
1.0,0.7708333,306.77295,220.97916,0.7197911
1.0,0.7729167,306.77283,220.97916,0.7218746
1.0,0.775,306.77295,220.97916,0.7239579
1.0,0.77708334,306.77283,220.97916,0.72604114
1.0,0.77916664,306.77295,220.97916,0.72812444
1.0,0.78125,306.77283,220.97916,0.73020774
1.0,0.78333336,306.77295,220.97916,0.73229116
1.0,0.78541666,306.77283,220.97916,0.73437446
1.0,0.7875,306.77295,220.97916,0.7364579
1.0,0.7895833,306.77283,220.97916,0.7385412
1.0,0.7916667,306.77295,220.97916,0.7406245
1.0,0.79375,306.77283,220.97916,0.7427078
1.0,0.79583335,306.77295,220.97916,0.74479103
1.0,0.79791665,306.77283,220.97916,0.74687433
1.0,0.8,306.77295,220.97916,0.74895775
1.0,0.8020833,306.77283,220.97916,0.75104105
1.0,0.8041667,306.77295,220.97916,0.75312454
1.0,0.80625,306.77283,220.97916,0.7552078
1.0,0.80833334,306.77295,220.97916,0.7572911
1.0,0.81041664,306.77283,220.97916,0.7593744
1.0,0.8125,306.77295,220.97916,0.7614577
1.0,0.81458336,306.77283,220.97916,0.7635411
1.0,0.81666666,306.77295,220.97916,0.7656244
1.0,0.81875,306.77283,220.97916,0.7677078
1.0,0.8208333,306.77295,220.97916,0.7697911
1.0,0.8229167,306.77295,220.97916,0.7718745
1.0,0.825,306.77295,220.97916,0.77395785
1.0,0.82708335,306.77295,220.97916,0.7760412
1.0,0.82916665,306.77283,220.97916,0.7781245
1.0,0.83125,306.77295,220.97916,0.78020793
1.0,0.8333333,306.77283,220.97916,0.78229123
1.0,0.8354167,306.77295,220.97916,0.78437465
1.0,0.8375,306.77283,220.97916,0.78645796
1.0,0.83958334,306.77295,220.97916,0.78854126
1.0,0.84166664,306.77283,220.97916,0.7906245
1.0,0.84375,306.77295,220.97916,0.7927078
1.0,0.84583336,306.77283,220.97916,0.7947912
1.0,0.84791666,306.77295,220.97916,0.7968745
1.0,0.85,306.77283,220.97916,0.798958
1.0,0.8520833,306.77295,220.97916,0.80104125
1.0,0.8541667,306.77283,220.97916,0.80312455
1.0,0.85625,306.77295,220.97916,0.80520785
1.0,0.85833335,306.77283,220.97916,0.80729115
1.0,0.86041665,306.77295,220.97916,0.8093744
1.0,0.8625,306.77283,220.97916,0.8114579
1.0,0.8645833,306.77295,220.97916,0.8135411
1.0,0.8666667,306.77283,220.97916,0.8156246
1.0,0.86875,306.77295,220.97916,0.8177079
1.0,0.87083334,306.77283,220.97916,0.81979114
1.0,0.87291664,306.77295,220.97916,0.82187444
1.0,0.875,306.77283,220.97916,0.82395774
1.0,0.87708336,306.77295,220.97916,0.82604116
1.0,0.87916666,306.77283,220.97916,0.82812446
1.0,0.88125,306.77295,220.97916,0.8302079
1.0,0.8833333,306.77283,220.97916,0.8322912
1.0,0.8854167,306.77295,220.97916,0.8343745
1.0,0.8875,306.77283,220.97916,0.8364578
1.0,0.88958335,306.77295,220.97916,0.83854103
1.0,0.89166665,306.77283,220.97916,0.84062433
1.0,0.89375,306.77295,220.97916,0.84270775
1.0,0.8958333,306.77283,220.97916,0.84479105
1.0,0.8979167,306.77295,220.97916,0.84687454
1.0,0.9,306.77283,220.97916,0.8489578
1.0,0.90208334,306.77295,220.97916,0.8510411
1.0,0.90416664,306.77283,220.97916,0.8531244
1.0,0.90625,306.77295,220.97916,0.8552077
1.0,0.90833336,306.77283,220.97916,0.8572911
1.0,0.91041666,306.77295,220.97916,0.8593744
1.0,0.9125,306.77283,220.97916,0.8614578
1.0,0.9145833,306.77295,220.97916,0.8635411
1.0,0.9166667,306.77295,220.97916,0.8656245
1.0,0.91875,306.77295,220.97916,0.86770785
1.0,0.92083335,306.77295,220.97916,0.8697912
1.0,0.92291665,306.77283,220.97916,0.8718745
1.0,0.925,306.77295,220.97916,0.87395793
1.0,0.9270833,306.77283,220.97916,0.87604123
1.0,0.9291667,306.77295,220.97916,0.87812465
1.0,0.93125,306.77283,220.97916,0.88020796
1.0,0.93333334,306.77295,220.97916,0.88229126
1.0,0.93541664,306.77283,220.97916,0.8843745
1.0,0.9375,306.77295,220.97916,0.8864578
1.0,0.93958336,306.77283,220.97916,0.8885412
1.0,0.94166666,306.77295,220.97916,0.8906245
1.0,0.94375,306.77283,220.97916,0.892708
1.0,0.9458333,306.77295,220.97916,0.89479125
1.0,0.9479167,306.77283,220.97916,0.89687455
1.0,0.95,306.77295,220.97916,0.89895785
1.0,0.95208335,306.77283,220.97916,0.90104115
1.0,0.95416665,306.77295,220.97916,0.9031244
1.0,0.95625,306.77283,220.97916,0.9052079
1.0,0.9583333,306.77295,220.97916,0.9072911
1.0,0.9604167,306.77283,220.97916,0.9093746
1.0,0.9625,306.77295,220.97916,0.9114579
1.0,0.96458334,306.77283,220.97916,0.91354114
1.0,0.96666664,306.77295,220.97916,0.91562444
1.0,0.96875,306.77283,220.97916,0.91770774
1.0,0.97083336,306.77295,220.97916,0.91979116
1.0,0.97291666,306.77283,220.97916,0.92187446
1.0,0.975,306.77295,220.97916,0.9239579
1.0,0.9770833,306.77283,220.97916,0.9260412
1.0,0.9791667,306.77295,220.97916,0.9281245
1.0,0.98125,306.77283,220.97916,0.9302078
1.0,0.98333335,306.77295,220.97916,0.93229103
1.0,0.98541665,306.77283,220.97916,0.93437433
1.0,0.9875,306.77295,220.97916,0.93645775
1.0,0.9895833,306.77283,220.97916,0.93854105
1.0,0.9916667,306.77295,220.97916,0.94062454
1.0,0.99375,306.77283,220.97916,0.9427078
1.0,0.99583334,306.77295,220.97916,0.9447911
1.0,0.99791664,306.77283,220.97916,0.9468744
1.0,1.0,306.77295,220.97916,0.9489577
1.0,1.0020833,306.77295,220.97916,0.95104104
1.0,1.0041667,306.77295,220.97916,0.9531177
1.0,1.00625,306.77283,220.97916,0.95517516
1.0,1.0083333,306.77295,220.97916,0.95720327
1.0,1.0104166,306.77283,220.97916,0.9591936
1.0,1.0125,306.77295,220.97916,0.96113926
1.0,1.0145833,306.77283,220.97916,0.96303463
1.0,1.0166667,306.77283,220.97916,0.9648754
1.0,1.01875,306.77283,220.97916,0.96665806
1.0,1.0208334,306.77283,220.97916,0.96838045
1.0,1.0229167,306.77295,220.97916,0.9700404
1.0,1.025,306.77295,220.97916,0.971637
1.0,1.0270833,306.77295,220.97916,0.9731698
1.0,1.0291667,306.77295,220.97916,0.9746388
1.0,1.03125,306.77295,220.97916,0.9760445
1.0,1.0333333,306.77283,220.97916,0.9773875
1.0,1.0354167,306.77295,220.97916,0.978669
1.0,1.0375,306.77295,220.97916,0.97989
1.0,1.0395833,306.77295,220.97916,0.9810521
1.0,1.0416666,306.77283,220.97916,0.982157
1.0,1.04375,306.77106,220.97931,0.98320633
1.0,1.0458333,306.76367,220.9798,0.9842019
1.0,1.0479167,306.74805,220.98093,0.9851456
1.0,1.05,306.72186,220.98285,0.98603946
1.0,1.0520834,306.68274,220.98566,0.98688537
1.0,1.0541667,306.6294,220.98953,0.9876852
1.0,1.05625,306.56067,220.99457,0.988441
1.0,1.0583333,306.47552,221.0008,0.98915464
1.0,1.0604167,306.3736,221.0083,0.989828
1.0,1.0625,306.2544,221.01712,0.9904631
1.0,1.0645833,306.1178,221.02728,0.9910617
1.0,1.0666667,305.9641,221.03876,0.99162555
1.0,1.06875,305.79364,221.05157,0.99215627
1.0,1.0708333,305.60675,221.06573,0.99265575
1.0,1.0729166,305.4041,221.08118,0.99312544
1.0,1.075,305.18634,221.09787,0.99356705
1.0,1.0770833,304.95416,221.11578,0.99398196
1.0,1.0791667,304.70856,221.13489,0.9943716
1.0,1.08125,304.45044,221.15509,0.9947374
1.0,1.0833334,304.1806,221.17642,0.9950807
1.0,1.0854167,303.9004,221.19873,0.9954028
1.0,1.0875,303.61047,221.22205,0.9957048
1.0,1.0895833,303.312,221.24625,0.9959879
1.0,1.0916667,303.0061,221.2713,0.99625313
1.0,1.09375,302.69366,221.29709,0.9965016
1.0,1.0958333,302.3758,221.32364,0.9967344
1.0,1.0979167,302.05322,221.35083,0.99695224
1.0,1.1,301.7273,221.37866,0.99715614
1.0,1.1020833,301.39868,221.40698,0.997347
1.0,1.1041666,301.06836,221.43579,0.99752545
1.0,1.10625,300.73718,221.46503,0.9976923
1.0,1.1083333,300.40594,221.49463,0.9978483
1.0,1.1104167,300.07556,221.5245,0.99799407
1.0,1.1125,299.74664,221.55469,0.9981303
1.0,1.1145834,299.4198,221.58505,0.99825764
1.0,1.1166667,299.09595,221.61554,0.99837655
1.0,1.11875,298.77545,221.64621,0.9984876
1.0,1.1208333,298.45898,221.67691,0.99859124
1.0,1.1229167,298.1471,221.70764,0.998688
1.0,1.125,297.84027,221.73834,0.9987782
1.0,1.1270833,297.53876,221.76898,0.99886245
1.0,1.1291667,297.2433,221.79956,0.99894106
1.0,1.13125,296.95386,221.82999,0.9990143
1.0,1.1333333,296.67102,221.86023,0.9990827
1.0,1.1354166,296.39502,221.89032,0.99914646
1.0,1.1375,296.12592,221.92017,0.9992058
1.0,1.1395833,295.86414,221.9498,0.9992612
1.0,1.1416667,295.60986,221.97913,0.99931276
1.0,1.14375,295.3629,222.00818,0.99936074
1.0,1.1458334,295.12378,222.03693,0.9994055
1.0,1.1479167,294.8922,222.06534,0.9994472
1.0,1.15,294.66858,222.09338,0.999486
1.0,1.1520833,294.45282,222.12103,0.9995222
1.0,1.1541667,294.24475,222.14838,0.9995559
1.0,1.15625,294.04456,222.17526,0.9995872
1.0,1.1583333,293.852,222.20178,0.9996163
1.0,1.1604167,293.66718,222.22784,0.99964345
1.0,1.1625,293.4901,222.25351,0.9996687
1.0,1.1645833,293.3205,222.27875,0.9996922
1.0,1.1666666,293.1582,222.30353,0.9997141
1.0,1.16875,293.00342,222.32788,0.99973446
1.0,1.1708333,292.8556,222.35175,0.9997533
1.0,1.1729167,292.71497,222.37515,0.9997709
1.0,1.175,292.58118,222.39813,0.9997872
1.0,1.1770834,292.45404,222.42065,0.9998024
1.0,1.1791667,292.33344,222.44269,0.99981654
1.0,1.18125,292.21936,222.4643,0.9998296
1.0,1.1833333,292.1114,222.48541,0.9998418
1.0,1.1854167,292.00946,222.5061,0.99985313
1.0,1.1875,291.9132,222.5263,0.9998637
1.0,1.1895833,291.82275,222.54608,0.99987346
1.0,1.1916667,291.7378,222.56537,0.9998826
1.0,1.19375,291.65802,222.58423,0.99989104
1.0,1.1958333,291.5833,222.60263,0.9998989
1.0,1.1979166,291.51355,222.6206,0.99990624
1.0,1.2,291.44836,222.63812,0.999913
1.0,1.2020833,291.38782,222.65521,0.9999193
1.0,1.2041667,291.33142,222.67188,0.9999252
1.0,1.20625,291.27917,222.68811,0.99993056
1.0,1.2083334,291.23096,222.70398,0.99993557
1.0,1.2104167,291.1864,222.71939,0.9999403
1.0,1.2125,291.14557,222.73438,0.99994457
1.0,1.2145833,291.10803,222.74902,0.9999486
1.0,1.2166667,291.07367,222.76324,0.9999523
1.0,1.21875,291.04254,222.7771,0.9999558
1.0,1.2208333,291.01422,222.79056,0.999959
1.0,1.2229167,290.98883,222.80365,0.99996203
1.0,1.225,290.96588,222.8164,0.9999648
1.0,1.2270833,290.9453,222.82877,0.99996734
1.0,1.2291666,290.9273,222.84082,0.9999697
1.0,1.23125,290.91132,222.85248,0.9999719
1.0,1.2333333,290.89734,222.86383,0.999974
1.0,1.2354167,290.8853,222.87488,0.999976
1.0,1.2375,290.87512,222.88556,0.9999777
1.0,1.2395834,290.86664,222.89597,0.9999793
1.0,1.2416667,290.85962,222.90604,0.99998087
1.0,1.24375,290.85406,222.91583,0.9999823
1.0,1.2458333,290.84998,222.92535,0.9999836
1.0,1.2479167,290.84705,222.93451,0.9999848
1.0,1.25,290.8452,222.94348,0.999986
1.0,1.2520833,290.84442,222.95212,0.99998695
1.0,1.2541667,290.8448,222.96051,0.9999879
1.0,1.25625,290.84583,222.96863,0.99998885
1.0,1.2583333,290.84784,222.97653,0.9999897
1.0,1.2604166,290.85052,222.98416,0.99999046
1.0,1.2625,290.85388,222.99155,0.9999911
1.0,1.2645833,290.85773,222.99872,0.99999183
1.0,1.2666667,290.8623,223.00568,0.99999243
1.0,1.26875,290.8673,223.01239,0.99999297
1.0,1.2708334,290.87262,223.01886,0.9999935
1.0,1.2729167,290.87842,223.02518,0.999994
1.0,1.275,290.88452,223.03128,0.99999446
1.0,1.2770833,290.891,223.03717,0.9999948
1.0,1.2791667,290.89752,223.04288,0.99999523
1.0,1.28125,290.90442,223.0484,0.9999956
1.0,1.2833333,290.91132,223.05374,0.9999959
1.0,1.2854167,290.91852,223.0589,0.99999624
1.0,1.2875,290.92566,223.0639,0.99999654
1.0,1.2895833,290.93286,223.06873,0.9999968
1.0,1.2916666,290.94025,223.07336,0.999997
1.0,1.29375,290.9475,223.07788,0.9999972
1.0,1.2958333,290.95477,223.08224,0.99999744
1.0,1.2979167,290.96204,223.08649,0.9999976
1.0,1.3,290.96936,223.09052,0.9999978
1.0,1.3020834,290.97644,223.09448,0.9999979
1.0,1.3041667,290.98352,223.09827,0.9999981
1.0,1.30625,290.99054,223.10193,0.9999982
1.0,1.3083333,290.99744,223.10547,0.9999984
1.0,1.3104167,291.0042,223.10889,0.9999985
1.0,1.3125,291.01074,223.11218,0.9999986
1.0,1.3145833,291.01727,223.11542,0.9999987
1.0,1.3166667,291.02368,223.11847,0.99999875
1.0,1.31875,291.02985,223.12146,0.99999887
1.0,1.3208333,291.0359,223.12433,0.9999989
1.0,1.3229166,291.0418,223.12708,0.999999
1.0,1.325,291.04755,223.12976,0.99999905
1.0,1.3270833,291.0531,223.13232,0.99999917
1.0,1.3291667,291.0584,223.13483,0.9999992
1.0,1.33125,291.06366,223.1372,0.9999993
1.0,1.3333334,291.0688,223.13953,0.9999994
1.0,1.3354167,291.0736,223.14178,0.99999946
1.0,1.3375,291.07837,223.14392,0.9999995
1.0,1.3395833,291.0829,223.146,0.99999964
1.0,1.3416667,291.08728,223.14801,0.99999964
1.0,1.34375,291.0916,223.14996,0.99999964
1.0,1.3458333,291.09558,223.15182,0.99999964
1.0,1.3479167,291.0995,223.15363,0.99999964
1.0,1.35,291.10333,223.15533,0.99999964
1.0,1.3520833,291.10687,223.15701,0.99999964
1.0,1.3541666,291.1104,223.15863,0.99999964
1.0,1.35625,291.11365,223.16019,0.99999964
1.0,1.3583333,291.11682,223.16168,0.99999964
1.0,1.3604167,291.1198,223.16312,0.99999964
1.0,1.3625,291.12268,223.16449,0.99999964
1.0,1.3645834,291.12555,223.16583,0.99999964
1.0,1.3666667,291.1281,223.16714,0.99999964
1.0,1.36875,291.13074,223.1684,0.99999964
1.0,1.3708333,291.133,223.16959,0.99999964
1.0,1.3729167,291.13538,223.17072,0.99999964
1.0,1.375,291.1374,223.17184,0.99999964
1.0,1.3770833,291.13953,223.17291,0.99999964
1.0,1.3791667,291.14148,223.17395,0.99999964
1.0,1.38125,291.14325,223.17493,0.99999964
1.0,1.3833333,291.14508,223.1759,0.99999964
1.0,1.3854166,291.14667,223.17682,0.99999964
1.0,1.3875,291.14832,223.1777,0.99999964
1.0,1.3895833,291.14978,223.17853,0.99999964
1.0,1.3916667,291.15118,223.17938,0.99999964
1.0,1.39375,291.15247,223.18018,0.99999964
1.0,1.3958334,291.1537,223.18091,0.99999964
1.0,1.3979167,291.1549,223.18164,0.99999964
1.0,1.4,291.15607,223.18237,0.99999964
1.0,1.4020833,291.1571,223.18304,0.99999964
1.0,1.4041667,291.15808,223.18369,0.99999964
1.0,1.40625,291.15906,223.18433,0.99999964
1.0,1.4083333,291.1598,223.18494,0.99999964
1.0,1.4104167,291.1607,223.18549,0.99999964
1.0,1.4125,291.1615,223.18607,0.99999964
1.0,1.4145833,291.16223,223.18658,0.99999964
1.0,1.4166666,291.1629,223.18713,0.99999964
1.0,1.41875,291.16345,223.18762,0.99999964
1.0,1.4208333,291.16412,223.18811,0.99999964
1.0,1.4229167,291.16467,223.18854,0.99999964
1.0,1.425,291.16516,223.189,0.99999964
1.0,1.4270834,291.16565,223.18942,0.99999964
1.0,1.4291667,291.16614,223.18985,0.99999964
1.0,1.43125,291.16656,223.19025,0.99999964
1.0,1.4333333,291.16687,223.19061,0.99999964
1.0,1.4354167,291.1673,223.19098,0.99999964
1.0,1.4375,291.1676,223.19135,0.99999964
1.0,1.4395833,291.1679,223.19165,0.99999964
1.0,1.4416667,291.16833,223.19199,0.99999964
1.0,1.44375,291.16858,223.19232,0.99999964
1.0,1.4458333,291.16882,223.19263,0.99999964
1.0,1.4479166,291.16907,223.1929,0.99999964
1.0,1.45,291.1693,223.19318,0.99999964
1.0,1.4520833,291.1695,223.19342,0.99999964
1.0,1.4541667,291.16962,223.1937,0.99999964
1.0,1.45625,291.1698,223.19394,0.99999964
1.0,1.4583334,291.17004,223.19421,0.99999964
1.0,1.4604167,291.17023,223.1944,0.99999964
1.0,1.4625,291.1703,223.19464,0.99999964
1.0,1.4645833,291.17053,223.19485,0.99999964
1.0,1.4666667,291.17053,223.19504,0.99999964
1.0,1.46875,291.17078,223.19525,0.99999964
1.0,1.4708333,291.17078,223.19543,0.99999964
1.0,1.4729167,291.17096,223.19562,0.99999964
1.0,1.475,291.17102,223.19577,0.99999964
1.0,1.4770833,291.17108,223.19595,0.99999964
1.0,1.4791666,291.17126,223.1961,0.99999964
1.0,1.48125,291.17126,223.19626,0.99999964
1.0,1.4833333,291.17133,223.19641,0.99999964
1.0,1.4854167,291.1715,223.19653,0.99999964
1.0,1.4875,291.1715,223.19669,0.99999964
1.0,1.4895834,291.1715,223.19684,0.99999964
1.0,1.4916667,291.17157,223.19693,0.99999964
1.0,1.49375,291.1717,223.19708,0.99999964
1.0,1.4958333,291.17175,223.1972,0.99999964
1.0,1.4979167,291.17175,223.19727,0.99999964
1.0,1.5,291.17175,223.19739,0.99999964
1.0,1.5020833,291.17194,223.19751,0.99999964
1.0,1.5041667,291.17194,223.19757,0.99999964
1.0,1.50625,291.172,223.1977,0.99999964
1.0,1.5083333,291.172,223.19778,0.99999964
1.0,1.5104166,291.172,223.19788,0.99999964
1.0,1.5125,291.17206,223.19794,0.99999964
1.0,1.5145833,291.17206,223.19803,0.99999964
1.0,1.5166667,291.17206,223.19812,0.99999964
1.0,1.51875,291.17224,223.19818,0.99999964
1.0,1.5208334,291.17224,223.19827,0.99999964
1.0,1.5229167,291.17224,223.1983,0.99999964
1.0,1.525,291.17224,223.19843,0.99999964
1.0,1.5270833,291.17224,223.19846,0.99999964
1.0,1.5291667,291.1723,223.19852,0.99999964
1.0,1.53125,291.17242,223.19858,0.99999964
1.0,1.5333333,291.17242,223.19864,0.99999964
1.0,1.5354167,291.17242,223.1987,0.99999964
1.0,1.5375,291.1725,223.19873,0.99999964
1.0,1.5395833,291.1725,223.19879,0.99999964
1.0,1.5416666,291.1725,223.19882,0.99999964
1.0,1.54375,291.1725,223.19888,0.99999964
1.0,1.5458333,291.1725,223.19891,0.99999964
1.0,1.5479167,291.1725,223.19897,0.99999964
1.0,1.55,291.17255,223.199,0.99999964
1.0,1.5520834,291.17255,223.19904,0.99999964
1.0,1.5541667,291.17255,223.1991,0.99999964
1.0,1.55625,291.17267,223.1991,0.99999964
1.0,1.5583333,291.17273,223.19916,0.99999964
1.0,1.5604167,291.17273,223.19919,0.99999964
1.0,1.5625,291.17273,223.19922,0.99999964
1.0,1.5645833,291.17273,223.19925,0.99999964
1.0,1.5666667,291.17273,223.19928,0.99999964
1.0,1.56875,291.17273,223.19931,0.99999964
1.0,1.5708333,291.17273,223.19934,0.99999964
1.0,1.5729166,291.1728,223.19934,0.99999964
1.0,1.575,291.1728,223.1994,0.99999964
1.0,1.5770833,291.1729,223.1994,0.99999964
1.0,1.5791667,291.1729,223.19943,0.99999964
1.0,1.58125,291.1729,223.19946,0.99999964
1.0,1.5833334,291.1729,223.19946,0.99999964
1.0,1.5854167,291.17297,223.19946,0.99999964
1.0,1.5875,291.17297,223.19952,0.99999964
1.0,1.5895833,291.17297,223.19952,0.99999964
1.0,1.5916667,291.17297,223.19952,0.99999964
1.0,1.59375,291.17297,223.19958,0.99999964
1.0,1.5958333,291.17297,223.19958,0.99999964
1.0,1.5979167,291.17297,223.19958,0.99999964
1.0,1.6,291.17297,223.19962,0.99999964
1.0,1.6020833,291.17297,223.19962,0.99999964
1.0,1.6041666,291.17303,223.19965,0.99999964
1.0,1.60625,291.17303,223.19965,0.99999964
1.0,1.6083333,291.17303,223.19965,0.99999964
1.0,1.6104167,291.17303,223.19968,0.99999964
1.0,1.6125,291.17316,223.1997,0.99999964
1.0,1.6145834,291.17316,223.1997,0.99999964
1.0,1.6166667,291.17316,223.1997,0.99999964
1.0,1.61875,291.17322,223.19974,0.99999964
1.0,1.6208333,291.17322,223.19974,0.99999964
1.0,1.6229167,291.17322,223.19977,0.99999964
1.0,1.625,291.17322,223.19977,0.99999964
1.0,1.6270833,291.17322,223.19977,0.99999964
1.0,1.6291667,291.17322,223.19977,0.99999964
1.0,1.63125,291.17322,223.19977,0.99999964
1.0,1.6333333,291.17322,223.1998,0.99999964
1.0,1.6354166,291.17322,223.1998,0.99999964
1.0,1.6375,291.17322,223.1998,0.99999964
1.0,1.6395833,291.17322,223.19983,0.99999964
1.0,1.6416667,291.17322,223.19983,0.99999964
1.0,1.64375,291.17322,223.19983,0.99999964
1.0,1.6458334,291.17322,223.19983,0.99999964
1.0,1.6479167,291.17322,223.19983,0.99999964
1.0,1.65,291.17322,223.19983,0.99999964
1.0,1.6520833,291.17322,223.19983,0.99999964
1.0,1.6541667,291.17322,223.19983,0.99999964
1.0,1.65625,291.17322,223.19983,0.99999964
1.0,1.6583333,291.17322,223.19989,0.99999964
1.0,1.6604167,291.17322,223.19989,0.99999964
1.0,1.6625,291.17322,223.19989,0.99999964
1.0,1.6645833,291.17328,223.19989,0.99999964
1.0,1.6666666,291.17328,223.19989,0.99999964
1.0,1.66875,291.17328,223.19989,0.99999964
1.0,1.6708333,291.1734,223.19989,0.99999964
1.0,1.6729167,291.1734,223.19989,0.99999964
1.0,1.675,291.1734,223.19989,0.99999964
1.0,1.6770834,291.1734,223.19989,0.99999964
1.0,1.6791667,291.1734,223.19989,0.99999964
1.0,1.68125,291.1734,223.19989,0.99999964
1.0,1.6833333,291.1734,223.19989,0.99999964
1.0,1.6854167,291.1734,223.19989,0.99999964
1.0,1.6875,291.1734,223.19989,0.99999964
1.0,1.6895833,291.1734,223.19989,0.99999964
1.0,1.6916667,291.1734,223.19989,0.99999964
1.0,1.69375,291.1734,223.19989,0.99999964
1.0,1.6958333,291.1734,223.19989,0.99999964
1.0,1.6979166,291.1734,223.19989,0.99999964
1.0,1.7,291.1734,223.19989,0.99999964
1.0,1.7020833,291.1734,223.19989,0.99999964
1.0,1.7041667,291.1734,223.19989,0.99999964
1.0,1.70625,291.1734,223.19989,0.99999964
1.0,1.7083334,291.1734,223.19989,0.99999964
1.0,1.7104167,291.1734,223.19989,0.99999964
1.0,1.7125,291.1734,223.19989,0.99999964
1.0,1.7145833,291.1734,223.19989,0.99999964
1.0,1.7166667,291.1734,223.19989,0.99999964
1.0,1.71875,291.1734,223.19989,0.99999964
1.0,1.7208333,291.1734,223.19989,0.99999964
1.0,1.7229167,291.1734,223.19989,0.99999964
1.0,1.725,291.1734,223.19989,0.99999964
1.0,1.7270833,291.1734,223.19989,0.99999964
1.0,1.7291666,291.1734,223.19989,0.99999964
1.0,1.73125,291.1734,223.19989,0.99999964
1.0,1.7333333,291.1734,223.19989,0.99999964
1.0,1.7354167,291.1734,223.19989,0.99999964
1.0,1.7375,291.1734,223.19989,0.99999964
1.0,1.7395834,291.1734,223.19989,0.99999964
1.0,1.7416667,291.1734,223.19989,0.99999964
1.0,1.74375,291.1734,223.19989,0.99999964
1.0,1.7458333,291.1734,223.19989,0.99999964
1.0,1.7479167,291.1734,223.19989,0.99999964
1.0,1.75,291.1734,223.19989,0.99999964
1.0,1.7520833,291.1734,223.19989,0.99999964
1.0,1.7541667,291.1734,223.19989,0.99999964
1.0,1.75625,291.1734,223.19989,0.99999964
1.0,1.7583333,291.1734,223.19989,0.99999964
1.0,1.7604166,291.1734,223.19989,0.99999964
1.0,1.7625,291.1734,223.19989,0.99999964
1.0,1.7645833,291.1734,223.19989,0.99999964
1.0,1.7666667,291.1734,223.19989,0.99999964
1.0,1.76875,291.1734,223.19989,0.99999964
1.0,1.7708334,291.1734,223.19989,0.99999964
1.0,1.7729167,291.1734,223.19989,0.99999964
1.0,1.775,291.1734,223.19989,0.99999964
1.0,1.7770833,291.1734,223.19989,0.99999964
1.0,1.7791667,291.1734,223.19989,0.99999964
1.0,1.78125,291.1734,223.19989,0.99999964
1.0,1.7833333,291.1734,223.19989,0.99999964
1.0,1.7854167,291.1734,223.19989,0.99999964
1.0,1.7875,291.1734,223.19989,0.99999964
1.0,1.7895833,291.1734,223.19989,0.99999964
1.0,1.7916666,291.1734,223.19989,0.99999964
1.0,1.79375,291.1734,223.19989,0.99999964
1.0,1.7958333,291.1734,223.19989,0.99999964
1.0,1.7979167,291.1734,223.19989,0.99999964
1.0,1.8,291.1734,223.19989,0.99999964
1.0,1.8020834,291.1734,223.19989,0.99999964
1.0,1.8041667,291.1734,223.19989,0.99999964
1.0,1.80625,291.1734,223.19989,0.99999964
1.0,1.8083333,291.1734,223.19989,0.99999964
1.0,1.8104167,291.1734,223.19989,0.99999964
1.0,1.8125,291.1734,223.19989,0.99999964
1.0,1.8145833,291.1734,223.19989,0.99999964
1.0,1.8166667,291.1734,223.19989,0.99999964
1.0,1.81875,291.1734,223.19989,0.99999964
1.0,1.8208333,291.1734,223.19989,0.99999964
1.0,1.8229166,291.1734,223.19989,0.99999964
1.0,1.825,291.1734,223.19989,0.99999964
1.0,1.8270833,291.1734,223.19989,0.99999964
1.0,1.8291667,291.1734,223.19989,0.99999964
1.0,1.83125,291.1734,223.19989,0.99999964
1.0,1.8333334,291.1734,223.19989,0.99999964
1.0,1.8354167,291.1734,223.19989,0.99999964
1.0,1.8375,291.1734,223.19989,0.99999964
1.0,1.8395833,291.1734,223.19989,0.99999964
1.0,1.8416667,291.1734,223.19989,0.99999964
1.0,1.84375,291.1734,223.19989,0.99999964
1.0,1.8458333,291.1734,223.19989,0.99999964
1.0,1.8479167,291.1734,223.19989,0.99999964
1.0,1.85,291.1734,223.19989,0.99999964
1.0,1.8520833,291.1734,223.19989,0.99999964
1.0,1.8541666,291.1734,223.19989,0.99999964
1.0,1.85625,291.1734,223.19989,0.99999964
1.0,1.8583333,291.1734,223.19989,0.99999964
1.0,1.8604167,291.1734,223.19989,0.99999964
1.0,1.8625,291.1734,223.19989,0.99999964
1.0,1.8645834,291.1734,223.19989,0.99999964
1.0,1.8666667,291.1734,223.19989,0.99999964
1.0,1.86875,291.1734,223.19989,0.99999964
1.0,1.8708333,291.1734,223.19989,0.99999964
1.0,1.8729167,291.1734,223.19989,0.99999964
1.0,1.875,291.1734,223.19989,0.99999964
1.0,1.8770833,291.1734,223.19989,0.99999964
1.0,1.8791667,291.1734,223.19989,0.99999964
1.0,1.88125,291.1734,223.19989,0.99999964
1.0,1.8833333,291.1734,223.19989,0.99999964
1.0,1.8854166,291.1734,223.19989,0.99999964
1.0,1.8875,291.1734,223.19989,0.99999964
1.0,1.8895833,291.1734,223.19989,0.99999964
1.0,1.8916667,291.1734,223.19989,0.99999964
1.0,1.89375,291.1734,223.19989,0.99999964
1.0,1.8958334,291.1734,223.19989,0.99999964
1.0,1.8979167,291.1734,223.19989,0.99999964
1.0,1.9,291.1734,223.19989,0.99999964
1.0,1.9020833,291.1734,223.19989,0.99999964
1.0,1.9041667,291.1734,223.19989,0.99999964
1.0,1.90625,291.1734,223.19989,0.99999964
1.0,1.9083333,291.1734,223.19989,0.99999964
1.0,1.9104167,291.1734,223.19989,0.99999964
1.0,1.9125,291.1734,223.19989,0.99999964
1.0,1.9145833,291.1734,223.19989,0.99999964
1.0,1.9166666,291.1734,223.19989,0.99999964
1.0,1.91875,291.1734,223.19989,0.99999964
1.0,1.9208333,291.1734,223.19989,0.99999964
1.0,1.9229167,291.1734,223.19989,0.99999964
1.0,1.925,291.1734,223.19989,0.99999964
1.0,1.9270834,291.1734,223.19989,0.99999964
1.0,1.9291667,291.1734,223.19989,0.99999964
1.0,1.93125,291.1734,223.19989,0.99999964
1.0,1.9333333,291.1734,223.19989,0.99999964
1.0,1.9354167,291.1734,223.19989,0.99999964
1.0,1.9375,291.1734,223.19989,0.99999964
1.0,1.9395833,291.1734,223.19989,0.99999964
1.0,1.9416667,291.1734,223.19989,0.99999964
1.0,1.94375,291.1734,223.19989,0.99999964
1.0,1.9458333,291.1734,223.19989,0.99999964
1.0,1.9479166,291.1734,223.19989,0.99999964
1.0,1.95,291.1734,223.19989,0.99999964
1.0,1.9520833,291.1734,223.19989,0.99999964
1.0,1.9541667,291.1734,223.19989,0.99999964
1.0,1.95625,291.1734,223.19989,0.99999964
1.0,1.9583334,291.1734,223.19989,0.99999964
1.0,1.9604167,291.1734,223.19989,0.99999964
1.0,1.9625,291.1734,223.19989,0.99999964
1.0,1.9645833,291.1734,223.19989,0.99999964
1.0,1.9666667,291.1734,223.19989,0.99999964
1.0,1.96875,291.1734,223.19989,0.99999964
1.0,1.9708333,291.1734,223.19989,0.99999964
1.0,1.9729167,291.1734,223.19989,0.99999964
1.0,1.975,291.1734,223.19989,0.99999964
1.0,1.9770833,291.1734,223.19989,0.99999964
1.0,1.9791666,291.1734,223.19989,0.99999964
1.0,1.98125,291.1734,223.19989,0.99999964
1.0,1.9833333,291.1734,223.19989,0.99999964
1.0,1.9854167,291.1734,223.19989,0.99999964
1.0,1.9875,291.1734,223.19989,0.99999964
1.0,1.9895834,291.1734,223.19989,0.99999964
1.0,1.9916667,291.1734,223.19989,0.99999964
1.0,1.99375,291.1734,223.19989,0.99999964
1.0,1.9958333,291.1734,223.19989,0.99999964
1.0,1.9979167,291.1734,223.19989,0.99999964
1.0,2.0,291.1734,223.19989,0.99999964
1.5,0.0020833334,291.17114,223.19763,0.0
1.5,0.004166667,291.17123,223.19775,4.566077E-6
1.5,0.00625,291.1714,223.19785,2.183818E-5
1.5,0.008333334,291.17175,223.1979,5.8646154E-5
1.5,0.010416667,291.17276,223.19794,1.2062535E-4
1.5,0.0125,291.17477,223.19788,2.1239965E-4
1.5,0.014583333,291.1783,223.1977,3.376874E-4
1.5,0.016666668,291.1839,223.19736,4.994171E-4
1.5,0.01875,291.19214,223.19684,6.998428E-4
1.5,0.020833334,291.20343,223.19604,9.406119E-4
1.5,0.022916667,291.21848,223.195,0.0012228899
1.5,0.025,291.23758,223.19366,0.0015473607
1.5,0.027083334,291.26123,223.19196,0.0019143615
1.5,0.029166667,291.2898,223.18991,0.0023238827
1.5,0.03125,291.3236,223.18744,0.002775693
1.5,0.033333335,291.36285,223.18454,0.0032692533
1.5,0.035416666,291.40784,223.18121,0.003803889
1.5,0.0375,291.45862,223.1774,0.0043787714
1.5,0.039583333,291.51532,223.1731,0.0049928995
1.5,0.041666668,291.578,223.16833,0.005645232
1.5,0.04375,291.6466,223.16309,0.0063345744
1.5,0.045833334,291.7211,223.15735,0.0070597525
1.5,0.047916666,291.80133,223.15115,0.007819475
1.5,0.05,291.88727,223.14444,0.008612488
1.5,0.052083332,291.97864,223.13727,0.009437465
1.5,0.054166667,292.0752,223.12961,0.010293132
1.5,0.05625,292.17682,223.12152,0.011178161
1.5,0.058333334,292.2832,223.11298,0.0120912995
1.5,0.060416665,292.39404,223.104,0.013031237
1.5,0.0625,292.509,223.0946,0.01399676
1.5,0.06458333,292.62787,223.08484,0.014986635
1.5,0.06666667,292.75024,223.07468,0.015999649
1.5,0.06875,292.87585,223.06415,0.017034704
1.5,0.07083333,293.00427,223.05328,0.018090624
1.5,0.072916664,293.1353,223.04211,0.019166388
1.5,0.075,293.26843,223.03064,0.020260898
1.5,0.077083334,293.4035,223.01892,0.021373209
1.5,0.079166666,293.54007,223.0069,0.022502301
1.5,0.08125,293.67786,222.99469,0.023647308
1.5,0.083333336,293.8165,222.98224,0.024807304
1.5,0.08541667,293.95578,222.9696,0.025981499
1.5,0.0875,294.0953,222.95682,0.027169025
1.5,0.08958333,294.23486,222.94385,0.02836919
1.5,0.09166667,294.37408,222.93076,0.029581204
1.5,0.09375,294.51282,222.91757,0.030804431
1.5,0.09583333,294.6507,222.9043,0.03203818
1.5,0.09791667,294.78763,222.89093,0.03328179
1.5,0.1,294.92328,222.8775,0.034534764
1.5,0.10208333,295.05743,222.86407,0.035796445
1.5,0.104166664,295.18994,222.85059,0.037066374
1.5,0.10625,295.32062,222.8371,0.03834399
1.5,0.108333334,295.44928,222.82367,0.039628886
1.5,0.110416666,295.5758,222.81021,0.04092055
1.5,0.1125,295.7,222.79681,0.04221862
1.5,0.114583336,295.82178,222.78345,0.043522634
1.5,0.11666667,295.94098,222.77014,0.04483229
1.5,0.11875,296.05756,222.75696,0.046147145
1.5,0.12083333,296.17142,222.74384,0.047466952
1.5,0.12291667,296.2824,222.7308,0.048791327
1.5,0.125,296.39062,222.7179,0.050120056
1.5,0.12708333,296.49582,222.70508,0.05145281
1.5,0.12916666,296.59805,222.69238,0.052789304
1.5,0.13125,296.69727,222.67987,0.05412932
1.5,0.13333334,296.79346,222.66748,0.055472672
1.5,0.13541667,296.8866,222.65521,0.056819107
1.5,0.1375,296.97668,222.6431,0.058168393
1.5,0.13958333,297.06366,222.63116,0.059520412
1.5,0.14166667,297.14764,222.61938,0.0608749
1.5,0.14375,297.22858,222.60779,0.062231775
1.5,0.14583333,297.30652,222.59631,0.06359081
1.5,0.14791666,297.3814,222.58508,0.06495193
1.5,0.15,297.4534,222.57397,0.06631495
1.5,0.15208334,297.52246,222.56311,0.067679726
1.5,0.15416667,297.58865,222.55237,0.069046155
1.5,0.15625,297.65204,222.54187,0.070414186
1.5,0.15833333,297.71265,222.53152,0.07178366
1.5,0.16041666,297.7705,222.5214,0.07315443
1.5,0.1625,297.82574,222.51141,0.07452647
1.5,0.16458334,297.87836,222.50165,0.07589972
1.5,0.16666667,297.92847,222.4921,0.077274054
1.5,0.16875,297.9761,222.48273,0.078649364
1.5,0.17083333,298.02136,222.47351,0.080025665
1.5,0.17291667,298.06427,222.46454,0.08140281
1.5,0.175,298.10492,222.45575,0.082780816
1.5,0.17708333,298.1433,222.44714,0.084159546
1.5,0.17916666,298.17963,222.43872,0.085539035
1.5,0.18125,298.21387,222.43048,0.08691919
1.5,0.18333334,298.24622,222.42245,0.088299915
1.5,0.18541667,298.2765,222.41461,0.08968122
1.5,0.1875,298.3051,222.40692,0.091063105
1.5,0.18958333,298.3318,222.39941,0.09244549
1.5,0.19166666,298.35687,222.39209,0.0938283
1.5,0.19375,298.38025,222.38495,0.09521153
1.5,0.19583334,298.40213,222.37799,0.096595205
1.5,0.19791667,298.42252,222.37122,0.09797925
1.5,0.2,298.44147,222.3646,0.099363595
1.5,0.20208333,298.45905,222.35812,0.10074827
1.5,0.20416667,298.47528,222.35187,0.10213332
1.5,0.20625,298.49026,222.3457,0.103518575
1.5,0.20833333,298.5041,222.33975,0.10490408
1.5,0.21041666,298.51678,222.33392,0.106289834
1.5,0.2125,298.52844,222.32831,0.10767588
1.5,0.21458334,298.5391,222.32281,0.10906206
1.5,0.21666667,298.5487,222.31744,0.110448435
1.5,0.21875,298.5575,222.31226,0.11183498
1.5,0.22083333,298.56543,222.30719,0.11322177
1.5,0.22291666,298.5725,222.30225,0.114608645
1.5,0.225,298.57892,222.29749,0.11599566
1.5,0.22708334,298.58453,222.29285,0.1173829
1.5,0.22916667,298.58948,222.28833,0.118770175
1.5,0.23125,298.5938,222.2839,0.12015757
1.5,0.23333333,298.59753,222.27963,0.12154508
1.5,0.23541667,298.60077,222.27551,0.12293276
1.5,0.2375,298.60345,222.27148,0.12432045
1.5,0.23958333,298.60565,222.26758,0.12570822
1.5,0.24166666,298.60742,222.2638,0.12709609
1.5,0.24375,298.60876,222.26013,0.12848409
1.5,0.24583334,298.60974,222.25653,0.12987208
1.5,0.24791667,298.6104,222.25308,0.13126016
1.5,0.25,298.61072,222.24973,0.13264827
1.5,0.25208333,298.6107,222.24646,0.13403654
1.5,0.25416666,298.61047,222.24332,0.13542476
1.5,0.25625,298.60992,222.24023,0.13681304
1.5,0.25833333,298.6092,222.2373,0.13820143
1.5,0.26041666,298.60828,222.2344,0.13958979
1.5,0.2625,298.60718,222.23163,0.14097819
1.5,0.26458332,298.6059,222.22894,0.14236662
1.5,0.26666668,298.60443,222.22632,0.14375517
1.5,0.26875,298.6029,222.22379,0.14514366
1.5,0.27083334,298.60123,222.22134,0.14653218
1.5,0.27291667,298.59946,222.21896,0.1479208
1.5,0.275,298.5976,222.21667,0.14930937
1.5,0.27708334,298.59564,222.21442,0.15069796
1.5,0.27916667,298.59366,222.21228,0.15208657
1.5,0.28125,298.59164,222.2102,0.1534752
1.5,0.28333333,298.58954,222.20816,0.15486391
1.5,0.28541666,298.58746,222.20624,0.15625258
1.5,0.2875,298.58533,222.20432,0.15764125
1.5,0.28958333,298.58316,222.20251,0.15903
1.5,0.29166666,298.58102,222.20074,0.16041872
1.5,0.29375,298.57886,222.19904,0.16180743
1.5,0.29583332,298.57672,222.19739,0.16319616
1.5,0.29791668,298.57465,222.1958,0.16458496
1.5,0.3,298.5725,222.19424,0.16597371
1.5,0.30208334,298.57043,222.19275,0.16736245
1.5,0.30416667,298.56836,222.19128,0.1687513
1.5,0.30625,298.56635,222.18991,0.17014009
1.5,0.30833334,298.56427,222.18857,0.17152886
1.5,0.31041667,298.56232,222.18726,0.17291765
1.5,0.3125,298.56042,222.18597,0.17430642
1.5,0.31458333,298.55853,222.18478,0.17569533
1.5,0.31666666,298.5567,222.1836,0.17708415
1.5,0.31875,298.55487,222.1825,0.17847297
1.5,0.32083333,298.55316,222.1814,0.17986186
1.5,0.32291666,298.5514,222.1803,0.18125068
1.5,0.325,298.54974,222.17932,0.1826395
1.5,0.32708332,298.54816,222.17831,0.18402831
1.5,0.32916668,298.54657,222.17737,0.18541722
1.5,0.33125,298.54504,222.17645,0.18680604
1.5,0.33333334,298.54364,222.17557,0.18819486
1.5,0.33541667,298.54218,222.17468,0.18958375
1.5,0.3375,298.54083,222.17389,0.19097257
1.5,0.33958334,298.5395,222.1731,0.19236138
1.5,0.34166667,298.5382,222.1723,0.19375025
1.5,0.34375,298.537,222.17157,0.19513911
1.5,0.34583333,298.53577,222.17084,0.19652803
1.5,0.34791666,298.53467,222.17017,0.1979169
1.5,0.35,298.53357,222.1695,0.19930576
1.5,0.35208333,298.53253,222.16888,0.2006947
1.5,0.35416666,298.5315,222.16821,0.20208354
1.5,0.35625,298.53052,222.16763,0.2034724
1.5,0.35833332,298.5296,222.16705,0.20486127
1.5,0.36041668,298.5287,222.1665,0.2062502
1.5,0.3625,298.52783,222.16595,0.20763905
1.5,0.36458334,298.52704,222.16547,0.20902792
1.5,0.36666667,298.5263,222.16498,0.21041685
1.5,0.36875,298.5255,222.16449,0.21180572
1.5,0.37083334,298.52484,222.164,0.21319456
1.5,0.37291667,298.52417,222.16357,0.21458343
1.5,0.375,298.5235,222.16315,0.21597229
1.5,0.37708333,298.52295,222.16272,0.21736121
1.5,0.37916666,298.52234,222.16232,0.21875007
1.5,0.38125,298.52173,222.16193,0.22013894
1.5,0.38333333,298.52124,222.16156,0.22152787
1.5,0.38541666,298.52075,222.16122,0.22291672
1.5,0.3875,298.52026,222.16089,0.22430559
1.5,0.38958332,298.51978,222.16052,0.22569445
1.5,0.39166668,298.5194,222.16022,0.22708338
1.5,0.39375,298.51898,222.15991,0.22847223
1.5,0.39583334,298.51855,222.1596,0.2298611
1.5,0.39791667,298.5182,222.15933,0.23125003
1.5,0.4,298.51794,222.15906,0.2326389
1.5,0.40208334,298.51758,222.15878,0.23402774
1.5,0.40416667,298.51727,222.15854,0.2354166
1.5,0.40625,298.51697,222.15826,0.23680547
1.5,0.40833333,298.51672,222.15805,0.23819439
1.5,0.41041666,298.51642,222.15784,0.23958325
1.5,0.4125,298.51617,222.1576,0.24097212
1.5,0.41458333,298.51593,222.15741,0.24236105
1.5,0.41666666,298.51575,222.15717,0.2437499
1.5,0.41875,298.5155,222.15698,0.24513876
1.5,0.42083332,298.51532,222.1568,0.24652763
1.5,0.42291668,298.51514,222.15662,0.24791656
1.5,0.425,298.51495,222.15643,0.24930541
1.5,0.42708334,298.51477,222.15628,0.25069427
1.5,0.42916667,298.51465,222.15613,0.2520832
1.5,0.43125,298.51453,222.15594,0.25347206
1.5,0.43333334,298.51434,222.15582,0.25486094
1.5,0.43541667,298.51422,222.15567,0.2562498
1.5,0.4375,298.5141,222.15555,0.25763863
1.5,0.43958333,298.51398,222.1554,0.25902757
1.5,0.44166666,298.51385,222.15527,0.26041645
1.5,0.44375,298.5138,222.15515,0.2618053
1.5,0.44583333,298.51367,222.15503,0.26319423
1.5,0.44791666,298.51355,222.1549,0.26458308
1.5,0.45,298.5135,222.15479,0.26597196
1.5,0.45208332,298.51343,222.15472,0.2673608
1.5,0.45416668,298.51337,222.1546,0.26874977
1.5,0.45625,298.51324,222.15448,0.27013862
1.5,0.45833334,298.51318,222.15442,0.27152753
1.5,0.46041667,298.51312,222.15433,0.2729165
1.5,0.4625,298.51306,222.15424,0.27430537
1.5,0.46458334,298.513,222.15414,0.27569422
1.5,0.46666667,298.51288,222.15405,0.27708307
1.5,0.46875,298.51288,222.15399,0.27847198
1.5,0.47083333,298.51282,222.15393,0.27986094
1.5,0.47291666,298.51276,222.15384,0.28124982
1.5,0.475,298.51276,222.15378,0.28263867
1.5,0.47708333,298.5127,222.15369,0.28402764
1.5,0.47916666,298.51263,222.15366,0.28541648
1.5,0.48125,298.51257,222.1536,0.28680536
1.5,0.48333332,298.51257,222.15353,0.2881942
1.5,0.48541668,298.5125,222.15344,0.28958318
1.5,0.4875,298.5125,222.15341,0.29097205
1.5,0.48958334,298.51245,222.15338,0.2923609
1.5,0.49166667,298.51245,222.15332,0.29374987
1.5,0.49375,298.51245,222.15326,0.29513875
1.5,0.49583334,298.5124,222.1532,0.2965276
1.5,0.49791667,298.51233,222.15317,0.29791644
1.5,0.5,298.51233,222.15314,0.29930532
1.5,0.50208336,298.51227,222.15308,0.3006943
1.5,0.50416666,298.51227,222.15305,0.30208313
1.5,0.50625,298.5123,222.15302,0.3034721
1.5,0.5083333,298.5122,222.15295,0.30486098
1.5,0.5104167,298.5122,222.15295,0.30624983
1.5,0.5125,298.5122,222.1529,0.30763867
1.5,0.51458335,298.5122,222.1529,0.30902755
1.5,0.51666665,298.5122,222.15283,0.3104164
1.5,0.51875,298.51215,222.1528,0.31180537
1.5,0.5208333,298.51215,222.15277,0.31319425
1.5,0.5229167,298.5121,222.15274,0.3145832
1.5,0.525,298.5121,222.15271,0.31597206
1.5,0.52708334,298.5121,222.15271,0.31736094
1.5,0.52916664,298.512,222.15265,0.3187498
1.5,0.53125,298.512,222.15265,0.32013863
1.5,0.53333336,298.51202,222.15262,0.32152763
1.5,0.53541666,298.51202,222.15259,0.32291648
1.5,0.5375,298.51196,222.15259,0.32430544
1.5,0.5395833,298.51196,222.15259,0.3256943
1.5,0.5416667,298.51196,222.15253,0.32708317
1.5,0.54375,298.51196,222.15253,0.32847202
1.5,0.54583335,298.51196,222.15253,0.32986087
1.5,0.54791665,298.51196,222.1525,0.33124974
1.5,0.55,298.5119,222.15247,0.3326387
1.5,0.5520833,298.5119,222.15247,0.33402756
1.5,0.5541667,298.51193,222.15247,0.33541656
1.5,0.55625,298.51193,222.15244,0.3368054
1.5,0.55833334,298.51184,222.1524,0.33819425
1.5,0.56041664,298.51184,222.1524,0.33958313
1.5,0.5625,298.51184,222.1524,0.34097198
1.5,0.56458336,298.5118,222.15237,0.34236094
1.5,0.56666666,298.5118,222.15237,0.34374982
1.5,0.56875,298.51184,222.15234,0.3451388
1.5,0.5708333,298.51184,222.15234,0.34652764
1.5,0.5729167,298.5118,222.15231,0.34791648
1.5,0.575,298.5118,222.15231,0.34930536
1.5,0.57708335,298.5118,222.15231,0.3506942
1.5,0.57916665,298.51172,222.15228,0.35208306
1.5,0.58125,298.51178,222.15228,0.35347205
1.5,0.5833333,298.51178,222.15228,0.3548609
1.5,0.5854167,298.51172,222.15228,0.35624987
1.5,0.5875,298.51172,222.15228,0.35763875
1.5,0.58958334,298.51172,222.15228,0.3590276
1.5,0.59166664,298.51172,222.15225,0.36041644
1.5,0.59375,298.51172,222.15225,0.36180532
1.5,0.59583336,298.51175,222.15225,0.3631943
1.5,0.59791666,298.51175,222.15222,0.36458313
1.5,0.6,298.51172,222.15222,0.3659721
1.5,0.6020833,298.51172,222.15222,0.36736098
1.5,0.6041667,298.51172,222.15222,0.36874983
1.5,0.60625,298.51172,222.15222,0.37013867
1.5,0.60833335,298.51172,222.15222,0.37152755
1.5,0.61041665,298.51163,222.15222,0.3729164
1.5,0.6125,298.51166,222.15222,0.37430537
1.5,0.6145833,298.51166,222.15222,0.37569425
1.5,0.6166667,298.5116,222.15216,0.3770832
1.5,0.61875,298.5116,222.15216,0.37847206
1.5,0.62083334,298.5116,222.15216,0.37986094
1.5,0.62291664,298.5116,222.15216,0.3812498
1.5,0.625,298.5116,222.15216,0.38263863
1.5,0.62708336,298.51166,222.15216,0.38402763
1.5,0.62916666,298.51166,222.15216,0.38541648
1.5,0.63125,298.5116,222.15216,0.38680544
1.5,0.6333333,298.5116,222.15216,0.3881943
1.5,0.6354167,298.5116,222.15216,0.38958317
1.5,0.6375,298.5116,222.15216,0.39097202
1.5,0.63958335,298.5116,222.15216,0.39236087
1.5,0.64166665,298.5116,222.15216,0.39374974
1.5,0.64375,298.51166,222.15216,0.3951387
1.5,0.6458333,298.51166,222.15216,0.39652756
1.5,0.6479167,298.5116,222.15216,0.39791656
1.5,0.65,298.5116,222.15216,0.3993054
1.5,0.65208334,298.5116,222.15216,0.40069425
1.5,0.65416664,298.5116,222.15216,0.40208313
1.5,0.65625,298.5116,222.15216,0.40347198
1.5,0.65833336,298.51166,222.15216,0.40486094
1.5,0.66041666,298.51166,222.15216,0.40624982
1.5,0.6625,298.5116,222.15216,0.4076388
1.5,0.6645833,298.5116,222.15216,0.40902764
1.5,0.6666667,298.5116,222.15216,0.41041648
1.5,0.66875,298.5116,222.15216,0.41180536
1.5,0.67083335,298.5116,222.15216,0.4131942
1.5,0.67291665,298.5116,222.15216,0.41458306
1.5,0.675,298.5116,222.15216,0.415972
1.5,0.6770833,298.5116,222.15216,0.41736087
1.5,0.6791667,298.51166,222.15216,0.41874984
1.5,0.68125,298.51166,222.15216,0.4201387
1.5,0.68333334,298.51166,222.15216,0.42152756
1.5,0.68541664,298.51166,222.15216,0.4229164
1.5,0.6875,298.51166,222.15216,0.42430526
1.5,0.68958336,298.5116,222.15216,0.42569426
1.5,0.69166666,298.5116,222.15216,0.4270831
1.5,0.69375,298.51166,222.15216,0.42847207
1.5,0.6958333,298.51166,222.15216,0.42986092
1.5,0.6979167,298.51166,222.15216,0.4312498
1.5,0.7,298.51166,222.15216,0.43263865
1.5,0.70208335,298.51166,222.15216,0.43402752
1.5,0.70416665,298.51166,222.15216,0.43541637
1.5,0.70625,298.5116,222.15216,0.43680534
1.5,0.7083333,298.5116,222.15216,0.4381942
1.5,0.7104167,298.51166,222.15216,0.43958318
1.5,0.7125,298.51166,222.15216,0.44097203
1.5,0.71458334,298.51166,222.15216,0.44236088
1.5,0.71666664,298.51166,222.15216,0.44374976
1.5,0.71875,298.51166,222.15216,0.4451386
1.5,0.72083336,298.5116,222.15216,0.44652757
1.5,0.72291666,298.5116,222.15216,0.44791645
1.5,0.725,298.51166,222.15216,0.44930542
1.5,0.7270833,298.51166,222.15216,0.45069426
1.5,0.7291667,298.51166,222.15216,0.4520831
1.5,0.73125,298.51166,222.15216,0.453472
1.5,0.73333335,298.51166,222.15216,0.45486084
1.5,0.73541665,298.51166,222.15216,0.4562497
1.5,0.7375,298.5116,222.15216,0.45763868
1.5,0.7395833,298.5116,222.15216,0.45902753
1.5,0.7416667,298.51166,222.15216,0.4604165
1.5,0.74375,298.51166,222.15216,0.46180537
1.5,0.74583334,298.51166,222.15216,0.46319422
1.5,0.74791664,298.5116,222.15216,0.46458313
1.5,0.75,298.5116,222.15216,0.46597198
1.5,0.75208336,298.51166,222.15216,0.46736094
1.5,0.75416666,298.51166,222.15216,0.46874982
1.5,0.75625,298.5116,222.15216,0.4701388
1.5,0.7583333,298.5116,222.15216,0.47152764
1.5,0.7604167,298.5116,222.15216,0.47291648
1.5,0.7625,298.5116,222.15216,0.47430536
1.5,0.76458335,298.5116,222.15216,0.4756942
1.5,0.76666665,298.5116,222.15216,0.47708306
1.5,0.76875,298.51166,222.15216,0.47847205
1.5,0.7708333,298.51166,222.15216,0.4798609
1.5,0.7729167,298.5116,222.15216,0.48124987
1.5,0.775,298.5116,222.15216,0.48263875
1.5,0.77708334,298.5116,222.15216,0.4840276
1.5,0.77916664,298.5116,222.15216,0.48541644
1.5,0.78125,298.5116,222.15216,0.48680532
1.5,0.78333336,298.5116,222.15216,0.48819426
1.5,0.78541666,298.5116,222.15216,0.4895831
1.5,0.7875,298.5116,222.15216,0.49097204
1.5,0.7895833,298.5116,222.15216,0.4923609
1.5,0.7916667,298.5116,222.15216,0.49374977
1.5,0.79375,298.5116,222.15216,0.49513862
1.5,0.79583335,298.5116,222.15216,0.49652746
1.5,0.79791665,298.5116,222.15216,0.49791634
1.5,0.8,298.5116,222.15216,0.49930525
1.5,0.8020833,298.5116,222.15216,0.5006941
1.5,0.8041667,298.5116,222.15216,0.50208306
1.5,0.80625,298.5116,222.15216,0.5034719
1.5,0.80833334,298.5116,222.15216,0.50486076
1.5,0.81041664,298.5116,222.15216,0.5062496
1.5,0.8125,298.5116,222.15216,0.5076385
1.5,0.81458336,298.5116,222.15216,0.5090274
1.5,0.81666666,298.5116,222.15216,0.51041627
1.5,0.81875,298.5116,222.15216,0.51180524
1.5,0.8208333,298.5116,222.15216,0.5131941
1.5,0.8229167,298.5116,222.15216,0.51458293
1.5,0.825,298.5116,222.15216,0.5159718
1.5,0.82708335,298.5116,222.15216,0.5173606
1.5,0.82916665,298.5116,222.15216,0.51874954
1.5,0.83125,298.5116,222.15216,0.52013844
1.5,0.8333333,298.5116,222.15216,0.5215273
1.5,0.8354167,298.5116,222.15216,0.52291626
1.5,0.8375,298.5116,222.15216,0.5243051
1.5,0.83958334,298.5116,222.15216,0.52569395
1.5,0.84166664,298.5116,222.15216,0.5270828
1.5,0.84375,298.5116,222.15216,0.52847165
1.5,0.84583336,298.5116,222.15216,0.5298606
1.5,0.84791666,298.5116,222.15216,0.53124946
1.5,0.85,298.5116,222.15216,0.5326384
1.5,0.8520833,298.5116,222.15216,0.5340273
1.5,0.8541667,298.5116,222.15216,0.5354161
1.5,0.85625,298.5116,222.15216,0.536805
1.5,0.85833335,298.5116,222.15216,0.5381938
1.5,0.86041665,298.5116,222.15216,0.53958267
1.5,0.8625,298.5116,222.15216,0.54097164
1.5,0.8645833,298.5116,222.15216,0.5423605
1.5,0.8666667,298.5116,222.15216,0.5437494
1.5,0.86875,298.5116,222.15216,0.5451383
1.5,0.87083334,298.5116,222.15216,0.54652715
1.5,0.87291664,298.5116,222.15216,0.547916
1.5,0.875,298.5116,222.15216,0.54930484
1.5,0.87708336,298.5116,222.15216,0.55069387
1.5,0.87916666,298.5116,222.15216,0.5520827
1.5,0.88125,298.5116,222.15216,0.55347174
1.5,0.8833333,298.5116,222.15216,0.5548606
1.5,0.8854167,298.5116,222.15216,0.55624944
1.5,0.8875,298.5116,222.15216,0.5576383
1.5,0.88958335,298.5116,222.15216,0.55902714
1.5,0.89166665,298.5116,222.15216,0.56041604
1.5,0.89375,298.5116,222.15216,0.56180495
1.5,0.8958333,298.5116,222.15216,0.5631938
1.5,0.8979167,298.5116,222.15216,0.56458277
1.5,0.9,298.5116,222.15216,0.5659716
1.5,0.90208334,298.5116,222.15216,0.56736046
1.5,0.90416664,298.5116,222.15216,0.5687493
1.5,0.90625,298.5116,222.15216,0.57013816
1.5,0.90833336,298.5116,222.15216,0.5715272
1.5,0.91041666,298.5116,222.15216,0.57291603
1.5,0.9125,298.5116,222.15216,0.57430506
1.5,0.9145833,298.5116,222.15216,0.5756939
1.5,0.9166667,298.5116,222.15216,0.57708275
1.5,0.91875,298.5116,222.15216,0.57847166
1.5,0.92083335,298.5116,222.15216,0.5798605
1.5,0.92291665,298.5116,222.15216,0.58124936
1.5,0.925,298.5116,222.15216,0.58263826
1.5,0.9270833,298.5116,222.15216,0.5840272
1.5,0.9291667,298.5116,222.15216,0.5854161
1.5,0.93125,298.5116,222.15216,0.5868049
1.5,0.93333334,298.5116,222.15216,0.5881938
1.5,0.93541664,298.5116,222.15216,0.5895827
1.5,0.9375,298.5116,222.15216,0.5909715
1.5,0.93958336,298.5116,222.15216,0.5923605
1.5,0.94166666,298.5116,222.15216,0.5937494
1.5,0.94375,298.5116,222.15216,0.5951384
1.5,0.9458333,298.5116,222.15216,0.5965273
1.5,0.9479167,298.5116,222.15216,0.5979161
1.5,0.95,298.5116,222.15216,0.599305
1.5,0.95208335,298.5116,222.15216,0.6006938
1.5,0.95416665,298.5116,222.15216,0.60208267
1.5,0.95625,298.5116,222.15216,0.60347164
1.5,0.9583333,298.5116,222.15216,0.6048605
1.5,0.9604167,298.5116,222.15216,0.6062494
1.5,0.9625,298.5116,222.15216,0.6076383
1.5,0.96458334,298.5116,222.15216,0.60902715
1.5,0.96666664,298.5116,222.15216,0.610416
1.5,0.96875,298.5116,222.15216,0.61180484
1.5,0.97083336,298.5116,222.15216,0.61319387
1.5,0.97291666,298.5116,222.15216,0.6145827
1.5,0.975,298.5116,222.15216,0.6159716
1.5,0.9770833,298.5116,222.15216,0.61736053
1.5,0.9791667,298.5116,222.15216,0.6187494
1.5,0.98125,298.5116,222.15216,0.6201382
1.5,0.98333335,298.5116,222.15216,0.6215271
1.5,0.98541665,298.5116,222.15216,0.6229159
1.5,0.9875,298.5116,222.15216,0.6243049
1.5,0.9895833,298.5116,222.15216,0.62569374
1.5,0.9916667,298.5116,222.15216,0.62708277
1.5,0.99375,298.5116,222.15216,0.6284716
1.5,0.99583334,298.5116,222.15216,0.62986046
1.5,0.99791664,298.5116,222.15216,0.6312493
1.5,1.0,298.5116,222.15216,0.63263816
1.5,1.0020833,298.5116,222.15216,0.63402706
1.5,1.0041667,298.5116,222.15216,0.63541615
1.5,1.00625,298.5116,222.15216,0.636805
1.5,1.0083333,298.5116,222.15216,0.63819385
1.5,1.0104166,298.5116,222.15216,0.6395827
1.5,1.0125,298.5116,222.15216,0.64097154
1.5,1.0145833,298.5116,222.15216,0.6423604
1.5,1.0166667,298.5116,222.15216,0.6437493
1.5,1.01875,298.5116,222.15216,0.64513814
1.5,1.0208334,298.5116,222.15216,0.64652723
1.5,1.0229167,298.5116,222.15216,0.6479161
1.5,1.025,298.5116,222.15216,0.6493049
1.5,1.0270833,298.5116,222.15216,0.6506938
1.5,1.0291667,298.5116,222.15216,0.6520827
1.5,1.03125,298.5116,222.15216,0.6534715
1.5,1.0333333,298.5116,222.15216,0.6548604
1.5,1.0354167,298.5116,222.15216,0.65624946
1.5,1.0375,298.5116,222.15216,0.6576383
1.5,1.0395833,298.5116,222.15216,0.65902716
1.5,1.0416666,298.5116,222.15216,0.660416
1.5,1.04375,298.5116,222.15216,0.6618049
1.5,1.0458333,298.5116,222.15216,0.66319376
1.5,1.0479167,298.5116,222.15216,0.6645826
1.5,1.05,298.5116,222.15216,0.66597146
1.5,1.0520834,298.5116,222.15216,0.66736054
1.5,1.0541667,298.5116,222.15216,0.6687494
1.5,1.05625,298.5116,222.15216,0.6701383
1.5,1.0583333,298.5116,222.15216,0.67152715
1.5,1.0604167,298.5116,222.15216,0.672916
1.5,1.0625,298.5116,222.15216,0.67430484
1.5,1.0645833,298.5116,222.15216,0.6756937
1.5,1.0666667,298.5116,222.15216,0.6770828
1.5,1.06875,298.5116,222.15216,0.6784716
1.5,1.0708333,298.5116,222.15216,0.67986053
1.5,1.0729166,298.5116,222.15216,0.6812494
1.5,1.075,298.5116,222.15216,0.6826382
1.5,1.0770833,298.5116,222.15216,0.6840271
1.5,1.0791667,298.5116,222.15216,0.6854159
1.5,1.08125,298.5116,222.15216,0.6868048
1.5,1.0833334,298.5116,222.15216,0.6881939
1.5,1.0854167,298.5116,222.15216,0.68958277
1.5,1.0875,298.5116,222.15216,0.6909716
1.5,1.0895833,298.5116,222.15216,0.69236046
1.5,1.0916667,298.5116,222.15216,0.6937493
1.5,1.09375,298.5116,222.15216,0.69513816
1.5,1.0958333,298.5116,222.15216,0.69652706
1.5,1.0979167,298.5116,222.15216,0.69791615
1.5,1.1,298.5116,222.15216,0.699305
1.5,1.1020833,298.5116,222.15216,0.70069385
1.5,1.1041666,298.5116,222.15216,0.7020827
1.5,1.10625,298.5116,222.15216,0.70347154
1.5,1.1083333,298.5116,222.15216,0.7048604
1.5,1.1104167,298.5116,222.15216,0.7062493
1.5,1.1125,298.5116,222.15216,0.70763814
1.5,1.1145834,298.5116,222.15216,0.70902723
1.5,1.1166667,298.5116,222.15216,0.7104161
1.5,1.11875,298.5116,222.15216,0.7118049
1.5,1.1208333,298.5116,222.15216,0.7131938
1.5,1.1229167,298.5116,222.15216,0.7145827
1.5,1.125,298.5116,222.15216,0.7159715
1.5,1.1270833,298.5116,222.15216,0.7173604
1.5,1.1291667,298.5116,222.15216,0.71874946
1.5,1.13125,298.5116,222.15216,0.7201383
1.5,1.1333333,298.5116,222.15216,0.72152716
1.5,1.1354166,298.5116,222.15216,0.722916
1.5,1.1375,298.5116,222.15216,0.7243049
1.5,1.1395833,298.5116,222.15216,0.72569376
1.5,1.1416667,298.5116,222.15216,0.7270826
1.5,1.14375,298.5116,222.15216,0.72847146
1.5,1.1458334,298.5116,222.15216,0.72986054
1.5,1.1479167,298.5116,222.15216,0.7312494
1.5,1.15,298.5116,222.15216,0.7326383
1.5,1.1520833,298.5116,222.15216,0.73402715
1.5,1.1541667,298.5116,222.15216,0.735416
1.5,1.15625,298.5116,222.15216,0.73680484
1.5,1.1583333,298.5116,222.15216,0.7381937
1.5,1.1604167,298.5116,222.15216,0.7395828
1.5,1.1625,298.5116,222.15216,0.7409716
1.5,1.1645833,298.5116,222.15216,0.74236053
1.5,1.1666666,298.5116,222.15216,0.7437494
1.5,1.16875,298.5116,222.15216,0.7451382
1.5,1.1708333,298.5116,222.15216,0.7465271
1.5,1.1729167,298.5116,222.15216,0.7479159
1.5,1.175,298.5116,222.15216,0.7493048
1.5,1.1770834,298.5116,222.15216,0.7506939
1.5,1.1791667,298.5116,222.15216,0.75208277
1.5,1.18125,298.5116,222.15216,0.7534716
1.5,1.1833333,298.5116,222.15216,0.75486046
1.5,1.1854167,298.5116,222.15216,0.7562493
1.5,1.1875,298.5116,222.15216,0.75763816
1.5,1.1895833,298.5116,222.15216,0.75902706
1.5,1.1916667,298.5116,222.15216,0.76041615
1.5,1.19375,298.5116,222.15216,0.761805
1.5,1.1958333,298.5116,222.15216,0.76319385
1.5,1.1979166,298.5116,222.15216,0.7645827
1.5,1.2,298.5116,222.15216,0.76597154
1.5,1.2020833,298.5116,222.15216,0.7673604
1.5,1.2041667,298.5116,222.15216,0.7687493
1.5,1.20625,298.5116,222.15216,0.77013814
1.5,1.2083334,298.5116,222.15216,0.77152723
1.5,1.2104167,298.5116,222.15216,0.7729161
1.5,1.2125,298.5116,222.15216,0.7743049
1.5,1.2145833,298.5116,222.15216,0.7756938
1.5,1.2166667,298.5116,222.15216,0.7770827
1.5,1.21875,298.5116,222.15216,0.7784715
1.5,1.2208333,298.5116,222.15216,0.7798604
1.5,1.2229167,298.5116,222.15216,0.78124946
1.5,1.225,298.5116,222.15216,0.7826383
1.5,1.2270833,298.5116,222.15216,0.78402716
1.5,1.2291666,298.5116,222.15216,0.785416
1.5,1.23125,298.5116,222.15216,0.7868049
1.5,1.2333333,298.5116,222.15216,0.78819376
1.5,1.2354167,298.5116,222.15216,0.7895826
1.5,1.2375,298.5116,222.15216,0.79097146
1.5,1.2395834,298.5116,222.15216,0.79236054
1.5,1.2416667,298.5116,222.15216,0.7937494
1.5,1.24375,298.5116,222.15216,0.7951383
1.5,1.2458333,298.5116,222.15216,0.79652715
1.5,1.2479167,298.5116,222.15216,0.797916
1.5,1.25,298.5116,222.15216,0.79930484
1.5,1.2520833,298.5116,222.15216,0.8006937
1.5,1.2541667,298.5116,222.15216,0.8020828
1.5,1.25625,298.5116,222.15216,0.8034716
1.5,1.2583333,298.5116,222.15216,0.80486053
1.5,1.2604166,298.5116,222.15216,0.8062494
1.5,1.2625,298.5116,222.15216,0.8076382
1.5,1.2645833,298.5116,222.15216,0.8090271
1.5,1.2666667,298.5116,222.15216,0.8104159
1.5,1.26875,298.5116,222.15216,0.8118048
1.5,1.2708334,298.5116,222.15216,0.8131939
1.5,1.2729167,298.5116,222.15216,0.81458277
1.5,1.275,298.5116,222.15216,0.8159716
1.5,1.2770833,298.5116,222.15216,0.81736046
1.5,1.2791667,298.5116,222.15216,0.8187493
1.5,1.28125,298.5116,222.15216,0.82013816
1.5,1.2833333,298.5116,222.15216,0.82152706
1.5,1.2854167,298.5116,222.15216,0.82291615
1.5,1.2875,298.5116,222.15216,0.824305
1.5,1.2895833,298.5116,222.15216,0.82569385
1.5,1.2916666,298.5116,222.15216,0.8270827
1.5,1.29375,298.5116,222.15216,0.82847154
1.5,1.2958333,298.5116,222.15216,0.8298604
1.5,1.2979167,298.5116,222.15216,0.8312493
1.5,1.3,298.5116,222.15216,0.83263814
1.5,1.3020834,298.5116,222.15216,0.83402723
1.5,1.3041667,298.5116,222.15216,0.8354161
1.5,1.30625,298.5116,222.15216,0.8368049
1.5,1.3083333,298.5116,222.15216,0.8381938
1.5,1.3104167,298.5116,222.15216,0.8395827
1.5,1.3125,298.5116,222.15216,0.8409715
1.5,1.3145833,298.5116,222.15216,0.8423604
1.5,1.3166667,298.5116,222.15216,0.84374946
1.5,1.31875,298.5116,222.15216,0.8451383
1.5,1.3208333,298.5116,222.15216,0.84652716
1.5,1.3229166,298.5116,222.15216,0.847916
1.5,1.325,298.5116,222.15216,0.8493049
1.5,1.3270833,298.5116,222.15216,0.85069376
1.5,1.3291667,298.5116,222.15216,0.8520826
1.5,1.33125,298.5116,222.15216,0.85347146
1.5,1.3333334,298.5116,222.15216,0.85486054
1.5,1.3354167,298.5116,222.15216,0.8562494
1.5,1.3375,298.5116,222.15216,0.8576383
1.5,1.3395833,298.5116,222.15216,0.85902715
1.5,1.3416667,298.5116,222.15216,0.860416
1.5,1.34375,298.5116,222.15216,0.86180484
1.5,1.3458333,298.5116,222.15216,0.8631937
1.5,1.3479167,298.5116,222.15216,0.8645828
1.5,1.35,298.5116,222.15216,0.8659716
1.5,1.3520833,298.5116,222.15216,0.86736053
1.5,1.3541666,298.5116,222.15216,0.8687494
1.5,1.35625,298.5116,222.15216,0.8701382
1.5,1.3583333,298.5116,222.15216,0.8715271
1.5,1.3604167,298.5116,222.15216,0.8729159
1.5,1.3625,298.5116,222.15216,0.8743048
1.5,1.3645834,298.5116,222.15216,0.8756939
1.5,1.3666667,298.5116,222.15216,0.87708277
1.5,1.36875,298.5116,222.15216,0.8784716
1.5,1.3708333,298.5116,222.15216,0.87986046
1.5,1.3729167,298.5116,222.15216,0.8812493
1.5,1.375,298.5116,222.15216,0.88263816
1.5,1.3770833,298.5116,222.15216,0.88402706
1.5,1.3791667,298.5116,222.15216,0.88541615
1.5,1.38125,298.5116,222.15216,0.886805
1.5,1.3833333,298.5116,222.15216,0.88819385
1.5,1.3854166,298.5116,222.15216,0.8895827
1.5,1.3875,298.5116,222.15216,0.89097154
1.5,1.3895833,298.5116,222.15216,0.8923604
1.5,1.3916667,298.5116,222.15216,0.8937493
1.5,1.39375,298.5116,222.15216,0.89513814
1.5,1.3958334,298.5116,222.15216,0.89652723
1.5,1.3979167,298.5116,222.15216,0.8979161
1.5,1.4,298.5116,222.15216,0.8993049
1.5,1.4020833,298.5116,222.15216,0.9006938
1.5,1.4041667,298.5116,222.15216,0.9020827
1.5,1.40625,298.5116,222.15216,0.9034715
1.5,1.4083333,298.5116,222.15216,0.9048604
1.5,1.4104167,298.5116,222.15216,0.90624946
1.5,1.4125,298.5116,222.15216,0.9076383
1.5,1.4145833,298.5116,222.15216,0.90902716
1.5,1.4166666,298.5116,222.15216,0.910416
1.5,1.41875,298.5116,222.15216,0.9118049
1.5,1.4208333,298.5116,222.15216,0.91319376
1.5,1.4229167,298.5116,222.15216,0.9145826
1.5,1.425,298.5116,222.15216,0.91597146
1.5,1.4270834,298.5116,222.15216,0.91736054
1.5,1.4291667,298.5116,222.15216,0.9187494
1.5,1.43125,298.5116,222.15216,0.9201383
1.5,1.4333333,298.5116,222.15216,0.92152715
1.5,1.4354167,298.5116,222.15216,0.922916
1.5,1.4375,298.5116,222.15216,0.92430484
1.5,1.4395833,298.5116,222.15216,0.9256937
1.5,1.4416667,298.5116,222.15216,0.9270828
1.5,1.44375,298.5116,222.15216,0.9284716
1.5,1.4458333,298.5116,222.15216,0.92986053
1.5,1.4479166,298.5116,222.15216,0.9312494
1.5,1.45,298.5116,222.15216,0.9326382
1.5,1.4520833,298.5116,222.15216,0.9340271
1.5,1.4541667,298.5116,222.15216,0.9354159
1.5,1.45625,298.5116,222.15216,0.9368048
1.5,1.4583334,298.5116,222.15216,0.9381939
1.5,1.4604167,298.5116,222.15216,0.93958277
1.5,1.4625,298.5116,222.15216,0.9409716
1.5,1.4645833,298.5116,222.15216,0.94236046
1.5,1.4666667,298.5116,222.15216,0.9437493
1.5,1.46875,298.5116,222.15216,0.94513816
1.5,1.4708333,298.51166,222.15216,0.94652706
1.5,1.4729167,298.5116,222.15216,0.94791615
1.5,1.475,298.5116,222.15216,0.949305
1.5,1.4770833,298.5116,222.15216,0.95069385
1.5,1.4791666,298.5116,222.15216,0.9520827
1.5,1.48125,298.5116,222.15216,0.95347154
1.5,1.4833333,298.5116,222.15216,0.9548604
1.5,1.4854167,298.5116,222.15216,0.9562493
1.5,1.4875,298.5116,222.15216,0.95763814
1.5,1.4895834,298.51166,222.15216,0.95902723
1.5,1.4916667,298.51166,222.15216,0.9604161
1.5,1.49375,298.51166,222.15216,0.9618049
1.5,1.4958333,298.51166,222.15216,0.9631938
1.5,1.4979167,298.51166,222.15216,0.9645827
1.5,1.5,298.51166,222.15216,0.9659715
1.5,1.5020833,298.51166,222.15216,0.9673604
1.5,1.5041667,298.5116,222.15216,0.9687448
1.5,1.50625,298.5116,222.15216,0.97011644
1.5,1.5083333,298.51166,222.15216,0.9714685
1.5,1.5104166,298.51166,222.15216,0.9727954
1.5,1.5125,298.51166,222.15216,0.9740926
1.5,1.5145833,298.5116,222.15216,0.9753562
1.5,1.5166667,298.5116,222.15216,0.97658336
1.5,1.51875,298.5116,222.15216,0.9777719
1.5,1.5208334,298.5116,222.15216,0.97892016
1.5,1.5229167,298.5116,222.15216,0.9800268
1.5,1.525,298.5116,222.15216,0.9810912
1.5,1.5270833,298.5116,222.15216,0.98211306
1.5,1.5291667,298.5116,222.15216,0.9830924
1.5,1.53125,298.5116,222.15216,0.98402953
1.5,1.5333333,298.5116,222.15216,0.98492485
1.5,1.5354167,298.5116,222.15216,0.98577917
1.5,1.5375,298.51166,222.15216,0.98659325
1.5,1.5395833,298.5116,222.15216,0.9873679
1.5,1.5416666,298.5116,222.15216,0.9881045
1.5,1.54375,298.51068,222.15222,0.98880404
1.5,1.5458333,298.50702,222.15247,0.9894678
1.5,1.5479167,298.4994,222.15302,0.990097
1.5,1.55,298.4864,222.15399,0.99069285
1.5,1.5520834,298.46716,222.15536,0.9912568
1.5,1.5541667,298.44092,222.15729,0.99179
1.5,1.55625,298.40723,222.15973,0.99229383
1.5,1.5583333,298.36548,222.16284,0.99276966
1.5,1.5604167,298.31567,222.16653,0.9932186
1.5,1.5625,298.25757,222.17084,0.99364203
1.5,1.5645833,298.19116,222.17581,0.9940411
1.5,1.5666667,298.11646,222.18146,0.99441695
1.5,1.56875,298.0337,222.18768,0.9947709
1.5,1.5708333,297.94305,222.19458,0.99510384
1.5,1.5729166,297.84497,222.20209,0.99541694
1.5,1.575,297.73993,222.2102,0.9957113
1.5,1.5770833,297.62787,222.2189,0.99598795
1.5,1.5791667,297.50958,222.22815,0.9962477
1.5,1.58125,297.38538,222.23795,0.9964916
1.5,1.5833334,297.25592,222.24823,0.9967205
1.5,1.5854167,297.12146,222.25903,0.9969352
1.5,1.5875,296.9826,222.27023,0.9971366
1.5,1.5895833,296.83972,222.28192,0.9973253
1.5,1.5916667,296.6936,222.29395,0.9975022
1.5,1.59375,296.54443,222.30634,0.99766785
1.5,1.5958333,296.39294,222.31909,0.997823
1.5,1.5979167,296.23926,222.33209,0.99796826
1.5,1.6,296.08423,222.34543,0.9981042
1.5,1.6020833,295.92822,222.35901,0.99823135
1.5,1.6041666,295.77142,222.37274,0.9983504
1.5,1.60625,295.61432,222.38672,0.99846166
1.5,1.6083333,295.45752,222.40085,0.9985657
1.5,1.6104167,295.30115,222.4151,0.9986628
1.5,1.6125,295.1457,222.42944,0.9987537
1.5,1.6145834,294.99133,222.44391,0.99883854
1.5,1.6166667,294.8385,222.45844,0.99891776
1.5,1.61875,294.68756,222.47299,0.9989918
1.5,1.6208333,294.53857,222.48755,0.99906087
1.5,1.6229167,294.39178,222.50214,0.9991254
1.5,1.625,294.24756,222.51672,0.99918556
1.5,1.6270833,294.10608,222.53125,0.99924177
1.5,1.6291667,293.9674,222.54572,0.99929416
1.5,1.63125,293.83185,222.56012,0.99934304
1.5,1.6333333,293.6994,222.5744,0.9993886
1.5,1.6354166,293.5702,222.58862,0.999431
1.5,1.6375,293.44446,222.60272,0.99947065
1.5,1.6395833,293.32227,222.6167,0.99950755
1.5,1.6416667,293.20355,222.63055,0.99954194
1.5,1.64375,293.08838,222.64423,0.999574
1.5,1.6458334,292.97693,222.65778,0.9996038
1.5,1.6479167,292.8692,222.67114,0.99963164
1.5,1.65,292.76532,222.68436,0.9996575
1.5,1.6520833,292.66498,222.69739,0.99968165
1.5,1.6541667,292.56836,222.7102,0.99970406
1.5,1.65625,292.47552,222.72284,0.999725
1.5,1.6583333,292.38635,222.73529,0.99974436
1.5,1.6604167,292.30078,222.74756,0.9997625
1.5,1.6625,292.21893,222.75958,0.9997793
1.5,1.6645833,292.1405,222.77142,0.99979496
1.5,1.6666666,292.06567,222.78302,0.9998095
1.5,1.66875,291.99414,222.79443,0.99982303
1.5,1.6708333,291.92615,222.80563,0.9998356
1.5,1.6729167,291.86145,222.81659,0.99984735
1.5,1.675,291.7998,222.82736,0.9998582
1.5,1.6770834,291.7414,222.83789,0.9998683
1.5,1.6791667,291.68616,222.8482,0.9998777
1.5,1.68125,291.63385,222.8583,0.9998865
1.5,1.6833333,291.58435,222.86816,0.9998947
1.5,1.6854167,291.53772,222.8778,0.9999022
1.5,1.6875,291.4939,222.88727,0.9999092
1.5,1.6895833,291.4525,222.89648,0.9999158
1.5,1.6916667,291.41382,222.90552,0.99992186
1.5,1.69375,291.37756,222.9143,0.99992746
1.5,1.6958333,291.34363,222.92291,0.9999327
1.5,1.6979166,291.312,222.93127,0.9999376
1.5,1.7,291.2824,222.93945,0.9999421
1.5,1.7020833,291.255,222.94739,0.9999463
1.5,1.7041667,291.2296,222.95517,0.9999501
1.5,1.70625,291.20605,222.96274,0.99995375
1.5,1.7083334,291.1844,222.97012,0.9999571
1.5,1.7104167,291.16443,222.9773,0.9999602
1.5,1.7125,291.14606,222.98431,0.999963
1.5,1.7145833,291.12927,222.99109,0.9999657
1.5,1.7166667,291.11414,222.99771,0.9999682
1.5,1.71875,291.10022,223.00415,0.9999705
1.5,1.7208333,291.08777,223.01044,0.99997264
1.5,1.7229167,291.07654,223.01651,0.99997467
1.5,1.725,291.06647,223.0224,0.9999765
1.5,1.7270833,291.0575,223.02817,0.9999782
1.5,1.7291666,291.04962,223.03375,0.9999798
1.5,1.73125,291.04285,223.03918,0.9999813
1.5,1.7333333,291.0368,223.04446,0.99998266
1.5,1.7354167,291.0318,223.04959,0.9999839
1.5,1.7375,291.0276,223.05457,0.99998504
1.5,1.7395834,291.024,223.05939,0.9999861
1.5,1.7416667,291.0213,223.06409,0.9999871
1.5,1.74375,291.01917,223.0686,0.9999881
1.5,1.7458333,291.01758,223.073,0.9999889
1.5,1.7479167,291.0166,223.07727,0.9999897
1.5,1.75,291.0161,223.08142,0.99999046
1.5,1.7520833,291.01624,223.08545,0.9999911
1.5,1.7541667,291.01654,223.0893,0.9999918
1.5,1.75625,291.01746,223.09308,0.9999924
1.5,1.7583333,291.01874,223.09674,0.9999929
1.5,1.7604166,291.0202,223.10028,0.99999344
1.5,1.7625,291.0221,223.1037,0.9999939
1.5,1.7645833,291.0241,223.10703,0.9999944
1.5,1.7666667,291.02643,223.11023,0.99999475
1.5,1.76875,291.0291,223.11334,0.9999952
1.5,1.7708334,291.03174,223.11633,0.9999955
1.5,1.7729167,291.03467,223.11926,0.9999958
1.5,1.775,291.03766,223.12207,0.9999961
1.5,1.7770833,291.04077,223.12482,0.9999965
1.5,1.7791667,291.04407,223.12744,0.99999666
1.5,1.78125,291.04736,223.13,0.9999969
1.5,1.7833333,291.05084,223.13248,0.99999714
1.5,1.7854167,291.0542,223.13489,0.9999974
1.5,1.7875,291.05774,223.13715,0.9999976
1.5,1.7895833,291.06116,223.1394,0.9999978
1.5,1.7916666,291.06476,223.14154,0.9999979
1.5,1.79375,291.06824,223.14362,0.9999981
1.5,1.7958333,291.07166,223.14566,0.9999982
1.5,1.7979167,291.07507,223.14761,0.9999984
1.5,1.8,291.07855,223.14948,0.9999985
1.5,1.8020834,291.08203,223.1513,0.9999986
1.5,1.8041667,291.08533,223.15308,0.9999987
1.5,1.80625,291.08862,223.15475,0.99999875
1.5,1.8083333,291.09192,223.1564,0.99999887
1.5,1.8104167,291.09503,223.15799,0.9999989
1.5,1.8125,291.09827,223.15952,0.999999
1.5,1.8145833,291.10132,223.16098,0.99999905
1.5,1.8166667,291.1043,223.16241,0.99999917
1.5,1.81875,291.10718,223.16376,0.9999992
1.5,1.8208333,291.11,223.1651,0.9999993
1.5,1.8229166,291.1128,223.16638,0.9999994
1.5,1.825,291.11536,223.1676,0.99999946
1.5,1.8270833,291.11798,223.16882,0.9999995
1.5,1.8291667,291.12048,223.16995,0.99999964
1.5,1.83125,291.123,223.17108,0.99999964
1.5,1.8333334,291.12537,223.17212,0.99999964
1.5,1.8354167,291.12756,223.17316,0.99999964
1.5,1.8375,291.12976,223.17416,0.99999964
1.5,1.8395833,291.13196,223.17511,0.99999964
1.5,1.8416667,291.13397,223.17606,0.99999964
1.5,1.84375,291.13586,223.17694,0.99999964
1.5,1.8458333,291.13782,223.1778,0.99999964
1.5,1.8479167,291.1397,223.17865,0.99999964
1.5,1.85,291.14142,223.17944,0.99999964
1.5,1.8520833,291.14313,223.1802,0.99999964
1.5,1.8541666,291.14465,223.18094,0.99999964
1.5,1.85625,291.14612,223.18164,0.99999964
1.5,1.8583333,291.14758,223.18237,0.99999964
1.5,1.8604167,291.14905,223.18304,0.99999964
1.5,1.8625,291.15045,223.18365,0.99999964
1.5,1.8645834,291.15167,223.18427,0.99999964
1.5,1.8666667,291.1529,223.18488,0.99999964
1.5,1.86875,291.15393,223.18542,0.99999964
1.5,1.8708333,291.15515,223.186,0.99999964
1.5,1.8729167,291.15613,223.18652,0.99999964
1.5,1.875,291.1571,223.18704,0.99999964
1.5,1.8770833,291.15808,223.18753,0.99999964
1.5,1.8791667,291.159,223.18802,0.99999964
1.5,1.88125,291.1598,223.18848,0.99999964
1.5,1.8833333,291.16052,223.1889,0.99999964
1.5,1.8854166,291.16132,223.18933,0.99999964
1.5,1.8875,291.16205,223.18973,0.99999964
1.5,1.8895833,291.16272,223.19012,0.99999964
1.5,1.8916667,291.16345,223.19049,0.99999964
1.5,1.89375,291.16394,223.19086,0.99999964
1.5,1.8958334,291.1646,223.19122,0.99999964
1.5,1.8979167,291.16516,223.19159,0.99999964
1.5,1.9,291.16565,223.1919,0.99999964
1.5,1.9020833,291.16614,223.1922,0.99999964
1.5,1.9041667,291.16656,223.1925,0.99999964
1.5,1.90625,291.16687,223.19278,0.99999964
1.5,1.9083333,291.16736,223.19305,0.99999964
1.5,1.9104167,291.16766,223.19333,0.99999964
1.5,1.9125,291.1681,223.1936,0.99999964
1.5,1.9145833,291.16833,223.19385,0.99999964
1.5,1.9166666,291.16864,223.19409,0.99999964
1.5,1.91875,291.169,223.1943,0.99999964
1.5,1.9208333,291.16925,223.19452,0.99999964
1.5,1.9229167,291.16956,223.19473,0.99999964
1.5,1.925,291.16974,223.19495,0.99999964
1.5,1.9270834,291.16998,223.19513,0.99999964
1.5,1.9291667,291.1701,223.19531,0.99999964
1.5,1.93125,291.1703,223.1955,0.99999964
1.5,1.9333333,291.17053,223.19568,0.99999964
1.5,1.9354167,291.17072,223.19586,0.99999964
1.5,1.9375,291.17078,223.19601,0.99999964
1.5,1.9395833,291.17102,223.19617,0.99999964
1.5,1.9416667,291.17102,223.19629,0.99999964
1.5,1.94375,291.17126,223.19647,0.99999964
1.5,1.9458333,291.17126,223.1966,0.99999964
1.5,1.9479166,291.1715,223.19672,0.99999964
1.5,1.95,291.1715,223.19684,0.99999964
1.5,1.9520833,291.1717,223.19696,0.99999964
1.5,1.9541667,291.17175,223.19708,0.99999964
1.5,1.95625,291.17175,223.1972,0.99999964
1.5,1.9583334,291.17194,223.1973,0.99999964
1.5,1.9604167,291.172,223.19742,0.99999964
1.5,1.9625,291.172,223.19751,0.99999964
1.5,1.9645833,291.17206,223.19763,0.99999964
1.5,1.9666667,291.17218,223.1977,0.99999964
1.5,1.96875,291.17224,223.19781,0.99999964
1.5,1.9708333,291.17224,223.19788,0.99999964
1.5,1.9729167,291.17224,223.19794,0.99999964
1.5,1.975,291.1723,223.19803,0.99999964
1.5,1.9770833,291.17242,223.19812,0.99999964
1.5,1.9791666,291.17242,223.19818,0.99999964
1.5,1.98125,291.1725,223.19827,0.99999964
1.5,1.9833333,291.1725,223.1983,0.99999964
1.5,1.9854167,291.1725,223.19843,0.99999964
1.5,1.9875,291.1725,223.19846,0.99999964
1.5,1.9895834,291.17255,223.19852,0.99999964
1.5,1.9916667,291.17255,223.19858,0.99999964
1.5,1.99375,291.17255,223.19864,0.99999964
1.5,1.9958333,291.17267,223.1987,0.99999964
1.5,1.9979167,291.17273,223.19873,0.99999964
1.5,2.0,291.17273,223.19879,0.99999964
