duration,time,width,height,phase
0.06,0.0020833334,291.17114,223.19763,0.0
0.06,0.004166667,291.17114,223.19763,1.1406523E-4
0.06,0.00625,291.1353,223.12149,5.4594484E-4
0.06,0.008333334,290.9688,222.77637,0.0014660383
0.06,0.010416667,290.57214,221.97003,0.0030155375
0.06,0.0125,289.8969,220.60852,0.005309789
0.06,0.014583333,288.9523,218.69049,0.0084419055
0.06,0.016666668,287.78687,216.27393,0.012485023
0.06,0.01875,286.4696,213.44598,0.017495666
0.06,0.020833334,285.0749,210.30365,0.02351495
0.06,0.022916667,283.67316,206.94122,0.03057187
0.06,0.025,282.326,203.44464,0.038683575
0.06,0.027083334,281.0838,199.88757,0.047858767
0.06,0.029166667,279.98535,196.33167,0.058096915
0.06,0.03125,279.0586,192.82587,0.06939193
0.06,0.033333335,278.3216,189.40863,0.08173112
0.06,0.035416666,277.78424,186.10855,0.09509686
0.06,0.0375,277.4494,182.94601,0.109468825
0.06,0.039583333,277.31476,179.9349,0.124821864
0.06,0.041666668,277.37354,177.08331,0.14113
0.06,0.04375,277.61584,174.39526,0.15836349
0.06,0.045833334,278.02972,171.87119,0.17649294
0.06,0.047916666,278.6015,169.5091,0.19548593
0.06,0.05,279.3169,167.30487,0.2153115
0.06,0.052083332,280.1609,165.25314,0.23593594
0.06,0.054166667,281.1187,163.34744,0.25732788
0.06,0.05625,282.17572,161.58081,0.27945358
0.06,0.058333334,283.3178,159.94571,0.30228215
0.06,0.060416665,284.5313,158.4347,0.32578042
0.06,0.0625,285.80426,157.04071,0.34980455
0.06,0.06458333,287.12555,155.75745,0.37411964
0.06,0.06666667,288.48465,154.57831,0.39852488
0.06,0.06875,289.87177,153.49652,0.42285168
0.06,0.07083333,291.27744,152.50558,0.4469553
0.06,0.072916664,292.69308,151.599,0.47071716
0.06,0.075,294.11072,150.77069,0.49403659
0.06,0.077083334,295.52322,150.01465,0.51683366
0.06,0.079166666,296.9242,149.32532,0.5390417
0.06,0.08125,298.3077,148.69736,0.5606101
0.06,0.083333336,299.66867,148.12589,0.58149827
0.06,0.08541667,301.00256,147.6062,0.6016781
0.06,0.0875,302.30554,147.13397,0.62112826
0.06,0.08958333,303.57422,146.70517,0.63983756
0.06,0.09166667,304.8059,146.3161,0.657799
0.06,0.09375,305.99805,145.96332,0.6750136
0.06,0.09583333,307.14893,145.64359,0.69148546
0.06,0.09791667,308.25684,145.35406,0.70722294
0.06,0.1,309.32092,145.09195,0.72223884
0.06,0.10208333,310.3418,144.85645,0.7365473
0.06,0.104166664,311.32166,144.64807,0.7501662
0.06,0.10625,312.26257,144.4671,0.76311344
0.06,0.108333334,313.16626,144.31345,0.7754103
0.06,0.110416666,314.03442,144.18707,0.7870772
0.06,0.1125,314.8601,144.07898,0.79813695
0.06,0.114583336,315.6372,143.98114,0.80861145
0.06,0.11666667,316.3673,143.89343,0.8185241
0.06,0.11875,317.0525,143.81589,0.82789737
0.06,0.12083333,317.69458,143.74847,0.83675456
0.06,0.12291667,318.29565,143.69122,0.84511775
0.06,0.125,318.85718,143.64423,0.8530099
0.06,0.12708333,319.38135,143.60748,0.86045253
0.06,0.12916666,319.86987,143.58112,0.8674669
0.06,0.13125,320.32446,143.56525,0.87407416
0.06,0.13333334,320.74695,143.56003,0.8802946
0.06,0.13541667,321.13892,143.56561,0.8861479
0.06,0.1375,321.50195,143.58218,0.89165276
0.06,0.13958333,321.83777,143.60999,0.89682764
0.06,0.14166667,322.14746,143.64917,0.90168995
0.06,0.14375,322.43274,143.70007,0.90625685
0.06,0.14583333,322.69458,143.76288,0.9105443
0.06,0.14791666,322.93433,143.83798,0.9145679
0.06,0.15,323.15295,143.9256,0.91834235
0.06,0.15208334,323.35144,144.02612,0.9218818
0.06,0.15416667,323.53064,144.13983,0.9251996
0.06,0.15625,323.69104,144.26709,0.9283088
0.06,0.15833333,323.8335,144.40826,0.93122137
0.06,0.16041666,323.95837,144.56378,0.93394893
0.06,0.1625,324.0658,144.73395,0.9365024
0.06,0.16458334,324.15625,144.91919,0.93889225
0.06,0.16666667,324.2296,145.11987,0.94112825
0.06,0.16875,324.28577,145.33643,0.94321984
0.06,0.17083333,324.3246,145.56921,0.9451757
0.06,0.17291667,324.3457,145.8186,0.9470042
0.06,0.175,324.34875,146.08502,0.9487133
0.06,0.17708333,324.33313,146.36874,0.95031023
0.06,0.17916666,324.29816,146.67023,0.95180213
0.06,0.18125,324.2431,146.98969,0.9531955
0.06,0.18333334,324.16724,147.32755,0.9544966
0.06,0.18541667,324.0694,147.68402,0.9557113
0.06,0.1875,323.94897,148.05939,0.95684505
0.06,0.18958333,323.80475,148.45386,0.9579031
0.06,0.19166666,323.63574,148.86761,0.9588902
0.06,0.19375,323.44122,149.3009,0.959811
0.06,0.19583334,323.21997,149.75372,0.96066976
0.06,0.19791667,322.971,150.22626,0.9614706
0.06,0.2,322.69366,150.71844,0.9622172
0.06,0.20208333,322.38702,151.23035,0.9629132
0.06,0.20416667,322.05023,151.7619,0.96356183
0.06,0.20625,321.68274,152.31299,0.9641663
0.06,0.20833333,321.28418,152.88345,0.96472937
0.06,0.21041666,320.85406,153.47311,0.96525395
0.06,0.2125,320.3922,154.08173,0.9657425
0.06,0.21458334,319.8985,154.70898,0.96619755
0.06,0.21666667,319.37305,155.35455,0.96662116
0.06,0.21875,318.8161,156.01804,0.96701556
0.06,0.22083333,318.22815,156.69904,0.9673828
0.06,0.22291666,317.60968,157.39703,0.9677245
0.06,0.225,316.9615,158.11151,0.96804255
0.06,0.22708334,316.28467,158.84195,0.9683385
0.06,0.22916667,315.58014,159.5877,0.9686138
0.06,0.23125,314.84912,160.34814,0.9688699
0.06,0.23333333,314.09314,161.12265,0.9691081
0.06,0.23541667,313.31372,161.91055,0.96932966
0.06,0.2375,312.51227,162.71103,0.96953577
0.06,0.23958333,311.69092,163.52338,0.96972734
0.06,0.24166666,310.8512,164.34686,0.96990544
0.06,0.24375,309.99512,165.18073,0.970071
0.06,0.24583334,309.12488,166.02405,0.9702249
0.06,0.24791667,308.2423,166.8761,0.97036797
0.06,0.25,307.3496,167.73608,0.9705009
0.06,0.25208333,306.44885,168.60315,0.97062445
0.06,0.25416666,305.5423,169.47641,0.97073925
0.06,0.25625,304.63196,170.3551,0.97084594
0.06,0.25833333,303.7201,171.2384,0.97094506
0.06,0.26041666,302.80853,172.12537,0.97103703
0.06,0.2625,301.89972,173.01532,0.9711225
0.06,0.26458332,300.99536,173.90738,0.9712019
0.06,0.26666668,300.09753,174.80078,0.9712756
0.06,0.26875,299.20813,175.6947,0.97134405
0.06,0.27083334,298.32892,176.58838,0.97140765
0.06,0.27291667,297.46167,177.48114,0.97146666
0.06,0.275,296.60803,178.37207,0.9715215
0.06,0.27708334,295.7694,179.26056,0.97157234
0.06,0.27916667,294.94745,180.14594,0.9716195
0.06,0.28125,294.14343,181.0275,0.9716633
0.06,0.28333333,293.35876,181.90466,0.97170395
0.06,0.28541666,292.5943,182.77667,0.97174174
0.06,0.2875,291.8512,183.643,0.9717767
0.06,0.28958333,291.13055,184.50311,0.97180915
0.06,0.29166666,290.43298,185.35632,0.9718393
0.06,0.29375,289.75946,186.20227,0.97186726
0.06,0.29583332,289.11047,187.04034,0.97189325
0.06,0.29791668,288.48645,187.87018,0.9719173
0.06,0.3,287.88806,188.69122,0.9719396
0.06,0.30208334,287.3155,189.50311,0.97196037
0.06,0.30416667,286.76917,190.30548,0.97197956
0.06,0.30625,286.24902,191.0979,0.9719973
0.06,0.30833334,285.7553,191.88013,0.97201383
0.06,0.31041667,285.28796,192.65176,0.97202915
0.06,0.3125,284.84686,193.41254,0.97204334
0.06,0.31458333,284.43195,194.16232,0.9720565
0.06,0.31666666,284.04303,194.9007,0.9720687
0.06,0.31875,283.6798,195.62753,0.97208005
0.06,0.32083333,283.34198,196.34268,0.97209054
0.06,0.32291666,283.02917,197.0459,0.97210026
0.06,0.325,282.74072,197.73712,0.97210926
0.06,0.32708332,282.47656,198.41614,0.97211754
0.06,0.32916668,282.23566,199.08295,0.9721253
0.06,0.33125,282.01794,199.73743,0.97213244
0.06,0.33333334,281.82263,200.37946,0.97213906
0.06,0.33541667,281.649,201.00916,0.97214526
0.06,0.3375,281.49646,201.62628,0.9721509
0.06,0.33958334,281.36438,202.23099,0.97215617
0.06,0.34166667,281.2522,202.82321,0.97216105
0.06,0.34375,281.15887,203.40302,0.9721656
0.06,0.34583333,281.0841,203.97043,0.97216976
0.06,0.34791666,281.02673,204.52545,0.9721736
0.06,0.35,280.9864,205.0682,0.9721772
0.06,0.35208333,280.96228,205.59875,0.97218055
0.06,0.35416666,280.9535,206.11719,0.9721836
0.06,0.35625,280.9594,206.62354,0.97218645
0.06,0.35833332,280.97925,207.11801,0.97218907
0.06,0.36041668,281.01245,207.60071,0.9721916
0.06,0.3625,281.05804,208.07172,0.97219384
0.06,0.36458334,281.11542,208.53113,0.9721959
0.06,0.36666667,281.18408,208.97919,0.9721979
0.06,0.36875,281.263,209.41599,0.9721996
0.06,0.37083334,281.35168,209.84167,0.97220135
0.06,0.37291667,281.44952,210.25641,0.9722029
0.06,0.375,281.55566,210.66034,0.9722043
0.06,0.37708333,281.6698,211.05371,0.97220564
0.06,0.37916666,281.79108,211.43658,0.9722069
0.06,0.38125,281.91895,211.80927,0.972208
0.06,0.38333333,282.0528,212.17181,0.9722091
0.06,0.38541666,282.19226,212.52448,0.9722101
0.06,0.3875,282.33655,212.86737,0.97221106
0.06,0.38958332,282.48535,213.20074,0.9722119
0.06,0.39166668,282.638,213.52484,0.9722127
0.06,0.39375,282.79425,213.83966,0.9722134
0.06,0.39583334,282.95337,214.14557,0.97221404
0.06,0.39791667,283.11505,214.44269,0.9722147
0.06,0.4,283.27893,214.73117,0.97221524
0.06,0.40208334,283.44458,215.01126,0.9722158
0.06,0.40416667,283.6115,215.28311,0.9722162
0.06,0.40625,283.77936,215.5469,0.97221667
0.06,0.40833333,283.94812,215.80286,0.9722171
0.06,0.41041666,284.117,216.05115,0.97221744
0.06,0.4125,284.286,216.29193,0.97221786
0.06,0.41458333,284.45477,216.52542,0.97221816
0.06,0.41666666,284.623,216.75177,0.97221845
0.06,0.41875,284.79047,216.97113,0.97221875
0.06,0.42083332,284.95703,217.18375,0.972219
0.06,0.42291668,285.1222,217.38977,0.9722192
0.06,0.425,285.28607,217.5893,0.97221947
0.06,0.42708334,285.4483,217.7826,0.9722197
0.06,0.42916667,285.60876,217.96979,0.9722198
0.06,0.43125,285.7672,218.15103,0.97222
0.06,0.43333334,285.92365,218.32648,0.9722201
0.06,0.43541667,286.07776,218.49634,0.9722203
0.06,0.4375,286.2296,218.6607,0.9722204
0.06,0.43958333,286.37903,218.81973,0.9722206
0.06,0.44166666,286.526,218.97363,0.9722208
0.06,0.44375,286.67017,219.12247,0.97222084
0.06,0.44583333,286.8117,219.26648,0.9722209
0.06,0.44791666,286.9505,219.4057,0.972221
0.06,0.45,287.08655,219.54034,0.9722211
0.06,0.45208332,287.21954,219.67053,0.97222114
0.06,0.45416668,287.34973,219.79636,0.9722212
0.06,0.45625,287.47705,219.918,0.9722213
0.06,0.45833334,287.60144,220.03555,0.9722214
0.06,0.46041667,287.72272,220.14917,0.97222143
0.06,0.4625,287.8412,220.25891,0.97222155
0.06,0.46458334,287.95654,220.36493,0.9722216
0.06,0.46666667,288.06897,220.46735,0.9722217
0.06,0.46875,288.17847,220.56628,0.97222173
0.06,0.47083333,288.28485,220.6618,0.97222185
0.06,0.47291666,288.3885,220.75409,0.97222185
0.06,0.475,288.48914,220.84314,0.97222185
0.06,0.47708333,288.58698,220.92914,0.97222185
0.06,0.47916666,288.68182,221.01218,0.97222185
0.06,0.48125,288.77405,221.09229,0.97222185
0.06,0.48333332,288.8634,221.16965,0.97222185
0.06,0.48541668,288.95,221.24426,0.97222185
0.06,0.4875,289.03387,221.31628,0.97222185
0.06,0.48958334,289.11517,221.38577,0.97222185
0.06,0.49166667,289.19397,221.45282,0.97222185
0.06,0.49375,289.27008,221.51746,0.97222185
0.06,0.49583334,289.34363,221.57983,0.97222185
0.06,0.49791667,289.41486,221.64001,0.97222185
0.06,0.5,289.48358,221.69803,0.97222185
0.06,0.50208336,289.55,221.75397,0.97222185
0.06,0.50416666,289.61414,221.80792,0.97222185
0.06,0.50625,289.67615,221.85995,0.97222185
0.06,0.5083333,289.73578,221.9101,0.97222185
0.06,0.5104167,289.7934,221.95844,0.97222185
0.06,0.5125,289.849,222.005,0.97222185
0.06,0.51458335,289.90247,222.04993,0.97222185
0.06,0.51666665,289.95398,222.0932,0.97222185
0.06,0.51875,290.0036,222.13495,0.97222185
0.06,0.5208333,290.0514,222.17511,0.97222185
0.06,0.5229167,290.09747,222.21384,0.97222185
0.06,0.525,290.14172,222.25116,0.97222185
0.06,0.52708334,290.1842,222.28711,0.97222185
0.06,0.52916664,290.22522,222.32175,0.97222185
0.06,0.53125,290.26453,222.3551,0.97222185
0.06,0.53333336,290.30237,222.38724,0.97222185
0.06,0.53541666,290.33868,222.41818,0.97222185
0.06,0.5375,290.3736,222.448,0.97222185
0.06,0.5395833,290.4071,222.47668,0.97222185
0.06,0.5416667,290.43915,222.50433,0.97222185
0.06,0.54375,290.4701,222.53094,0.97222185
0.06,0.54583335,290.49963,222.55658,0.97222185
0.06,0.54791665,290.528,222.58124,0.97222185
0.06,0.55,290.5553,222.60498,0.97222185
0.06,0.5520833,290.58142,222.62787,0.97222185
0.06,0.5541667,290.6065,222.64987,0.97222185
0.06,0.55625,290.6305,222.67105,0.97222185
0.06,0.55833334,290.65344,222.69147,0.97222185
0.06,0.56041664,290.67548,222.71106,0.97222185
0.06,0.5625,290.69666,222.72995,0.97222185
0.06,0.56458336,290.71692,222.74811,0.97222185
0.06,0.56666666,290.7362,222.76562,0.97222185
0.06,0.56875,290.75476,222.78244,0.97222185
0.06,0.5708333,290.77258,222.79865,0.97222185
0.06,0.5729167,290.7896,222.81421,0.97222185
0.06,0.575,290.8058,222.82922,0.97222185
0.06,0.57708335,290.8214,222.84363,0.97222185
0.06,0.57916665,290.8363,222.85751,0.97222185
0.06,0.58125,290.85065,222.87085,0.97222185
0.06,0.5833333,290.86414,222.88367,0.97222185
0.06,0.5854167,290.87732,222.89606,0.97222185
0.06,0.5875,290.88977,222.9079,0.97222185
0.06,0.58958334,290.90173,222.91931,0.97222185
0.06,0.59166664,290.9132,222.9303,0.97222185
0.06,0.59375,290.9242,222.94086,0.97222185
0.06,0.59583336,290.93463,222.95105,0.97222185
0.06,0.59791666,290.94452,222.96078,0.97222185
0.06,0.6,290.95416,222.97021,0.97222185
0.06,0.6020833,290.96326,222.97922,0.97222185
0.06,0.6041667,290.97205,222.98792,0.97222185
0.06,0.60625,290.9804,222.99625,0.97222185
0.06,0.60833335,290.9884,223.00427,0.97222185
0.06,0.61041665,290.99615,223.01196,0.97222185
0.06,0.6125,291.00348,223.01941,0.97222185
0.06,0.6145833,291.01044,223.02652,0.97222185
0.06,0.6166667,291.0172,223.03339,0.97222185
0.06,0.61875,291.02356,223.03998,0.97222185
0.06,0.62083334,291.02966,223.0463,0.97222185
0.06,0.62291664,291.03552,223.05237,0.97222185
0.06,0.625,291.0412,223.05823,0.97222185
0.06,0.62708336,291.04657,223.06384,0.97222185
0.06,0.62916666,291.05182,223.06924,0.97222185
0.06,0.63125,291.0567,223.07443,0.97222185
0.06,0.6333333,291.0614,223.0794,0.97222185
0.06,0.6354167,291.06598,223.08423,0.97222185
0.06,0.6375,291.0702,223.0888,0.97222185
0.06,0.63958335,291.07434,223.09326,0.97222185
0.06,0.64166665,291.0783,223.0975,0.97222185
0.06,0.64375,291.08215,223.10156,0.97222185
0.06,0.6458333,291.08582,223.1055,0.97222185
0.06,0.6479167,291.08923,223.10928,0.97222185
0.06,0.65,291.09265,223.11288,0.97222185
0.06,0.65208334,291.09583,223.11636,0.97222185
0.06,0.65416664,291.09882,223.11972,0.97222185
0.06,0.65625,291.10187,223.12292,0.97222185
0.06,0.65833336,291.1046,223.12604,0.97222185
0.06,0.66041666,291.1073,223.12897,0.97222185
0.06,0.6625,291.11,223.13184,0.97222185
0.06,0.6645833,291.11243,223.13455,0.97222185
0.06,0.6666667,291.11487,223.1372,0.97222185
0.06,0.66875,291.11707,223.13971,0.97222185
0.06,0.67083335,291.11926,223.14215,0.97222185
0.06,0.67291665,291.12146,223.14444,0.97222185
0.06,0.675,291.1234,223.14667,0.97222185
0.06,0.6770833,291.12537,223.14883,0.97222185
0.06,0.6791667,291.12714,223.15088,0.97222185
0.06,0.68125,291.12903,223.15286,0.97222185
0.06,0.68333334,291.13074,223.15475,0.97222185
0.06,0.68541664,291.1324,223.15656,0.97222185
0.06,0.6875,291.1339,223.15833,0.97222185
0.06,0.68958336,291.13544,223.16,0.97222185
0.06,0.69166666,291.1369,223.16162,0.97222185
0.06,0.69375,291.1383,223.16318,0.97222185
0.06,0.6958333,291.1397,223.16467,0.97222185
0.06,0.6979167,291.141,223.16608,0.97222185
0.06,0.7,291.1422,223.16748,0.97222185
0.06,0.70208335,291.14343,223.16876,0.97222185
0.06,0.70416665,291.14465,223.17004,0.97222185
0.06,0.70625,291.14563,223.17126,0.97222185
0.06,0.7083333,291.1468,223.17242,0.97222185
0.06,0.7104167,291.14783,223.17352,0.97222185
0.06,0.7125,291.1488,223.17462,0.97222185
0.06,0.71458334,291.14972,223.17563,0.97222185
0.06,0.71666664,291.15057,223.17664,0.97222185
0.06,0.71875,291.1515,223.17758,0.97222185
0.06,0.72083336,291.1524,223.1785,0.97222185
0.06,0.72291666,291.1532,223.17938,0.97222185
0.06,0.725,291.15393,223.1802,0.97222185
0.06,0.7270833,291.15466,223.181,0.97222185
0.06,0.7291667,291.1554,223.18176,0.97222185
0.06,0.73125,291.15613,223.1825,0.97222185
0.06,0.73333335,291.1568,223.18323,0.97222185
0.06,0.73541665,291.1574,223.1839,0.97222185
0.06,0.7375,291.15808,223.18457,0.97222185
0.06,0.7395833,291.15863,223.18521,0.97222185
0.06,0.7416667,291.1593,223.18579,0.97222185
0.06,0.74375,291.1598,223.1864,0.97222185
0.06,0.74583334,291.16028,223.18695,0.97222185
0.06,0.74791664,291.16077,223.18747,0.97222185
0.06,0.75,291.16132,223.18799,0.97222185
0.06,0.75208336,291.16174,223.18848,0.97222185
0.06,0.75416666,291.16223,223.18896,0.97222185
0.06,0.75625,291.16272,223.18939,0.97222185
0.06,0.7583333,291.1632,223.18985,0.97222185
0.06,0.7604167,291.1635,223.19025,0.97222185
0.06,0.7625,291.16394,223.19067,0.97222185
0.06,0.76458335,291.16425,223.19104,0.97222185
0.06,0.76666665,291.16467,223.1914,0.97222185
0.06,0.76875,291.16498,223.19177,0.97222185
0.06,0.7708333,291.1654,223.19208,0.97222185
0.06,0.7729167,291.16565,223.19241,0.97222185
0.06,0.775,291.16595,223.19272,0.97222185
0.06,0.77708334,291.16632,223.19305,0.97222185
0.06,0.77916664,291.16663,223.19333,0.97222185
0.06,0.78125,291.16687,223.1936,0.97222185
0.06,0.78333336,291.1671,223.19385,0.97222185
0.06,0.78541666,291.16736,223.19412,0.97222185
0.06,0.7875,291.1676,223.19434,0.97222185
0.06,0.7895833,291.16785,223.19458,0.97222185
0.06,0.7916667,291.1681,223.19482,0.97222185
0.06,0.79375,291.16833,223.195,0.97222185
0.06,0.79583335,291.16858,223.19522,0.97222185
0.06,0.79791665,291.16876,223.19543,0.97222185
0.06,0.8,291.16888,223.19562,0.97222185
0.06,0.8020833,291.16907,223.1958,0.97222185
0.06,0.8041667,291.1693,223.19595,0.97222185
0.06,0.80625,291.1695,223.1961,0.97222185
0.06,0.80833334,291.16956,223.19629,0.97222185
0.06,0.81041664,291.1698,223.19641,0.97222185
0.06,0.8125,291.16998,223.1966,0.97222185
0.06,0.81458336,291.17004,223.19672,0.97222185
0.06,0.81666666,291.1703,223.19684,0.97222185
0.06,0.81875,291.17035,223.19699,0.97222185
0.06,0.8208333,291.17053,223.19711,0.97222185
0.06,0.8229167,291.1706,223.1972,0.97222185
0.06,0.825,291.17078,223.19733,0.97222185
0.06,0.82708335,291.17078,223.19745,0.97222185
0.06,0.82916665,291.17102,223.19757,0.97222185
0.06,0.83125,291.17102,223.19763,0.97222185
0.06,0.8333333,291.1712,223.19775,0.97222185
0.06,0.8354167,291.17126,223.19785,0.97222185
0.06,0.8375,291.17133,223.19794,0.97222185
0.06,0.83958334,291.1715,223.198,0.97222185
0.06,0.84166664,291.1715,223.19809,0.97222185
0.06,0.84375,291.17157,223.19818,0.97222185
0.06,0.84583336,291.1717,223.19824,0.97222185
0.06,0.84791666,291.17175,223.1983,0.97222185
0.06,0.85,291.17175,223.19836,0.97222185
0.06,0.8520833,291.17194,223.19846,0.97222185
0.06,0.8541667,291.172,223.19852,0.97222185
0.06,0.85625,291.172,223.19858,0.97222185
0.06,0.85833335,291.172,223.19864,0.97222185
0.06,0.86041665,291.17206,223.1987,0.97222185
0.06,0.8625,291.17218,223.19873,0.97222185
0.06,0.8645833,291.17224,223.19879,0.97222185
0.06,0.8666667,291.17224,223.19885,0.97222185
0.06,0.86875,291.17224,223.19888,0.97222185
0.06,0.87083334,291.1723,223.19891,0.97222185
0.06,0.87291664,291.1725,223.19897,0.97222185
0.06,0.875,291.1725,223.19904,0.97222185
0.06,0.87708336,291.1725,223.19907,0.97222185
0.06,0.87916666,291.1725,223.1991,0.97222185
0.06,0.88125,291.17255,223.19916,0.97222185
0.06,0.8833333,291.17255,223.19916,0.97222185
0.06,0.8854167,291.17267,223.19919,0.97222185
0.06,0.8875,291.17273,223.19922,0.97222185
0.06,0.88958335,291.17273,223.19928,0.97222185
0.06,0.89166665,291.17273,223.19928,0.97222185
0.06,0.89375,291.17273,223.19931,0.97222185
0.06,0.8958333,291.17273,223.19934,0.97222185
0.06,0.8979167,291.17273,223.19937,0.97222185
0.06,0.9,291.1729,223.1994,0.97222185
0.06,0.90208334,291.1729,223.19943,0.97222185
0.06,0.90416664,291.1729,223.19946,0.97222185
0.06,0.90625,291.17297,223.19946,0.97222185
0.06,0.90833336,291.17297,223.19946,0.97222185
0.06,0.91041666,291.17297,223.19952,0.97222185
0.06,0.9125,291.17297,223.19952,0.97222185
0.06,0.9145833,291.17297,223.19952,0.97222185
0.06,0.9166667,291.17297,223.19955,0.97222185
0.06,0.91875,291.17297,223.19958,0.97222185
0.06,0.92083335,291.17297,223.19958,0.97222185
0.06,0.92291665,291.17297,223.19962,0.97222185
0.06,0.925,291.17297,223.19962,0.97222185
0.06,0.9270833,291.17303,223.19965,0.97222185
0.06,0.9291667,291.17303,223.19965,0.97222185
0.06,0.93125,291.17303,223.19965,0.97222185
0.06,0.93333334,291.17316,223.19968,0.97222185
0.06,0.93541664,291.17316,223.1997,0.97222185
0.06,0.9375,291.17316,223.1997,0.97222185
0.06,0.93958336,291.17322,223.1997,0.97222185
0.06,0.94166666,291.17322,223.19974,0.97222185
0.06,0.94375,291.17322,223.19974,0.97222185
0.06,0.9458333,291.17322,223.19977,0.97222185
0.06,0.9479167,291.17322,223.19977,0.97222185
0.06,0.95,291.17322,223.19977,0.97222185
0.06,0.95208335,291.17322,223.19977,0.97222185
0.06,0.95416665,291.17322,223.19977,0.97222185
0.06,0.95625,291.17322,223.1998,0.97222185
0.06,0.9583333,291.17322,223.1998,0.97222185
0.06,0.9604167,291.17322,223.1998,0.97222185
0.06,0.9625,291.17322,223.19983,0.97222185
0.06,0.96458334,291.17322,223.19983,0.97222185
0.06,0.96666664,291.17322,223.19983,0.97222185
0.06,0.96875,291.17322,223.19983,0.97222185
0.06,0.97083336,291.17322,223.19983,0.97222185
0.06,0.97291666,291.17322,223.19983,0.97222185
0.06,0.975,291.17322,223.19983,0.97222185
0.06,0.9770833,291.17322,223.19983,0.97222185
0.06,0.9791667,291.17322,223.19983,0.97222185
0.06,0.98125,291.17328,223.19989,0.97222185
0.06,0.98333335,291.17328,223.19989,0.97222185
0.06,0.98541665,291.17328,223.19989,0.97222185
0.06,0.9875,291.17328,223.19989,0.97222185
0.06,0.9895833,291.17328,223.19989,0.97222185
0.06,0.9916667,291.17328,223.19989,0.97222185
0.06,0.99375,291.1734,223.19989,0.97222185
0.06,0.99583334,291.1734,223.19989,0.97222185
0.06,0.99791664,291.1734,223.19989,0.97222185
0.06,1.0,291.1734,223.19989,0.97222185
0.06,1.0020833,291.1734,223.19989,0.97222185
0.06,1.0041667,291.1734,223.19989,0.97222185
0.06,1.00625,291.1734,223.19989,0.97222185
0.06,1.0083333,291.1734,223.19989,0.97222185
0.06,1.0104166,291.1734,223.19989,0.97222185
0.06,1.0125,291.1734,223.19989,0.97222185
0.06,1.0145833,291.1734,223.19989,0.97222185
0.06,1.0166667,291.1734,223.19989,0.97222185
0.06,1.01875,291.1734,223.19989,0.97222185
0.06,1.0208334,291.1734,223.19989,0.97222185
0.06,1.0229167,291.1734,223.19989,0.97222185
0.06,1.025,291.1734,223.19989,0.97222185
0.06,1.0270833,291.1734,223.19989,0.97222185
0.06,1.0291667,291.1734,223.19989,0.97222185
0.06,1.03125,291.1734,223.19989,0.97222185
0.06,1.0333333,291.1734,223.19989,0.97222185
0.06,1.0354167,291.1734,223.19989,0.97222185
0.06,1.0375,291.1734,223.19989,0.97222185
0.06,1.0395833,291.1734,223.19989,0.97222185
0.06,1.0416666,291.1734,223.19989,0.97222185
0.06,1.04375,291.1734,223.19989,0.97222185
0.06,1.0458333,291.1734,223.19989,0.97222185
0.06,1.0479167,291.1734,223.19989,0.97222185
0.06,1.05,291.1734,223.19989,0.97222185
0.06,1.0520834,291.1734,223.19989,0.97222185
0.06,1.0541667,291.1734,223.19989,0.97222185
0.06,1.05625,291.1734,223.19989,0.97222185
0.06,1.0583333,291.1734,223.19989,0.97222185
0.06,1.0604167,291.1734,223.19989,0.97222185
0.06,1.0625,291.1734,223.19989,0.97222185
0.06,1.0645833,291.1734,223.19989,0.97222185
0.06,1.0666667,291.1734,223.19989,0.97222185
0.06,1.06875,291.1734,223.19989,0.97222185
0.06,1.0708333,291.1734,223.19989,0.97222185
0.06,1.0729166,291.1734,223.19989,0.97222185
0.06,1.075,291.1734,223.19989,0.97222185
0.06,1.0770833,291.1734,223.19989,0.97222185
0.06,1.0791667,291.1734,223.19989,0.97222185
0.06,1.08125,291.1734,223.19989,0.97222185
0.06,1.0833334,291.1734,223.19989,0.97222185
0.06,1.0854167,291.1734,223.19989,0.97222185
0.06,1.0875,291.1734,223.19989,0.97222185
0.06,1.0895833,291.1734,223.19989,0.97222185
0.06,1.0916667,291.1734,223.19989,0.97222185
0.06,1.09375,291.1734,223.19989,0.97222185
0.06,1.0958333,291.1734,223.19989,0.97222185
0.06,1.0979167,291.1734,223.19989,0.97222185
0.06,1.1,291.1734,223.19989,0.97222185
0.06,1.1020833,291.1734,223.19989,0.97222185
0.06,1.1041666,291.1734,223.19989,0.97222185
0.06,1.10625,291.1734,223.19989,0.97222185
0.06,1.1083333,291.1734,223.19989,0.97222185
0.06,1.1104167,291.1734,223.19989,0.97222185
0.06,1.1125,291.1734,223.19989,0.97222185
0.06,1.1145834,291.1734,223.19989,0.97222185
0.06,1.1166667,291.1734,223.19989,0.97222185
0.06,1.11875,291.1734,223.19989,0.97222185
0.06,1.1208333,291.1734,223.19989,0.97222185
0.06,1.1229167,291.1734,223.19989,0.97222185
0.06,1.125,291.1734,223.19989,0.97222185
0.06,1.1270833,291.1734,223.19989,0.97222185
0.06,1.1291667,291.1734,223.19989,0.97222185
0.06,1.13125,291.1734,223.19989,0.97222185
0.06,1.1333333,291.1734,223.19989,0.97222185
0.06,1.1354166,291.1734,223.19989,0.97222185
0.06,1.1375,291.1734,223.19989,0.97222185
0.06,1.1395833,291.1734,223.19989,0.97222185
0.06,1.1416667,291.1734,223.19989,0.97222185
0.06,1.14375,291.1734,223.19989,0.97222185
0.06,1.1458334,291.1734,223.19989,0.97222185
0.06,1.1479167,291.1734,223.19989,0.97222185
0.06,1.15,291.1734,223.19989,0.97222185
0.06,1.1520833,291.1734,223.19989,0.97222185
0.06,1.1541667,291.1734,223.19989,0.97222185
0.06,1.15625,291.1734,223.19989,0.97222185
0.06,1.1583333,291.1734,223.19989,0.97222185
0.06,1.1604167,291.1734,223.19989,0.97222185
0.06,1.1625,291.1734,223.19989,0.97222185
0.06,1.1645833,291.1734,223.19989,0.97222185
0.06,1.1666666,291.1734,223.19989,0.97222185
0.06,1.16875,291.1734,223.19989,0.97222185
0.06,1.1708333,291.1734,223.19989,0.97222185
0.06,1.1729167,291.1734,223.19989,0.97222185
0.06,1.175,291.1734,223.19989,0.97222185
0.06,1.1770834,291.1734,223.19989,0.97222185
0.06,1.1791667,291.1734,223.19989,0.97222185
0.06,1.18125,291.1734,223.19989,0.97222185
0.06,1.1833333,291.1734,223.19989,0.97222185
0.06,1.1854167,291.1734,223.19989,0.97222185
0.06,1.1875,291.1734,223.19989,0.97222185
0.06,1.1895833,291.1734,223.19989,0.97222185
0.06,1.1916667,291.1734,223.19989,0.97222185
0.06,1.19375,291.1734,223.19989,0.97222185
0.06,1.1958333,291.1734,223.19989,0.97222185
0.06,1.1979166,291.1734,223.19989,0.97222185
0.06,1.2,291.1734,223.19989,0.97222185
0.06,1.2020833,291.1734,223.19989,0.97222185
0.06,1.2041667,291.1734,223.19989,0.97222185
0.06,1.20625,291.1734,223.19989,0.97222185
0.06,1.2083334,291.1734,223.19989,0.97222185
0.06,1.2104167,291.1734,223.19989,0.97222185
0.06,1.2125,291.1734,223.19989,0.97222185
0.06,1.2145833,291.1734,223.19989,0.97222185
0.06,1.2166667,291.1734,223.19989,0.97222185
0.06,1.21875,291.1734,223.19989,0.97222185
0.06,1.2208333,291.1734,223.19989,0.97222185
0.06,1.2229167,291.1734,223.19989,0.97222185
0.06,1.225,291.1734,223.19989,0.97222185
0.06,1.2270833,291.1734,223.19989,0.97222185
0.06,1.2291666,291.1734,223.19989,0.97222185
0.06,1.23125,291.1734,223.19989,0.97222185
0.06,1.2333333,291.1734,223.19989,0.97222185
0.06,1.2354167,291.1734,223.19989,0.97222185
0.06,1.2375,291.1734,223.19989,0.97222185
0.06,1.2395834,291.1734,223.19989,0.97222185
0.06,1.2416667,291.1734,223.19989,0.97222185
0.06,1.24375,291.1734,223.19989,0.97222185
0.06,1.2458333,291.1734,223.19989,0.97222185
0.06,1.2479167,291.1734,223.19989,0.97222185
0.06,1.25,291.1734,223.19989,0.97222185
0.06,1.2520833,291.1734,223.19989,0.97222185
0.06,1.2541667,291.1734,223.19989,0.97222185
0.06,1.25625,291.1734,223.19989,0.97222185
0.06,1.2583333,291.1734,223.19989,0.97222185
0.06,1.2604166,291.1734,223.19989,0.97222185
0.06,1.2625,291.1734,223.19989,0.97222185
0.06,1.2645833,291.1734,223.19989,0.97222185
0.06,1.2666667,291.1734,223.19989,0.97222185
0.06,1.26875,291.1734,223.19989,0.97222185
0.06,1.2708334,291.1734,223.19989,0.97222185
0.06,1.2729167,291.1734,223.19989,0.97222185
0.06,1.275,291.1734,223.19989,0.97222185
0.06,1.2770833,291.1734,223.19989,0.97222185
0.06,1.2791667,291.1734,223.19989,0.97222185
0.06,1.28125,291.1734,223.19989,0.97222185
0.06,1.2833333,291.1734,223.19989,0.97222185
0.06,1.2854167,291.1734,223.19989,0.97222185
0.06,1.2875,291.1734,223.19989,0.97222185
0.06,1.2895833,291.1734,223.19989,0.97222185
0.06,1.2916666,291.1734,223.19989,0.97222185
0.06,1.29375,291.1734,223.19989,0.97222185
0.06,1.2958333,291.1734,223.19989,0.97222185
0.06,1.2979167,291.1734,223.19989,0.97222185
0.06,1.3,291.1734,223.19989,0.97222185
0.06,1.3020834,291.1734,223.19989,0.97222185
0.06,1.3041667,291.1734,223.19989,0.97222185
0.06,1.30625,291.1734,223.19989,0.97222185
0.06,1.3083333,291.1734,223.19989,0.97222185
0.06,1.3104167,291.1734,223.19989,0.97222185
0.06,1.3125,291.1734,223.19989,0.97222185
0.06,1.3145833,291.1734,223.19989,0.97222185
0.06,1.3166667,291.1734,223.19989,0.97222185
0.06,1.31875,291.1734,223.19989,0.97222185
0.06,1.3208333,291.1734,223.19989,0.97222185
0.06,1.3229166,291.1734,223.19989,0.97222185
0.06,1.325,291.1734,223.19989,0.97222185
0.06,1.3270833,291.1734,223.19989,0.97222185
0.06,1.3291667,291.1734,223.19989,0.97222185
0.06,1.33125,291.1734,223.19989,0.97222185
0.06,1.3333334,291.1734,223.19989,0.97222185
0.06,1.3354167,291.1734,223.19989,0.97222185
0.06,1.3375,291.1734,223.19989,0.97222185
0.06,1.3395833,291.1734,223.19989,0.97222185
0.06,1.3416667,291.1734,223.19989,0.97222185
0.06,1.34375,291.1734,223.19989,0.97222185
0.06,1.3458333,291.1734,223.19989,0.97222185
0.06,1.3479167,291.1734,223.19989,0.97222185
0.06,1.35,291.1734,223.19989,0.97222185
0.06,1.3520833,291.1734,223.19989,0.97222185
0.06,1.3541666,291.1734,223.19989,0.97222185
0.06,1.35625,291.1734,223.19989,0.97222185
0.06,1.3583333,291.1734,223.19989,0.97222185
0.06,1.3604167,291.1734,223.19989,0.97222185
0.06,1.3625,291.1734,223.19989,0.97222185
0.06,1.3645834,291.1734,223.19989,0.97222185
0.06,1.3666667,291.1734,223.19989,0.97222185
0.06,1.36875,291.1734,223.19989,0.97222185
0.06,1.3708333,291.1734,223.19989,0.97222185
0.06,1.3729167,291.1734,223.19989,0.97222185
0.06,1.375,291.1734,223.19989,0.97222185
0.06,1.3770833,291.1734,223.19989,0.97222185
0.06,1.3791667,291.1734,223.19989,0.97222185
0.06,1.38125,291.1734,223.19989,0.97222185
0.06,1.3833333,291.1734,223.19989,0.97222185
0.06,1.3854166,291.1734,223.19989,0.97222185
0.06,1.3875,291.1734,223.19989,0.97222185
0.06,1.3895833,291.1734,223.19989,0.97222185
0.06,1.3916667,291.1734,223.19989,0.97222185
0.06,1.39375,291.1734,223.19989,0.97222185
0.06,1.3958334,291.1734,223.19989,0.97222185
0.06,1.3979167,291.1734,223.19989,0.97222185
0.06,1.4,291.1734,223.19989,0.97222185
0.06,1.4020833,291.1734,223.19989,0.97222185
0.06,1.4041667,291.1734,223.19989,0.97222185
0.06,1.40625,291.1734,223.19989,0.97222185
0.06,1.4083333,291.1734,223.19989,0.97222185
0.06,1.4104167,291.1734,223.19989,0.97222185
0.06,1.4125,291.1734,223.19989,0.97222185
0.06,1.4145833,291.1734,223.19989,0.97222185
0.06,1.4166666,291.1734,223.19989,0.97222185
0.06,1.41875,291.1734,223.19989,0.97222185
0.06,1.4208333,291.1734,223.19989,0.97222185
0.06,1.4229167,291.1734,223.19989,0.97222185
0.06,1.425,291.1734,223.19989,0.97222185
0.06,1.4270834,291.1734,223.19989,0.97222185
0.06,1.4291667,291.1734,223.19989,0.97222185
0.06,1.43125,291.1734,223.19989,0.97222185
0.06,1.4333333,291.1734,223.19989,0.97222185
0.06,1.4354167,291.1734,223.19989,0.97222185
0.06,1.4375,291.1734,223.19989,0.97222185
0.06,1.4395833,291.1734,223.19989,0.97222185
0.06,1.4416667,291.1734,223.19989,0.97222185
0.06,1.44375,291.1734,223.19989,0.97222185
0.06,1.4458333,291.1734,223.19989,0.97222185
0.06,1.4479166,291.1734,223.19989,0.97222185
0.06,1.45,291.1734,223.19989,0.97222185
0.06,1.4520833,291.1734,223.19989,0.97222185
0.06,1.4541667,291.1734,223.19989,0.97222185
0.06,1.45625,291.1734,223.19989,0.97222185
0.06,1.4583334,291.1734,223.19989,0.97222185
0.06,1.4604167,291.1734,223.19989,0.97222185
0.06,1.4625,291.1734,223.19989,0.97222185
0.06,1.4645833,291.1734,223.19989,0.97222185
0.06,1.4666667,291.1734,223.19989,0.97222185
0.06,1.46875,291.1734,223.19989,0.97222185
0.06,1.4708333,291.1734,223.19989,0.97222185
0.06,1.4729167,291.1734,223.19989,0.97222185
0.06,1.475,291.1734,223.19989,0.97222185
0.06,1.4770833,291.1734,223.19989,0.97222185
0.06,1.4791666,291.1734,223.19989,0.97222185
0.06,1.48125,291.1734,223.19989,0.97222185
0.06,1.4833333,291.1734,223.19989,0.97222185
0.06,1.4854167,291.1734,223.19989,0.97222185
0.06,1.4875,291.1734,223.19989,0.97222185
0.06,1.4895834,291.1734,223.19989,0.97222185
0.06,1.4916667,291.1734,223.19989,0.97222185
0.06,1.49375,291.1734,223.19989,0.97222185
0.06,1.4958333,291.1734,223.19989,0.97222185
0.06,1.4979167,291.1734,223.19989,0.97222185
0.06,1.5,291.1734,223.19989,0.97222185
0.06,1.5020833,291.1734,223.19989,0.97222185
0.06,1.5041667,291.1734,223.19989,0.97222185
0.06,1.50625,291.1734,223.19989,0.97222185
0.06,1.5083333,291.1734,223.19989,0.97222185
0.06,1.5104166,291.1734,223.19989,0.97222185
0.06,1.5125,291.1734,223.19989,0.97222185
0.06,1.5145833,291.1734,223.19989,0.97222185
0.06,1.5166667,291.1734,223.19989,0.97222185
0.06,1.51875,291.1734,223.19989,0.97222185
0.06,1.5208334,291.1734,223.19989,0.97222185
0.06,1.5229167,291.1734,223.19989,0.97222185
0.06,1.525,291.1734,223.19989,0.97222185
0.06,1.5270833,291.1734,223.19989,0.97222185
0.06,1.5291667,291.1734,223.19989,0.97222185
0.06,1.53125,291.1734,223.19989,0.97222185
0.06,1.5333333,291.1734,223.19989,0.97222185
0.06,1.5354167,291.1734,223.19989,0.97222185
0.06,1.5375,291.1734,223.19989,0.97222185
0.06,1.5395833,291.1734,223.19989,0.97222185
0.06,1.5416666,291.1734,223.19989,0.97222185
0.06,1.54375,291.1734,223.19989,0.97222185
0.06,1.5458333,291.1734,223.19989,0.97222185
0.06,1.5479167,291.1734,223.19989,0.97222185
0.06,1.55,291.1734,223.19989,0.97222185
0.06,1.5520834,291.1734,223.19989,0.97222185
0.06,1.5541667,291.1734,223.19989,0.97222185
0.06,1.55625,291.1734,223.19989,0.97222185
0.06,1.5583333,291.1734,223.19989,0.97222185
0.06,1.5604167,291.1734,223.19989,0.97222185
0.06,1.5625,291.1734,223.19989,0.97222185
0.06,1.5645833,291.1734,223.19989,0.97222185
0.06,1.5666667,291.1734,223.19989,0.97222185
0.06,1.56875,291.1734,223.19989,0.97222185
0.06,1.5708333,291.1734,223.19989,0.97222185
0.06,1.5729166,291.1734,223.19989,0.97222185
0.06,1.575,291.1734,223.19989,0.97222185
0.06,1.5770833,291.1734,223.19989,0.97222185
0.06,1.5791667,291.1734,223.19989,0.97222185
0.06,1.58125,291.1734,223.19989,0.97222185
0.06,1.5833334,291.1734,223.19989,0.97222185
0.06,1.5854167,291.1734,223.19989,0.97222185
0.06,1.5875,291.1734,223.19989,0.97222185
0.06,1.5895833,291.1734,223.19989,0.97222185
0.06,1.5916667,291.1734,223.19989,0.97222185
0.06,1.59375,291.1734,223.19989,0.97222185
0.06,1.5958333,291.1734,223.19989,0.97222185
0.06,1.5979167,291.1734,223.19989,0.97222185
0.06,1.6,291.1734,223.19989,0.97222185
0.06,1.6020833,291.1734,223.19989,0.97222185
0.06,1.6041666,291.1734,223.19989,0.97222185
0.06,1.60625,291.1734,223.19989,0.97222185
0.06,1.6083333,291.1734,223.19989,0.97222185
0.06,1.6104167,291.1734,223.19989,0.97222185
0.06,1.6125,291.1734,223.19989,0.97222185
0.06,1.6145834,291.1734,223.19989,0.97222185
0.06,1.6166667,291.1734,223.19989,0.97222185
0.06,1.61875,291.1734,223.19989,0.97222185
0.06,1.6208333,291.1734,223.19989,0.97222185
0.06,1.6229167,291.1734,223.19989,0.97222185
0.06,1.625,291.1734,223.19989,0.97222185
0.06,1.6270833,291.1734,223.19989,0.97222185
0.06,1.6291667,291.1734,223.19989,0.97222185
0.06,1.63125,291.1734,223.19989,0.97222185
0.06,1.6333333,291.1734,223.19989,0.97222185
0.06,1.6354166,291.1734,223.19989,0.97222185
0.06,1.6375,291.1734,223.19989,0.97222185
0.06,1.6395833,291.1734,223.19989,0.97222185
0.06,1.6416667,291.1734,223.19989,0.97222185
0.06,1.64375,291.1734,223.19989,0.97222185
0.06,1.6458334,291.1734,223.19989,0.97222185
0.06,1.6479167,291.1734,223.19989,0.97222185
0.06,1.65,291.1734,223.19989,0.97222185
0.06,1.6520833,291.1734,223.19989,0.97222185
0.06,1.6541667,291.1734,223.19989,0.97222185
0.06,1.65625,291.1734,223.19989,0.97222185
0.06,1.6583333,291.1734,223.19989,0.97222185
0.06,1.6604167,291.1734,223.19989,0.97222185
0.06,1.6625,291.1734,223.19989,0.97222185
0.06,1.6645833,291.1734,223.19989,0.97222185
0.06,1.6666666,291.1734,223.19989,0.97222185
0.06,1.66875,291.1734,223.19989,0.97222185
0.06,1.6708333,291.1734,223.19989,0.97222185
0.06,1.6729167,291.1734,223.19989,0.97222185
0.06,1.675,291.1734,223.19989,0.97222185
0.06,1.6770834,291.1734,223.19989,0.97222185
0.06,1.6791667,291.1734,223.19989,0.97222185
0.06,1.68125,291.1734,223.19989,0.97222185
0.06,1.6833333,291.1734,223.19989,0.97222185
0.06,1.6854167,291.1734,223.19989,0.97222185
0.06,1.6875,291.1734,223.19989,0.97222185
0.06,1.6895833,291.1734,223.19989,0.97222185
0.06,1.6916667,291.1734,223.19989,0.97222185
0.06,1.69375,291.1734,223.19989,0.97222185
0.06,1.6958333,291.1734,223.19989,0.97222185
0.06,1.6979166,291.1734,223.19989,0.97222185
0.06,1.7,291.1734,223.19989,0.97222185
0.06,1.7020833,291.1734,223.19989,0.97222185
0.06,1.7041667,291.1734,223.19989,0.97222185
0.06,1.70625,291.1734,223.19989,0.97222185
0.06,1.7083334,291.1734,223.19989,0.97222185
0.06,1.7104167,291.1734,223.19989,0.97222185
0.06,1.7125,291.1734,223.19989,0.97222185
0.06,1.7145833,291.1734,223.19989,0.97222185
0.06,1.7166667,291.1734,223.19989,0.97222185
0.06,1.71875,291.1734,223.19989,0.97222185
0.06,1.7208333,291.1734,223.19989,0.97222185
0.06,1.7229167,291.1734,223.19989,0.97222185
0.06,1.725,291.1734,223.19989,0.97222185
0.06,1.7270833,291.1734,223.19989,0.97222185
0.06,1.7291666,291.1734,223.19989,0.97222185
0.06,1.73125,291.1734,223.19989,0.97222185
0.06,1.7333333,291.1734,223.19989,0.97222185
0.06,1.7354167,291.1734,223.19989,0.97222185
0.06,1.7375,291.1734,223.19989,0.97222185
0.06,1.7395834,291.1734,223.19989,0.97222185
0.06,1.7416667,291.1734,223.19989,0.97222185
0.06,1.74375,291.1734,223.19989,0.97222185
0.06,1.7458333,291.1734,223.19989,0.97222185
0.06,1.7479167,291.1734,223.19989,0.97222185
0.06,1.75,291.1734,223.19989,0.97222185
0.06,1.7520833,291.1734,223.19989,0.97222185
0.06,1.7541667,291.1734,223.19989,0.97222185
0.06,1.75625,291.1734,223.19989,0.97222185
0.06,1.7583333,291.1734,223.19989,0.97222185
0.06,1.7604166,291.1734,223.19989,0.97222185
0.06,1.7625,291.1734,223.19989,0.97222185
0.06,1.7645833,291.1734,223.19989,0.97222185
0.06,1.7666667,291.1734,223.19989,0.97222185
0.06,1.76875,291.1734,223.19989,0.97222185
0.06,1.7708334,291.1734,223.19989,0.97222185
0.06,1.7729167,291.1734,223.19989,0.97222185
0.06,1.775,291.1734,223.19989,0.97222185
0.06,1.7770833,291.1734,223.19989,0.97222185
0.06,1.7791667,291.1734,223.19989,0.97222185
0.06,1.78125,291.1734,223.19989,0.97222185
0.06,1.7833333,291.1734,223.19989,0.97222185
0.06,1.7854167,291.1734,223.19989,0.97222185
0.06,1.7875,291.1734,223.19989,0.97222185
0.06,1.7895833,291.1734,223.19989,0.97222185
0.06,1.7916666,291.1734,223.19989,0.97222185
0.06,1.79375,291.1734,223.19989,0.97222185
0.06,1.7958333,291.1734,223.19989,0.97222185
0.06,1.7979167,291.1734,223.19989,0.97222185
0.06,1.8,291.1734,223.19989,0.97222185
0.06,1.8020834,291.1734,223.19989,0.97222185
0.06,1.8041667,291.1734,223.19989,0.97222185
0.06,1.80625,291.1734,223.19989,0.97222185
0.06,1.8083333,291.1734,223.19989,0.97222185
0.06,1.8104167,291.1734,223.19989,0.97222185
0.06,1.8125,291.1734,223.19989,0.97222185
0.06,1.8145833,291.1734,223.19989,0.97222185
0.06,1.8166667,291.1734,223.19989,0.97222185
0.06,1.81875,291.1734,223.19989,0.97222185
0.06,1.8208333,291.1734,223.19989,0.97222185
0.06,1.8229166,291.1734,223.19989,0.97222185
0.06,1.825,291.1734,223.19989,0.97222185
0.06,1.8270833,291.1734,223.19989,0.97222185
0.06,1.8291667,291.1734,223.19989,0.97222185
0.06,1.83125,291.1734,223.19989,0.97222185
0.06,1.8333334,291.1734,223.19989,0.97222185
0.06,1.8354167,291.1734,223.19989,0.97222185
0.06,1.8375,291.1734,223.19989,0.97222185
0.06,1.8395833,291.1734,223.19989,0.97222185
0.06,1.8416667,291.1734,223.19989,0.97222185
0.06,1.84375,291.1734,223.19989,0.97222185
0.06,1.8458333,291.1734,223.19989,0.97222185
0.06,1.8479167,291.1734,223.19989,0.97222185
0.06,1.85,291.1734,223.19989,0.97222185
0.06,1.8520833,291.1734,223.19989,0.97222185
0.06,1.8541666,291.1734,223.19989,0.97222185
0.06,1.85625,291.1734,223.19989,0.97222185
0.06,1.8583333,291.1734,223.19989,0.97222185
0.06,1.8604167,291.1734,223.19989,0.97222185
0.06,1.8625,291.1734,223.19989,0.97222185
0.06,1.8645834,291.1734,223.19989,0.97222185
0.06,1.8666667,291.1734,223.19989,0.97222185
0.06,1.86875,291.1734,223.19989,0.97222185
0.06,1.8708333,291.1734,223.19989,0.97222185
0.06,1.8729167,291.1734,223.19989,0.97222185
0.06,1.875,291.1734,223.19989,0.97222185
0.06,1.8770833,291.1734,223.19989,0.97222185
0.06,1.8791667,291.1734,223.19989,0.97222185
0.06,1.88125,291.1734,223.19989,0.97222185
0.06,1.8833333,291.1734,223.19989,0.97222185
0.06,1.8854166,291.1734,223.19989,0.97222185
0.06,1.8875,291.1734,223.19989,0.97222185
0.06,1.8895833,291.1734,223.19989,0.97222185
0.06,1.8916667,291.1734,223.19989,0.97222185
0.06,1.89375,291.1734,223.19989,0.97222185
0.06,1.8958334,291.1734,223.19989,0.97222185
0.06,1.8979167,291.1734,223.19989,0.97222185
0.06,1.9,291.1734,223.19989,0.97222185
0.06,1.9020833,291.1734,223.19989,0.97222185
0.06,1.9041667,291.1734,223.19989,0.97222185
0.06,1.90625,291.1734,223.19989,0.97222185
0.06,1.9083333,291.1734,223.19989,0.97222185
0.06,1.9104167,291.1734,223.19989,0.97222185
0.06,1.9125,291.1734,223.19989,0.97222185
0.06,1.9145833,291.1734,223.19989,0.97222185
0.06,1.9166666,291.1734,223.19989,0.97222185
0.06,1.91875,291.1734,223.19989,0.97222185
0.06,1.9208333,291.1734,223.19989,0.97222185
0.06,1.9229167,291.1734,223.19989,0.97222185
0.06,1.925,291.1734,223.19989,0.97222185
0.06,1.9270834,291.1734,223.19989,0.97222185
0.06,1.9291667,291.1734,223.19989,0.97222185
0.06,1.93125,291.1734,223.19989,0.97222185
0.06,1.9333333,291.1734,223.19989,0.97222185
0.06,1.9354167,291.1734,223.19989,0.97222185
0.06,1.9375,291.1734,223.19989,0.97222185
0.06,1.9395833,291.1734,223.19989,0.97222185
0.06,1.9416667,291.1734,223.19989,0.97222185
0.06,1.94375,291.1734,223.19989,0.97222185
0.06,1.9458333,291.1734,223.19989,0.97222185
0.06,1.9479166,291.1734,223.19989,0.97222185
0.06,1.95,291.1734,223.19989,0.97222185
0.06,1.9520833,291.1734,223.19989,0.97222185
0.06,1.9541667,291.1734,223.19989,0.97222185
0.06,1.95625,291.1734,223.19989,0.97222185
0.06,1.9583334,291.1734,223.19989,0.97222185
0.06,1.9604167,291.1734,223.19989,0.97222185
0.06,1.9625,291.1734,223.19989,0.97222185
0.06,1.9645833,291.1734,223.19989,0.97222185
0.06,1.9666667,291.1734,223.19989,0.97222185
0.06,1.96875,291.1734,223.19989,0.97222185
0.06,1.9708333,291.1734,223.19989,0.97222185
0.06,1.9729167,291.1734,223.19989,0.97222185
0.06,1.975,291.1734,223.19989,0.97222185
0.06,1.9770833,291.1734,223.19989,0.97222185
0.06,1.9791666,291.1734,223.19989,0.97222185
0.06,1.98125,291.1734,223.19989,0.97222185
0.06,1.9833333,291.1734,223.19989,0.97222185
0.06,1.9854167,291.1734,223.19989,0.97222185
0.06,1.9875,291.1734,223.19989,0.97222185
0.06,1.9895834,291.1734,223.19989,0.97222185
0.06,1.9916667,291.1734,223.19989,0.97222185
0.06,1.99375,291.1734,223.19989,0.97222185
0.06,1.9958333,291.1734,223.19989,0.97222185
0.06,1.9979167,291.1734,223.19989,0.97222185
0.06,2.0,291.1734,223.19989,0.97222185
0.08,0.0020833334,291.17114,223.19763,0.0
0.08,0.004166667,291.1712,223.19766,8.555133E-5
0.08,0.00625,291.15067,223.15295,4.0946345E-4
0.08,0.008333334,291.05133,222.9378,0.0010995191
0.08,0.010416667,290.8026,222.40277,0.0022616435
0.08,0.0125,290.35608,221.44363,0.003982351
0.08,0.014583333,289.69794,220.01895,0.006331434
0.08,0.016666668,288.84613,218.14023,0.009363771
0.08,0.01875,287.841,215.85406,0.013121749
0.08,0.020833334,286.73434,213.2269,0.017636212
0.08,0.022916667,285.58188,210.33249,0.022928894
0.08,0.025,284.4369,207.24481,0.029012661
0.08,0.027083334,283.34662,204.03223,0.03589403
0.08,0.029166667,282.3509,200.75586,0.043572627
0.08,0.03125,281.48096,197.46744,0.052043933
0.08,0.033333335,280.75995,194.21005,0.06129837
0.08,0.035416666,280.20337,191.01828,0.0713227
0.08,0.0375,279.82025,187.9187,0.08210169
0.08,0.039583333,279.61383,184.93152,0.093616486
0.08,0.041666668,279.583,182.07086,0.1058476
0.08,0.04375,279.72253,179.34637,0.11877268
0.08,0.045833334,280.02484,176.76343,0.1323698
0.08,0.047916666,280.47998,174.32452,0.14661454
0.08,0.05,281.07654,172.02948,0.16148369
0.08,0.052083332,281.80225,169.87628,0.17695202
0.08,0.054166667,282.64435,167.86127,0.19299598
0.08,0.05625,283.58978,165.97995,0.20959026
0.08,0.058333334,284.6258,164.22687,0.22671162
0.08,0.060416665,285.73956,162.59616,0.24433532
0.08,0.0625,286.91913,161.08154,0.26243895
0.08,0.06458333,288.1529,159.6767,0.28099918
0.08,0.06666667,289.42993,158.3753,0.29999316
0.08,0.06875,290.74,157.17096,0.31940037
0.08,0.07083333,292.0736,156.05756,0.3391988
0.08,0.072916664,293.42206,155.02902,0.35936925
0.08,0.075,294.7773,154.07971,0.3798912
0.08,0.077083334,296.1322,153.20404,0.40074697
0.08,0.079166666,297.47992,152.39685,0.42191744
0.08,0.08125,298.81476,151.65317,0.44338647
0.08,0.083333336,300.13193,150.96881,0.46505082
0.08,0.08541667,301.42743,150.34009,0.48674315
0.08,0.0875,302.6976,149.76343,0.5083194
0.08,0.08958333,303.93924,149.23526,0.52966046
0.08,0.09166667,305.14954,148.75214,0.550665
0.08,0.09375,306.32593,148.31067,0.57125145
0.08,0.09583333,307.46628,147.90784,0.5913519
0.08,0.09791667,308.56873,147.54059,0.61091185
0.08,0.1,309.63187,147.20605,0.6298904
0.08,0.10208333,310.65454,146.90167,0.6482542
0.08,0.104166664,311.636,146.62494,0.6659816
0.08,0.10625,312.57544,146.37354,0.6830557
0.08,0.108333334,313.47266,146.1453,0.6994686
0.08,0.110416666,314.32764,145.93826,0.7152161
0.08,0.1125,315.14026,145.75061,0.73030055
0.08,0.114583336,315.911,145.58057,0.7447263
0.08,0.11666667,316.64026,145.42664,0.75850326
0.08,0.11875,317.32874,145.28735,0.771642
0.08,0.12083333,317.97705,145.16144,0.7841574
0.08,0.12291667,318.58838,145.0498,0.79606444
0.08,0.125,319.167,144.95526,0.8073809
0.08,0.12708333,319.71057,144.87347,0.81812495
0.08,0.12916666,320.21594,144.79956,0.82831544
0.08,0.13125,320.6848,144.73364,0.8379724
0.08,0.13333334,321.1194,144.67603,0.84711635
0.08,0.13541667,321.52136,144.62686,0.8557673
0.08,0.1375,321.89258,144.58646,0.86394536
0.08,0.13958333,322.23474,144.55505,0.87167144
0.08,0.14166667,322.54956,144.53293,0.87896496
0.08,0.14375,322.83862,144.52032,0.8858462
0.08,0.14583333,323.10364,144.51758,0.89233404
0.08,0.14791666,323.34583,144.52496,0.89844775
0.08,0.15,323.56677,144.54285,0.9042055
0.08,0.15208334,323.76758,144.57153,0.909625
0.08,0.15416667,323.94946,144.61133,0.91472363
0.08,0.15625,324.11365,144.66266,0.9195183
0.08,0.15833333,324.261,144.72583,0.9240248
0.08,0.16041666,324.3922,144.80127,0.9282584
0.08,0.1625,324.5083,144.8894,0.93223417
0.08,0.16458334,324.60974,144.99054,0.9359663
0.08,0.16666667,324.69708,145.10516,0.9394683
0.08,0.16875,324.77063,145.23364,0.94275296
0.08,0.17083333,324.8307,145.3764,0.9458328
0.08,0.17291667,324.87744,145.53394,0.9487194
0.08,0.175,324.91064,145.7066,0.9514242
0.08,0.17708333,324.93042,145.89484,0.9539576
0.08,0.17916666,324.93628,146.09906,0.95632994
0.08,0.18125,324.92798,146.3197,0.95855063
0.08,0.18333334,324.9048,146.55719,0.9606288
0.08,0.18541667,324.86646,146.81186,0.962573
0.08,0.1875,324.8119,147.08414,0.96439147
0.08,0.18958333,324.74036,147.37439,0.9660918
0.08,0.19166666,324.65112,147.68289,0.9676813
0.08,0.19375,324.54303,148.01004,0.9691667
0.08,0.19583334,324.41498,148.35608,0.97055465
0.08,0.19791667,324.26605,148.72131,0.97185117
0.08,0.2,324.0951,149.10593,0.973062
0.08,0.20208333,323.901,149.51013,0.97419256
0.08,0.20416667,323.68268,149.93408,0.97524804
0.08,0.20625,323.4389,150.37787,0.97623307
0.08,0.20833333,323.16888,150.84161,0.97715217
0.08,0.21041666,322.87128,151.32532,0.9780097
0.08,0.2125,322.5456,151.82898,0.97880965
0.08,0.21458334,322.19092,152.35248,0.97955555
0.08,0.21666667,321.80627,152.89578,0.980251
0.08,0.21875,321.39154,153.45868,0.98089945
0.08,0.22083333,320.94604,154.04099,0.9815039
0.08,0.22291666,320.4696,154.6424,0.98206717
0.08,0.225,319.9621,155.26263,0.9825919
0.08,0.22708334,319.42358,155.90143,0.9830809
0.08,0.22916667,318.85425,156.5582,0.98353636
0.08,0.23125,318.25464,157.23264,0.98396057
0.08,0.23333333,317.62518,157.9242,0.98435557
0.08,0.23541667,316.96667,158.63239,0.9847234
0.08,0.2375,316.28003,159.3566,0.9850658
0.08,0.23958333,315.5664,160.09622,0.9853845
0.08,0.24166666,314.82703,160.85065,0.9856812
0.08,0.24375,314.0631,161.6192,0.9859572
0.08,0.24583334,313.27643,162.40112,0.98621404
0.08,0.24791667,312.46857,163.19568,0.98645306
0.08,0.25,311.64105,164.0022,0.9866753
0.08,0.25208333,310.7959,164.81989,0.9868821
0.08,0.25416666,309.93512,165.64789,0.9870743
0.08,0.25625,309.0606,166.48547,0.9872531
0.08,0.25833333,308.17426,167.33179,0.98741937
0.08,0.26041666,307.27838,168.18591,0.9875739
0.08,0.2625,306.37518,169.04718,0.9877176
0.08,0.26458332,305.46643,169.91464,0.98785114
0.08,0.26666668,304.5545,170.78754,0.9879753
0.08,0.26875,303.64148,171.66495,0.9880907
0.08,0.27083334,302.7295,172.54608,0.98819786
0.08,0.27291667,301.8205,173.43018,0.98829746
0.08,0.275,300.91632,174.31635,0.9883899
0.08,0.27708334,300.01923,175.2038,0.98847586
0.08,0.27916667,299.13098,176.09177,0.98855567
0.08,0.28125,298.2531,176.97943,0.9886298
0.08,0.28333333,297.38757,177.86621,0.9886987
0.08,0.28541666,296.536,178.75113,0.9887627
0.08,0.2875,295.6999,179.6336,0.988822
0.08,0.28958333,294.8806,180.513,0.9888771
0.08,0.29166666,294.0796,181.38849,0.98892826
0.08,0.29375,293.2979,182.25952,0.98897576
0.08,0.29583332,292.53687,183.12543,0.9890198
0.08,0.29791668,291.7973,183.98572,0.98906076
0.08,0.3,291.08032,184.83972,0.9890987
0.08,0.30208334,290.38666,185.68689,0.98913395
0.08,0.30416667,289.71704,186.52676,0.98916674
0.08,0.30625,289.07202,187.35876,0.9891971
0.08,0.30833334,288.4522,188.1825,0.9892252
0.08,0.31041667,287.8579,188.9975,0.9892513
0.08,0.3125,287.2896,189.80334,0.98927563
0.08,0.31458333,286.74738,190.59973,0.9892981
0.08,0.31666666,286.23145,191.38617,0.989319
0.08,0.31875,285.74188,192.16248,0.98933834
0.08,0.32083333,285.27875,192.92822,0.9893563
0.08,0.32291666,284.8418,193.68317,0.98937297
0.08,0.325,284.4309,194.42703,0.98938835
0.08,0.32708332,284.04608,195.1596,0.9894027
0.08,0.32916668,283.68677,195.88077,0.98941594
0.08,0.33125,283.35272,196.59021,0.9894283
0.08,0.33333334,283.04352,197.28778,0.98943967
0.08,0.33541667,282.75885,197.97345,0.9894502
0.08,0.3375,282.49805,198.64697,0.98946005
0.08,0.33958334,282.26068,199.30829,0.9894691
0.08,0.34166667,282.04608,199.95734,0.9894775
0.08,0.34375,281.85394,200.59412,0.9894853
0.08,0.34583333,281.6833,201.2185,0.98949254
0.08,0.34791666,281.53357,201.83047,0.9894993
0.08,0.35,281.4043,202.43005,0.98950547
0.08,0.35208333,281.29456,203.01727,0.98951125
0.08,0.35416666,281.20386,203.59213,0.9895166
0.08,0.35625,281.13116,204.1546,0.9895215
0.08,0.35833332,281.07605,204.70486,0.9895261
0.08,0.36041668,281.03784,205.24292,0.9895303
0.08,0.3625,281.0155,205.7688,0.98953426
0.08,0.36458334,281.0083,206.28265,0.9895379
0.08,0.36666667,281.01587,206.7846,0.98954123
0.08,0.36875,281.03723,207.27466,0.9895444
0.08,0.37083334,281.07166,207.75305,0.9895474
0.08,0.37291667,281.1184,208.21979,0.98955005
0.08,0.375,281.17694,208.67508,0.9895525
0.08,0.37708333,281.24634,209.11908,0.9895548
0.08,0.37916666,281.32617,209.55188,0.98955697
0.08,0.38125,281.41553,209.9737,0.989559
0.08,0.38333333,281.51392,210.38464,0.98956084
0.08,0.38541666,281.6206,210.78485,0.9895625
0.08,0.3875,281.73505,211.17456,0.98956406
0.08,0.38958332,281.8565,211.5539,0.98956555
0.08,0.39166668,281.98456,211.9231,0.98956686
0.08,0.39375,282.1184,212.28223,0.98956805
0.08,0.39583334,282.25775,212.63156,0.98956925
0.08,0.39791667,282.40198,212.97128,0.9895703
0.08,0.4,282.55054,213.30151,0.98957133
0.08,0.40208334,282.70288,213.62247,0.9895722
0.08,0.40416667,282.85876,213.93433,0.98957306
0.08,0.40625,283.01746,214.23727,0.98957384
0.08,0.40833333,283.1787,214.53156,0.98957455
0.08,0.41041666,283.34192,214.81726,0.98957527
0.08,0.4125,283.50696,215.09467,0.98957586
0.08,0.41458333,283.67316,215.36389,0.9895764
0.08,0.41666666,283.84045,215.62512,0.98957694
0.08,0.41875,284.00824,215.87857,0.9895774
0.08,0.42083332,284.1764,216.12442,0.9895779
0.08,0.42291668,284.34448,216.36285,0.98957825
0.08,0.425,284.5124,216.59406,0.9895786
0.08,0.42708334,284.6797,216.81818,0.989579
0.08,0.42916667,284.8462,217.03537,0.9895793
0.08,0.43125,285.01172,217.24588,0.9895796
0.08,0.43333334,285.17603,217.44983,0.9895799
0.08,0.43541667,285.33875,217.6474,0.98958015
0.08,0.4375,285.5,217.83875,0.9895804
0.08,0.43958333,285.65936,218.02411,0.98958063
0.08,0.44166666,285.8169,218.20352,0.98958087
0.08,0.44375,285.97217,218.3772,0.98958105
0.08,0.44583333,286.12524,218.54535,0.98958117
0.08,0.44791666,286.27612,218.70807,0.98958135
0.08,0.45,286.42432,218.86548,0.98958147
0.08,0.45208332,286.57013,219.01782,0.98958164
0.08,0.45416668,286.71338,219.16516,0.98958176
0.08,0.45625,286.85376,219.30768,0.98958194
0.08,0.45833334,286.99152,219.44553,0.989582
0.08,0.46041667,287.1264,219.5788,0.9895821
0.08,0.4625,287.25842,219.70764,0.9895822
0.08,0.46458334,287.3875,219.83218,0.98958224
0.08,0.46666667,287.5138,219.95258,0.98958236
0.08,0.46875,287.63702,220.06891,0.9895824
0.08,0.47083333,287.75745,220.18134,0.9895825
0.08,0.47291666,287.87476,220.28998,0.98958254
0.08,0.475,287.98914,220.3949,0.98958266
0.08,0.47708333,288.1006,220.49628,0.9895827
0.08,0.47916666,288.2091,220.59418,0.9895828
0.08,0.48125,288.3147,220.68872,0.9895829
0.08,0.48333332,288.41736,220.78003,0.98958296
0.08,0.48541668,288.51715,220.8682,0.98958296
0.08,0.4875,288.61395,220.95331,0.98958296
0.08,0.48958334,288.70813,221.03546,0.98958296
0.08,0.49166667,288.79938,221.11475,0.98958296
0.08,0.49375,288.88782,221.19128,0.98958296
0.08,0.49583334,288.97375,221.26514,0.98958296
0.08,0.49791667,289.05676,221.3364,0.98958296
0.08,0.5,289.13733,221.40515,0.98958296
0.08,0.50208336,289.2152,221.4715,0.98958296
0.08,0.50416666,289.29065,221.53546,0.98958296
0.08,0.50625,289.36346,221.5972,0.98958296
0.08,0.5083333,289.43396,221.65671,0.98958296
0.08,0.5104167,289.50208,221.71411,0.98958296
0.08,0.5125,289.5678,221.76947,0.98958296
0.08,0.51458335,289.6313,221.82288,0.98958296
0.08,0.51666665,289.69257,221.87433,0.98958296
0.08,0.51875,289.75177,221.92395,0.98958296
0.08,0.5208333,289.80872,221.97177,0.98958296
0.08,0.5229167,289.86365,222.01788,0.98958296
0.08,0.525,289.91663,222.06232,0.98958296
0.08,0.52708334,289.96765,222.10513,0.98958296
0.08,0.52916664,290.01672,222.14642,0.98958296
0.08,0.53125,290.0641,222.18616,0.98958296
0.08,0.53333336,290.10956,222.22449,0.98958296
0.08,0.53541666,290.15344,222.26141,0.98958296
0.08,0.5375,290.19543,222.29697,0.98958296
0.08,0.5395833,290.23596,222.33124,0.98958296
0.08,0.5416667,290.27484,222.36423,0.98958296
0.08,0.54375,290.31232,222.39603,0.98958296
0.08,0.54583335,290.3482,222.42664,0.98958296
0.08,0.54791665,290.3827,222.45612,0.98958296
0.08,0.55,290.41583,222.4845,0.98958296
0.08,0.5520833,290.44763,222.51187,0.98958296
0.08,0.5541667,290.47815,222.53821,0.98958296
0.08,0.55625,290.50745,222.56354,0.98958296
0.08,0.55833334,290.53552,222.58795,0.98958296
0.08,0.56041664,290.56238,222.61145,0.98958296
0.08,0.5625,290.58826,222.63406,0.98958296
0.08,0.56458336,290.61298,222.65585,0.98958296
0.08,0.56666666,290.63678,222.67682,0.98958296
0.08,0.56875,290.6595,222.69696,0.98958296
0.08,0.5708333,290.68127,222.7164,0.98958296
0.08,0.5729167,290.7021,222.73508,0.98958296
0.08,0.575,290.7221,222.75305,0.98958296
0.08,0.57708335,290.74133,222.77036,0.98958296
0.08,0.57916665,290.75964,222.78699,0.98958296
0.08,0.58125,290.77722,222.80301,0.98958296
0.08,0.5833333,290.794,222.81842,0.98958296
0.08,0.5854167,290.81012,222.83325,0.98958296
0.08,0.5875,290.8255,222.84753,0.98958296
0.08,0.58958334,290.8402,222.86127,0.98958296
0.08,0.59166664,290.85437,222.87445,0.98958296
0.08,0.59375,290.8678,222.88715,0.98958296
0.08,0.59583336,290.88074,222.89935,0.98958296
0.08,0.59791666,290.893,222.9111,0.98958296
0.08,0.6,290.9049,222.9224,0.98958296
0.08,0.6020833,290.91614,222.93326,0.98958296
0.08,0.6041667,290.92694,222.9437,0.98958296
0.08,0.60625,290.93732,222.95374,0.98958296
0.08,0.60833335,290.94714,222.96341,0.98958296
0.08,0.61041665,290.95667,222.97272,0.98958296
0.08,0.6125,290.9657,222.98163,0.98958296
0.08,0.6145833,290.9743,222.99023,0.98958296
0.08,0.6166667,290.98254,222.99847,0.98958296
0.08,0.61875,290.9906,223.00641,0.98958296
0.08,0.62083334,290.99817,223.01404,0.98958296
0.08,0.62291664,291.0053,223.02136,0.98958296
0.08,0.625,291.01233,223.02844,0.98958296
0.08,0.62708336,291.01892,223.03522,0.98958296
0.08,0.62916666,291.02527,223.04175,0.98958296
0.08,0.63125,291.03137,223.04797,0.98958296
0.08,0.6333333,291.03717,223.05399,0.98958296
0.08,0.6354167,291.04266,223.05978,0.98958296
0.08,0.6375,291.04797,223.06534,0.98958296
0.08,0.63958335,291.0531,223.07068,0.98958296
0.08,0.64166665,291.05798,223.0758,0.98958296
0.08,0.64375,291.06262,223.08075,0.98958296
0.08,0.6458333,291.06708,223.08548,0.98958296
0.08,0.6479167,291.0714,223.09003,0.98958296
0.08,0.65,291.0755,223.09442,0.98958296
0.08,0.65208334,291.07947,223.09863,0.98958296
0.08,0.65416664,291.08313,223.10266,0.98958296
0.08,0.65625,291.0868,223.10654,0.98958296
0.08,0.65833336,291.0902,223.11029,0.98958296
0.08,0.66041666,291.09344,223.11386,0.98958296
0.08,0.6625,291.09674,223.11731,0.98958296
0.08,0.6645833,291.09973,223.1206,0.98958296
0.08,0.6666667,291.10266,223.12378,0.98958296
0.08,0.66875,291.10535,223.12683,0.98958296
0.08,0.67083335,291.10803,223.12976,0.98958296
0.08,0.67291665,291.11072,223.13257,0.98958296
0.08,0.675,291.11316,223.13528,0.98958296
0.08,0.6770833,291.11542,223.13788,0.98958296
0.08,0.6791667,291.1178,223.14038,0.98958296
0.08,0.68125,291.11993,223.14276,0.98958296
0.08,0.68333334,291.12195,223.14508,0.98958296
0.08,0.68541664,291.1239,223.14728,0.98958296
0.08,0.6875,291.12585,223.14938,0.98958296
0.08,0.68958336,291.1278,223.15143,0.98958296
0.08,0.69166666,291.12952,223.15338,0.98958296
0.08,0.69375,291.13123,223.15527,0.98958296
0.08,0.6958333,291.13287,223.15704,0.98958296
0.08,0.6979167,291.1344,223.15881,0.98958296
0.08,0.7,291.13586,223.16046,0.98958296
0.08,0.70208335,291.13733,223.16205,0.98958296
0.08,0.70416665,291.1388,223.16357,0.98958296
0.08,0.70625,291.14,223.16504,0.98958296
0.08,0.7083333,291.1413,223.16644,0.98958296
0.08,0.7104167,291.14264,223.16782,0.98958296
0.08,0.7125,291.14374,223.16913,0.98958296
0.08,0.71458334,291.1449,223.17035,0.98958296
0.08,0.71666664,291.14606,223.17157,0.98958296
0.08,0.71875,291.1471,223.17273,0.98958296
0.08,0.72083336,291.14807,223.17383,0.98958296
0.08,0.72291666,291.14905,223.17487,0.98958296
0.08,0.725,291.15002,223.1759,0.98958296
0.08,0.7270833,291.15094,223.17688,0.98958296
0.08,0.7291667,291.15173,223.1778,0.98958296
0.08,0.73125,291.15253,223.17871,0.98958296
0.08,0.73333335,291.15344,223.17957,0.98958296
0.08,0.73541665,291.15417,223.18042,0.98958296
0.08,0.7375,291.1549,223.18121,0.98958296
0.08,0.7395833,291.15564,223.18198,0.98958296
0.08,0.7416667,291.15637,223.18271,0.98958296
0.08,0.74375,291.15692,223.18341,0.98958296
0.08,0.74583334,291.1576,223.18408,0.98958296
0.08,0.74791664,291.15826,223.18472,0.98958296
0.08,0.75,291.1588,223.18536,0.98958296
0.08,0.75208336,291.15936,223.18594,0.98958296
0.08,0.75416666,291.15997,223.18652,0.98958296
0.08,0.75625,291.16052,223.18707,0.98958296
0.08,0.7583333,291.161,223.18762,0.98958296
0.08,0.7604167,291.1615,223.18811,0.98958296
0.08,0.7625,291.162,223.1886,0.98958296
0.08,0.76458335,291.1624,223.18906,0.98958296
0.08,0.76666665,291.16278,223.18951,0.98958296
0.08,0.76875,291.1632,223.18994,0.98958296
0.08,0.7708333,291.1637,223.19037,0.98958296
0.08,0.7729167,291.164,223.19073,0.98958296
0.08,0.775,291.16443,223.1911,0.98958296
0.08,0.77708334,291.16473,223.19147,0.98958296
0.08,0.77916664,291.16516,223.19183,0.98958296
0.08,0.78125,291.1654,223.19217,0.98958296
0.08,0.78333336,291.1657,223.19247,0.98958296
0.08,0.78541666,291.16608,223.19278,0.98958296
0.08,0.7875,291.16638,223.19305,0.98958296
0.08,0.7895833,291.16663,223.19336,0.98958296
0.08,0.7916667,291.16687,223.19363,0.98958296
0.08,0.79375,291.1671,223.19391,0.98958296
0.08,0.79583335,291.16736,223.19415,0.98958296
0.08,0.79791665,291.1676,223.1944,0.98958296
0.08,0.8,291.16785,223.19461,0.98958296
0.08,0.8020833,291.1681,223.19485,0.98958296
0.08,0.8041667,291.16833,223.19507,0.98958296
0.08,0.80625,291.16858,223.19525,0.98958296
0.08,0.80833334,291.16882,223.19543,0.98958296
0.08,0.81041664,291.169,223.19565,0.98958296
0.08,0.8125,291.16907,223.1958,0.98958296
0.08,0.81458336,291.1693,223.19598,0.98958296
0.08,0.81666666,291.1695,223.19614,0.98958296
0.08,0.81875,291.16962,223.19632,0.98958296
0.08,0.8208333,291.1698,223.19647,0.98958296
0.08,0.8229167,291.16998,223.1966,0.98958296
0.08,0.825,291.17004,223.19675,0.98958296
0.08,0.82708335,291.1703,223.1969,0.98958296
0.08,0.82916665,291.17047,223.19702,0.98958296
0.08,0.83125,291.17053,223.19714,0.98958296
0.08,0.8333333,291.1706,223.19727,0.98958296
0.08,0.8354167,291.17078,223.19736,0.98958296
0.08,0.8375,291.17084,223.19748,0.98958296
0.08,0.83958334,291.17102,223.19757,0.98958296
0.08,0.84166664,291.17102,223.19766,0.98958296
0.08,0.84375,291.17126,223.19775,0.98958296
0.08,0.84583336,291.17126,223.19788,0.98958296
0.08,0.84791666,291.17145,223.19794,0.98958296
0.08,0.85,291.1715,223.19803,0.98958296
0.08,0.8520833,291.1715,223.19812,0.98958296
0.08,0.8541667,291.17157,223.19818,0.98958296
0.08,0.85625,291.17175,223.19827,0.98958296
0.08,0.85833335,291.17175,223.19836,0.98958296
0.08,0.86041665,291.1718,223.19843,0.98958296
0.08,0.8625,291.17194,223.19849,0.98958296
0.08,0.8645833,291.172,223.19855,0.98958296
0.08,0.8666667,291.172,223.19861,0.98958296
0.08,0.86875,291.17206,223.19867,0.98958296
0.08,0.87083334,291.17218,223.19873,0.98958296
0.08,0.87291664,291.17224,223.19873,0.98958296
0.08,0.875,291.17224,223.19879,0.98958296
0.08,0.87708336,291.17224,223.19885,0.98958296
0.08,0.87916666,291.1723,223.19891,0.98958296
0.08,0.88125,291.17242,223.19894,0.98958296
0.08,0.8833333,291.1725,223.199,0.98958296
0.08,0.8854167,291.1725,223.19904,0.98958296
0.08,0.8875,291.1725,223.1991,0.98958296
0.08,0.88958335,291.1725,223.1991,0.98958296
0.08,0.89166665,291.17255,223.19916,0.98958296
0.08,0.89375,291.17255,223.19916,0.98958296
0.08,0.8958333,291.17267,223.19922,0.98958296
0.08,0.8979167,291.17273,223.19925,0.98958296
0.08,0.9,291.17273,223.19928,0.98958296
0.08,0.90208334,291.17273,223.19931,0.98958296
0.08,0.90416664,291.17273,223.19934,0.98958296
0.08,0.90625,291.17273,223.19934,0.98958296
0.08,0.90833336,291.1728,223.1994,0.98958296
0.08,0.91041666,291.1729,223.1994,0.98958296
0.08,0.9125,291.1729,223.19946,0.98958296
0.08,0.9145833,291.17297,223.19946,0.98958296
0.08,0.9166667,291.17297,223.19946,0.98958296
0.08,0.91875,291.17297,223.19952,0.98958296
0.08,0.92083335,291.17297,223.19952,0.98958296
0.08,0.92291665,291.17297,223.19952,0.98958296
0.08,0.925,291.17297,223.19955,0.98958296
0.08,0.9270833,291.17297,223.19958,0.98958296
0.08,0.9291667,291.17297,223.19958,0.98958296
0.08,0.93125,291.17297,223.19962,0.98958296
0.08,0.93333334,291.17297,223.19962,0.98958296
0.08,0.93541664,291.17303,223.19965,0.98958296
0.08,0.9375,291.17303,223.19965,0.98958296
0.08,0.93958336,291.17303,223.19965,0.98958296
0.08,0.94166666,291.17316,223.19968,0.98958296
0.08,0.94375,291.17316,223.1997,0.98958296
0.08,0.9458333,291.17316,223.1997,0.98958296
0.08,0.9479167,291.17322,223.1997,0.98958296
0.08,0.95,291.17322,223.19974,0.98958296
0.08,0.95208335,291.17322,223.19974,0.98958296
0.08,0.95416665,291.17322,223.19977,0.98958296
0.08,0.95625,291.17322,223.19977,0.98958296
0.08,0.9583333,291.17322,223.19977,0.98958296
0.08,0.9604167,291.17322,223.19977,0.98958296
0.08,0.9625,291.17322,223.1998,0.98958296
0.08,0.96458334,291.17322,223.1998,0.98958296
0.08,0.96666664,291.17322,223.1998,0.98958296
0.08,0.96875,291.17322,223.19983,0.98958296
0.08,0.97083336,291.17322,223.19983,0.98958296
0.08,0.97291666,291.17322,223.19983,0.98958296
0.08,0.975,291.17322,223.19983,0.98958296
0.08,0.9770833,291.17322,223.19983,0.98958296
0.08,0.9791667,291.17322,223.19983,0.98958296
0.08,0.98125,291.17322,223.19983,0.98958296
0.08,0.98333335,291.17322,223.19983,0.98958296
0.08,0.98541665,291.17322,223.19983,0.98958296
0.08,0.9875,291.17328,223.19989,0.98958296
0.08,0.9895833,291.17328,223.19989,0.98958296
0.08,0.9916667,291.17328,223.19989,0.98958296
0.08,0.99375,291.17328,223.19989,0.98958296
0.08,0.99583334,291.17328,223.19989,0.98958296
0.08,0.99791664,291.17328,223.19989,0.98958296
0.08,1.0,291.1734,223.19989,0.98958296
0.08,1.0020833,291.1734,223.19989,0.98958296
0.08,1.0041667,291.1734,223.19989,0.98958296
0.08,1.00625,291.1734,223.19989,0.98958296
0.08,1.0083333,291.1734,223.19989,0.98958296
0.08,1.0104166,291.1734,223.19989,0.98958296
0.08,1.0125,291.1734,223.19989,0.98958296
0.08,1.0145833,291.1734,223.19989,0.98958296
0.08,1.0166667,291.1734,223.19989,0.98958296
0.08,1.01875,291.1734,223.19989,0.98958296
0.08,1.0208334,291.1734,223.19989,0.98958296
0.08,1.0229167,291.1734,223.19989,0.98958296
0.08,1.025,291.1734,223.19989,0.98958296
0.08,1.0270833,291.1734,223.19989,0.98958296
0.08,1.0291667,291.1734,223.19989,0.98958296
0.08,1.03125,291.1734,223.19989,0.98958296
0.08,1.0333333,291.1734,223.19989,0.98958296
0.08,1.0354167,291.1734,223.19989,0.98958296
0.08,1.0375,291.1734,223.19989,0.98958296
0.08,1.0395833,291.1734,223.19989,0.98958296
0.08,1.0416666,291.1734,223.19989,0.98958296
0.08,1.04375,291.1734,223.19989,0.98958296
0.08,1.0458333,291.1734,223.19989,0.98958296
0.08,1.0479167,291.1734,223.19989,0.98958296
0.08,1.05,291.1734,223.19989,0.98958296
0.08,1.0520834,291.1734,223.19989,0.98958296
0.08,1.0541667,291.1734,223.19989,0.98958296
0.08,1.05625,291.1734,223.19989,0.98958296
0.08,1.0583333,291.1734,223.19989,0.98958296
0.08,1.0604167,291.1734,223.19989,0.98958296
0.08,1.0625,291.1734,223.19989,0.98958296
0.08,1.0645833,291.1734,223.19989,0.98958296
0.08,1.0666667,291.1734,223.19989,0.98958296
0.08,1.06875,291.1734,223.19989,0.98958296
0.08,1.0708333,291.1734,223.19989,0.98958296
0.08,1.0729166,291.1734,223.19989,0.98958296
0.08,1.075,291.1734,223.19989,0.98958296
0.08,1.0770833,291.1734,223.19989,0.98958296
0.08,1.0791667,291.1734,223.19989,0.98958296
0.08,1.08125,291.1734,223.19989,0.98958296
0.08,1.0833334,291.1734,223.19989,0.98958296
0.08,1.0854167,291.1734,223.19989,0.98958296
0.08,1.0875,291.1734,223.19989,0.98958296
0.08,1.0895833,291.1734,223.19989,0.98958296
0.08,1.0916667,291.1734,223.19989,0.98958296
0.08,1.09375,291.1734,223.19989,0.98958296
0.08,1.0958333,291.1734,223.19989,0.98958296
0.08,1.0979167,291.1734,223.19989,0.98958296
0.08,1.1,291.1734,223.19989,0.98958296
0.08,1.1020833,291.1734,223.19989,0.98958296
0.08,1.1041666,291.1734,223.19989,0.98958296
0.08,1.10625,291.1734,223.19989,0.98958296
0.08,1.1083333,291.1734,223.19989,0.98958296
0.08,1.1104167,291.1734,223.19989,0.98958296
0.08,1.1125,291.1734,223.19989,0.98958296
0.08,1.1145834,291.1734,223.19989,0.98958296
0.08,1.1166667,291.1734,223.19989,0.98958296
0.08,1.11875,291.1734,223.19989,0.98958296
0.08,1.1208333,291.1734,223.19989,0.98958296
0.08,1.1229167,291.1734,223.19989,0.98958296
0.08,1.125,291.1734,223.19989,0.98958296
0.08,1.1270833,291.1734,223.19989,0.98958296
0.08,1.1291667,291.1734,223.19989,0.98958296
0.08,1.13125,291.1734,223.19989,0.98958296
0.08,1.1333333,291.1734,223.19989,0.98958296
0.08,1.1354166,291.1734,223.19989,0.98958296
0.08,1.1375,291.1734,223.19989,0.98958296
0.08,1.1395833,291.1734,223.19989,0.98958296
0.08,1.1416667,291.1734,223.19989,0.98958296
0.08,1.14375,291.1734,223.19989,0.98958296
0.08,1.1458334,291.1734,223.19989,0.98958296
0.08,1.1479167,291.1734,223.19989,0.98958296
0.08,1.15,291.1734,223.19989,0.98958296
0.08,1.1520833,291.1734,223.19989,0.98958296
0.08,1.1541667,291.1734,223.19989,0.98958296
0.08,1.15625,291.1734,223.19989,0.98958296
0.08,1.1583333,291.1734,223.19989,0.98958296
0.08,1.1604167,291.1734,223.19989,0.98958296
0.08,1.1625,291.1734,223.19989,0.98958296
0.08,1.1645833,291.1734,223.19989,0.98958296
0.08,1.1666666,291.1734,223.19989,0.98958296
0.08,1.16875,291.1734,223.19989,0.98958296
0.08,1.1708333,291.1734,223.19989,0.98958296
0.08,1.1729167,291.1734,223.19989,0.98958296
0.08,1.175,291.1734,223.19989,0.98958296
0.08,1.1770834,291.1734,223.19989,0.98958296
0.08,1.1791667,291.1734,223.19989,0.98958296
0.08,1.18125,291.1734,223.19989,0.98958296
0.08,1.1833333,291.1734,223.19989,0.98958296
0.08,1.1854167,291.1734,223.19989,0.98958296
0.08,1.1875,291.1734,223.19989,0.98958296
0.08,1.1895833,291.1734,223.19989,0.98958296
0.08,1.1916667,291.1734,223.19989,0.98958296
0.08,1.19375,291.1734,223.19989,0.98958296
0.08,1.1958333,291.1734,223.19989,0.98958296
0.08,1.1979166,291.1734,223.19989,0.98958296
0.08,1.2,291.1734,223.19989,0.98958296
0.08,1.2020833,291.1734,223.19989,0.98958296
0.08,1.2041667,291.1734,223.19989,0.98958296
0.08,1.20625,291.1734,223.19989,0.98958296
0.08,1.2083334,291.1734,223.19989,0.98958296
0.08,1.2104167,291.1734,223.19989,0.98958296
0.08,1.2125,291.1734,223.19989,0.98958296
0.08,1.2145833,291.1734,223.19989,0.98958296
0.08,1.2166667,291.1734,223.19989,0.98958296
0.08,1.21875,291.1734,223.19989,0.98958296
0.08,1.2208333,291.1734,223.19989,0.98958296
0.08,1.2229167,291.1734,223.19989,0.98958296
0.08,1.225,291.1734,223.19989,0.98958296
0.08,1.2270833,291.1734,223.19989,0.98958296
0.08,1.2291666,291.1734,223.19989,0.98958296
0.08,1.23125,291.1734,223.19989,0.98958296
0.08,1.2333333,291.1734,223.19989,0.98958296
0.08,1.2354167,291.1734,223.19989,0.98958296
0.08,1.2375,291.1734,223.19989,0.98958296
0.08,1.2395834,291.1734,223.19989,0.98958296
0.08,1.2416667,291.1734,223.19989,0.98958296
0.08,1.24375,291.1734,223.19989,0.98958296
0.08,1.2458333,291.1734,223.19989,0.98958296
0.08,1.2479167,291.1734,223.19989,0.98958296
0.08,1.25,291.1734,223.19989,0.98958296
0.08,1.2520833,291.1734,223.19989,0.98958296
0.08,1.2541667,291.1734,223.19989,0.98958296
0.08,1.25625,291.1734,223.19989,0.98958296
0.08,1.2583333,291.1734,223.19989,0.98958296
0.08,1.2604166,291.1734,223.19989,0.98958296
0.08,1.2625,291.1734,223.19989,0.98958296
0.08,1.2645833,291.1734,223.19989,0.98958296
0.08,1.2666667,291.1734,223.19989,0.98958296
0.08,1.26875,291.1734,223.19989,0.98958296
0.08,1.2708334,291.1734,223.19989,0.98958296
0.08,1.2729167,291.1734,223.19989,0.98958296
0.08,1.275,291.1734,223.19989,0.98958296
0.08,1.2770833,291.1734,223.19989,0.98958296
0.08,1.2791667,291.1734,223.19989,0.98958296
0.08,1.28125,291.1734,223.19989,0.98958296
0.08,1.2833333,291.1734,223.19989,0.98958296
0.08,1.2854167,291.1734,223.19989,0.98958296
0.08,1.2875,291.1734,223.19989,0.98958296
0.08,1.2895833,291.1734,223.19989,0.98958296
0.08,1.2916666,291.1734,223.19989,0.98958296
0.08,1.29375,291.1734,223.19989,0.98958296
0.08,1.2958333,291.1734,223.19989,0.98958296
0.08,1.2979167,291.1734,223.19989,0.98958296
0.08,1.3,291.1734,223.19989,0.98958296
0.08,1.3020834,291.1734,223.19989,0.98958296
0.08,1.3041667,291.1734,223.19989,0.98958296
0.08,1.30625,291.1734,223.19989,0.98958296
0.08,1.3083333,291.1734,223.19989,0.98958296
0.08,1.3104167,291.1734,223.19989,0.98958296
0.08,1.3125,291.1734,223.19989,0.98958296
0.08,1.3145833,291.1734,223.19989,0.98958296
0.08,1.3166667,291.1734,223.19989,0.98958296
0.08,1.31875,291.1734,223.19989,0.98958296
0.08,1.3208333,291.1734,223.19989,0.98958296
0.08,1.3229166,291.1734,223.19989,0.98958296
0.08,1.325,291.1734,223.19989,0.98958296
0.08,1.3270833,291.1734,223.19989,0.98958296
0.08,1.3291667,291.1734,223.19989,0.98958296
0.08,1.33125,291.1734,223.19989,0.98958296
0.08,1.3333334,291.1734,223.19989,0.98958296
0.08,1.3354167,291.1734,223.19989,0.98958296
0.08,1.3375,291.1734,223.19989,0.98958296
0.08,1.3395833,291.1734,223.19989,0.98958296
0.08,1.3416667,291.1734,223.19989,0.98958296
0.08,1.34375,291.1734,223.19989,0.98958296
0.08,1.3458333,291.1734,223.19989,0.98958296
0.08,1.3479167,291.1734,223.19989,0.98958296
0.08,1.35,291.1734,223.19989,0.98958296
0.08,1.3520833,291.1734,223.19989,0.98958296
0.08,1.3541666,291.1734,223.19989,0.98958296
0.08,1.35625,291.1734,223.19989,0.98958296
0.08,1.3583333,291.1734,223.19989,0.98958296
0.08,1.3604167,291.1734,223.19989,0.98958296
0.08,1.3625,291.1734,223.19989,0.98958296
0.08,1.3645834,291.1734,223.19989,0.98958296
0.08,1.3666667,291.1734,223.19989,0.98958296
0.08,1.36875,291.1734,223.19989,0.98958296
0.08,1.3708333,291.1734,223.19989,0.98958296
0.08,1.3729167,291.1734,223.19989,0.98958296
0.08,1.375,291.1734,223.19989,0.98958296
0.08,1.3770833,291.1734,223.19989,0.98958296
0.08,1.3791667,291.1734,223.19989,0.98958296
0.08,1.38125,291.1734,223.19989,0.98958296
0.08,1.3833333,291.1734,223.19989,0.98958296
0.08,1.3854166,291.1734,223.19989,0.98958296
0.08,1.3875,291.1734,223.19989,0.98958296
0.08,1.3895833,291.1734,223.19989,0.98958296
0.08,1.3916667,291.1734,223.19989,0.98958296
0.08,1.39375,291.1734,223.19989,0.98958296
0.08,1.3958334,291.1734,223.19989,0.98958296
0.08,1.3979167,291.1734,223.19989,0.98958296
0.08,1.4,291.1734,223.19989,0.98958296
0.08,1.4020833,291.1734,223.19989,0.98958296
0.08,1.4041667,291.1734,223.19989,0.98958296
0.08,1.40625,291.1734,223.19989,0.98958296
0.08,1.4083333,291.1734,223.19989,0.98958296
0.08,1.4104167,291.1734,223.19989,0.98958296
0.08,1.4125,291.1734,223.19989,0.98958296
0.08,1.4145833,291.1734,223.19989,0.98958296
0.08,1.4166666,291.1734,223.19989,0.98958296
0.08,1.41875,291.1734,223.19989,0.98958296
0.08,1.4208333,291.1734,223.19989,0.98958296
0.08,1.4229167,291.1734,223.19989,0.98958296
0.08,1.425,291.1734,223.19989,0.98958296
0.08,1.4270834,291.1734,223.19989,0.98958296
0.08,1.4291667,291.1734,223.19989,0.98958296
0.08,1.43125,291.1734,223.19989,0.98958296
0.08,1.4333333,291.1734,223.19989,0.98958296
0.08,1.4354167,291.1734,223.19989,0.98958296
0.08,1.4375,291.1734,223.19989,0.98958296
0.08,1.4395833,291.1734,223.19989,0.98958296
0.08,1.4416667,291.1734,223.19989,0.98958296
0.08,1.44375,291.1734,223.19989,0.98958296
0.08,1.4458333,291.1734,223.19989,0.98958296
0.08,1.4479166,291.1734,223.19989,0.98958296
0.08,1.45,291.1734,223.19989,0.98958296
0.08,1.4520833,291.1734,223.19989,0.98958296
0.08,1.4541667,291.1734,223.19989,0.98958296
0.08,1.45625,291.1734,223.19989,0.98958296
0.08,1.4583334,291.1734,223.19989,0.98958296
0.08,1.4604167,291.1734,223.19989,0.98958296
0.08,1.4625,291.1734,223.19989,0.98958296
0.08,1.4645833,291.1734,223.19989,0.98958296
0.08,1.4666667,291.1734,223.19989,0.98958296
0.08,1.46875,291.1734,223.19989,0.98958296
0.08,1.4708333,291.1734,223.19989,0.98958296
0.08,1.4729167,291.1734,223.19989,0.98958296
0.08,1.475,291.1734,223.19989,0.98958296
0.08,1.4770833,291.1734,223.19989,0.98958296
0.08,1.4791666,291.1734,223.19989,0.98958296
0.08,1.48125,291.1734,223.19989,0.98958296
0.08,1.4833333,291.1734,223.19989,0.98958296
0.08,1.4854167,291.1734,223.19989,0.98958296
0.08,1.4875,291.1734,223.19989,0.98958296
0.08,1.4895834,291.1734,223.19989,0.98958296
0.08,1.4916667,291.1734,223.19989,0.98958296
0.08,1.49375,291.1734,223.19989,0.98958296
0.08,1.4958333,291.1734,223.19989,0.98958296
0.08,1.4979167,291.1734,223.19989,0.98958296
0.08,1.5,291.1734,223.19989,0.98958296
0.08,1.5020833,291.1734,223.19989,0.98958296
0.08,1.5041667,291.1734,223.19989,0.98958296
0.08,1.50625,291.1734,223.19989,0.98958296
0.08,1.5083333,291.1734,223.19989,0.98958296
0.08,1.5104166,291.1734,223.19989,0.98958296
0.08,1.5125,291.1734,223.19989,0.98958296
0.08,1.5145833,291.1734,223.19989,0.98958296
0.08,1.5166667,291.1734,223.19989,0.98958296
0.08,1.51875,291.1734,223.19989,0.98958296
0.08,1.5208334,291.1734,223.19989,0.98958296
0.08,1.5229167,291.1734,223.19989,0.98958296
0.08,1.525,291.1734,223.19989,0.98958296
0.08,1.5270833,291.1734,223.19989,0.98958296
0.08,1.5291667,291.1734,223.19989,0.98958296
0.08,1.53125,291.1734,223.19989,0.98958296
0.08,1.5333333,291.1734,223.19989,0.98958296
0.08,1.5354167,291.1734,223.19989,0.98958296
0.08,1.5375,291.1734,223.19989,0.98958296
0.08,1.5395833,291.1734,223.19989,0.98958296
0.08,1.5416666,291.1734,223.19989,0.98958296
0.08,1.54375,291.1734,223.19989,0.98958296
0.08,1.5458333,291.1734,223.19989,0.98958296
0.08,1.5479167,291.1734,223.19989,0.98958296
0.08,1.55,291.1734,223.19989,0.98958296
0.08,1.5520834,291.1734,223.19989,0.98958296
0.08,1.5541667,291.1734,223.19989,0.98958296
0.08,1.55625,291.1734,223.19989,0.98958296
0.08,1.5583333,291.1734,223.19989,0.98958296
0.08,1.5604167,291.1734,223.19989,0.98958296
0.08,1.5625,291.1734,223.19989,0.98958296
0.08,1.5645833,291.1734,223.19989,0.98958296
0.08,1.5666667,291.1734,223.19989,0.98958296
0.08,1.56875,291.1734,223.19989,0.98958296
0.08,1.5708333,291.1734,223.19989,0.98958296
0.08,1.5729166,291.1734,223.19989,0.98958296
0.08,1.575,291.1734,223.19989,0.98958296
0.08,1.5770833,291.1734,223.19989,0.98958296
0.08,1.5791667,291.1734,223.19989,0.98958296
0.08,1.58125,291.1734,223.19989,0.98958296
0.08,1.5833334,291.1734,223.19989,0.98958296
0.08,1.5854167,291.1734,223.19989,0.98958296
0.08,1.5875,291.1734,223.19989,0.98958296
0.08,1.5895833,291.1734,223.19989,0.98958296
0.08,1.5916667,291.1734,223.19989,0.98958296
0.08,1.59375,291.1734,223.19989,0.98958296
0.08,1.5958333,291.1734,223.19989,0.98958296
0.08,1.5979167,291.1734,223.19989,0.98958296
0.08,1.6,291.1734,223.19989,0.98958296
0.08,1.6020833,291.1734,223.19989,0.98958296
0.08,1.6041666,291.1734,223.19989,0.98958296
0.08,1.60625,291.1734,223.19989,0.98958296
0.08,1.6083333,291.1734,223.19989,0.98958296
0.08,1.6104167,291.1734,223.19989,0.98958296
0.08,1.6125,291.1734,223.19989,0.98958296
0.08,1.6145834,291.1734,223.19989,0.98958296
0.08,1.6166667,291.1734,223.19989,0.98958296
0.08,1.61875,291.1734,223.19989,0.98958296
0.08,1.6208333,291.1734,223.19989,0.98958296
0.08,1.6229167,291.1734,223.19989,0.98958296
0.08,1.625,291.1734,223.19989,0.98958296
0.08,1.6270833,291.1734,223.19989,0.98958296
0.08,1.6291667,291.1734,223.19989,0.98958296
0.08,1.63125,291.1734,223.19989,0.98958296
0.08,1.6333333,291.1734,223.19989,0.98958296
0.08,1.6354166,291.1734,223.19989,0.98958296
0.08,1.6375,291.1734,223.19989,0.98958296
0.08,1.6395833,291.1734,223.19989,0.98958296
0.08,1.6416667,291.1734,223.19989,0.98958296
0.08,1.64375,291.1734,223.19989,0.98958296
0.08,1.6458334,291.1734,223.19989,0.98958296
0.08,1.6479167,291.1734,223.19989,0.98958296
0.08,1.65,291.1734,223.19989,0.98958296
0.08,1.6520833,291.1734,223.19989,0.98958296
0.08,1.6541667,291.1734,223.19989,0.98958296
0.08,1.65625,291.1734,223.19989,0.98958296
0.08,1.6583333,291.1734,223.19989,0.98958296
0.08,1.6604167,291.1734,223.19989,0.98958296
0.08,1.6625,291.1734,223.19989,0.98958296
0.08,1.6645833,291.1734,223.19989,0.98958296
0.08,1.6666666,291.1734,223.19989,0.98958296
0.08,1.66875,291.1734,223.19989,0.98958296
0.08,1.6708333,291.1734,223.19989,0.98958296
0.08,1.6729167,291.1734,223.19989,0.98958296
0.08,1.675,291.1734,223.19989,0.98958296
0.08,1.6770834,291.1734,223.19989,0.98958296
0.08,1.6791667,291.1734,223.19989,0.98958296
0.08,1.68125,291.1734,223.19989,0.98958296
0.08,1.6833333,291.1734,223.19989,0.98958296
0.08,1.6854167,291.1734,223.19989,0.98958296
0.08,1.6875,291.1734,223.19989,0.98958296
0.08,1.6895833,291.1734,223.19989,0.98958296
0.08,1.6916667,291.1734,223.19989,0.98958296
0.08,1.69375,291.1734,223.19989,0.98958296
0.08,1.6958333,291.1734,223.19989,0.98958296
0.08,1.6979166,291.1734,223.19989,0.98958296
0.08,1.7,291.1734,223.19989,0.98958296
0.08,1.7020833,291.1734,223.19989,0.98958296
0.08,1.7041667,291.1734,223.19989,0.98958296
0.08,1.70625,291.1734,223.19989,0.98958296
0.08,1.7083334,291.1734,223.19989,0.98958296
0.08,1.7104167,291.1734,223.19989,0.98958296
0.08,1.7125,291.1734,223.19989,0.98958296
0.08,1.7145833,291.1734,223.19989,0.98958296
0.08,1.7166667,291.1734,223.19989,0.98958296
0.08,1.71875,291.1734,223.19989,0.98958296
0.08,1.7208333,291.1734,223.19989,0.98958296
0.08,1.7229167,291.1734,223.19989,0.98958296
0.08,1.725,291.1734,223.19989,0.98958296
0.08,1.7270833,291.1734,223.19989,0.98958296
0.08,1.7291666,291.1734,223.19989,0.98958296
0.08,1.73125,291.1734,223.19989,0.98958296
0.08,1.7333333,291.1734,223.19989,0.98958296
0.08,1.7354167,291.1734,223.19989,0.98958296
0.08,1.7375,291.1734,223.19989,0.98958296
0.08,1.7395834,291.1734,223.19989,0.98958296
0.08,1.7416667,291.1734,223.19989,0.98958296
0.08,1.74375,291.1734,223.19989,0.98958296
0.08,1.7458333,291.1734,223.19989,0.98958296
0.08,1.7479167,291.1734,223.19989,0.98958296
0.08,1.75,291.1734,223.19989,0.98958296
0.08,1.7520833,291.1734,223.19989,0.98958296
0.08,1.7541667,291.1734,223.19989,0.98958296
0.08,1.75625,291.1734,223.19989,0.98958296
0.08,1.7583333,291.1734,223.19989,0.98958296
0.08,1.7604166,291.1734,223.19989,0.98958296
0.08,1.7625,291.1734,223.19989,0.98958296
0.08,1.7645833,291.1734,223.19989,0.98958296
0.08,1.7666667,291.1734,223.19989,0.98958296
0.08,1.76875,291.1734,223.19989,0.98958296
0.08,1.7708334,291.1734,223.19989,0.98958296
0.08,1.7729167,291.1734,223.19989,0.98958296
0.08,1.775,291.1734,223.19989,0.98958296
0.08,1.7770833,291.1734,223.19989,0.98958296
0.08,1.7791667,291.1734,223.19989,0.98958296
0.08,1.78125,291.1734,223.19989,0.98958296
0.08,1.7833333,291.1734,223.19989,0.98958296
0.08,1.7854167,291.1734,223.19989,0.98958296
0.08,1.7875,291.1734,223.19989,0.98958296
0.08,1.7895833,291.1734,223.19989,0.98958296
0.08,1.7916666,291.1734,223.19989,0.98958296
0.08,1.79375,291.1734,223.19989,0.98958296
0.08,1.7958333,291.1734,223.19989,0.98958296
0.08,1.7979167,291.1734,223.19989,0.98958296
0.08,1.8,291.1734,223.19989,0.98958296
0.08,1.8020834,291.1734,223.19989,0.98958296
0.08,1.8041667,291.1734,223.19989,0.98958296
0.08,1.80625,291.1734,223.19989,0.98958296
0.08,1.8083333,291.1734,223.19989,0.98958296
0.08,1.8104167,291.1734,223.19989,0.98958296
0.08,1.8125,291.1734,223.19989,0.98958296
0.08,1.8145833,291.1734,223.19989,0.98958296
0.08,1.8166667,291.1734,223.19989,0.98958296
0.08,1.81875,291.1734,223.19989,0.98958296
0.08,1.8208333,291.1734,223.19989,0.98958296
0.08,1.8229166,291.1734,223.19989,0.98958296
0.08,1.825,291.1734,223.19989,0.98958296
0.08,1.8270833,291.1734,223.19989,0.98958296
0.08,1.8291667,291.1734,223.19989,0.98958296
0.08,1.83125,291.1734,223.19989,0.98958296
0.08,1.8333334,291.1734,223.19989,0.98958296
0.08,1.8354167,291.1734,223.19989,0.98958296
0.08,1.8375,291.1734,223.19989,0.98958296
0.08,1.8395833,291.1734,223.19989,0.98958296
0.08,1.8416667,291.1734,223.19989,0.98958296
0.08,1.84375,291.1734,223.19989,0.98958296
0.08,1.8458333,291.1734,223.19989,0.98958296
0.08,1.8479167,291.1734,223.19989,0.98958296
0.08,1.85,291.1734,223.19989,0.98958296
0.08,1.8520833,291.1734,223.19989,0.98958296
0.08,1.8541666,291.1734,223.19989,0.98958296
0.08,1.85625,291.1734,223.19989,0.98958296
0.08,1.8583333,291.1734,223.19989,0.98958296
0.08,1.8604167,291.1734,223.19989,0.98958296
0.08,1.8625,291.1734,223.19989,0.98958296
0.08,1.8645834,291.1734,223.19989,0.98958296
0.08,1.8666667,291.1734,223.19989,0.98958296
0.08,1.86875,291.1734,223.19989,0.98958296
0.08,1.8708333,291.1734,223.19989,0.98958296
0.08,1.8729167,291.1734,223.19989,0.98958296
0.08,1.875,291.1734,223.19989,0.98958296
0.08,1.8770833,291.1734,223.19989,0.98958296
0.08,1.8791667,291.1734,223.19989,0.98958296
0.08,1.88125,291.1734,223.19989,0.98958296
0.08,1.8833333,291.1734,223.19989,0.98958296
0.08,1.8854166,291.1734,223.19989,0.98958296
0.08,1.8875,291.1734,223.19989,0.98958296
0.08,1.8895833,291.1734,223.19989,0.98958296
0.08,1.8916667,291.1734,223.19989,0.98958296
0.08,1.89375,291.1734,223.19989,0.98958296
0.08,1.8958334,291.1734,223.19989,0.98958296
0.08,1.8979167,291.1734,223.19989,0.98958296
0.08,1.9,291.1734,223.19989,0.98958296
0.08,1.9020833,291.1734,223.19989,0.98958296
0.08,1.9041667,291.1734,223.19989,0.98958296
0.08,1.90625,291.1734,223.19989,0.98958296
0.08,1.9083333,291.1734,223.19989,0.98958296
0.08,1.9104167,291.1734,223.19989,0.98958296
0.08,1.9125,291.1734,223.19989,0.98958296
0.08,1.9145833,291.1734,223.19989,0.98958296
0.08,1.9166666,291.1734,223.19989,0.98958296
0.08,1.91875,291.1734,223.19989,0.98958296
0.08,1.9208333,291.1734,223.19989,0.98958296
0.08,1.9229167,291.1734,223.19989,0.98958296
0.08,1.925,291.1734,223.19989,0.98958296
0.08,1.9270834,291.1734,223.19989,0.98958296
0.08,1.9291667,291.1734,223.19989,0.98958296
0.08,1.93125,291.1734,223.19989,0.98958296
0.08,1.9333333,291.1734,223.19989,0.98958296
0.08,1.9354167,291.1734,223.19989,0.98958296
0.08,1.9375,291.1734,223.19989,0.98958296
0.08,1.9395833,291.1734,223.19989,0.98958296
0.08,1.9416667,291.1734,223.19989,0.98958296
0.08,1.94375,291.1734,223.19989,0.98958296
0.08,1.9458333,291.1734,223.19989,0.98958296
0.08,1.9479166,291.1734,223.19989,0.98958296
0.08,1.95,291.1734,223.19989,0.98958296
0.08,1.9520833,291.1734,223.19989,0.98958296
0.08,1.9541667,291.1734,223.19989,0.98958296
0.08,1.95625,291.1734,223.19989,0.98958296
0.08,1.9583334,291.1734,223.19989,0.98958296
0.08,1.9604167,291.1734,223.19989,0.98958296
0.08,1.9625,291.1734,223.19989,0.98958296
0.08,1.9645833,291.1734,223.19989,0.98958296
0.08,1.9666667,291.1734,223.19989,0.98958296
0.08,1.96875,291.1734,223.19989,0.98958296
0.08,1.9708333,291.1734,223.19989,0.98958296
0.08,1.9729167,291.1734,223.19989,0.98958296
0.08,1.975,291.1734,223.19989,0.98958296
0.08,1.9770833,291.1734,223.19989,0.98958296
0.08,1.9791666,291.1734,223.19989,0.98958296
0.08,1.98125,291.1734,223.19989,0.98958296
0.08,1.9833333,291.1734,223.19989,0.98958296
0.08,1.9854167,291.1734,223.19989,0.98958296
0.08,1.9875,291.1734,223.19989,0.98958296
0.08,1.9895834,291.1734,223.19989,0.98958296
0.08,1.9916667,291.1734,223.19989,0.98958296
0.08,1.99375,291.1734,223.19989,0.98958296
0.08,1.9958333,291.1734,223.19989,0.98958296
0.08,1.9979167,291.1734,223.19989,0.98958296
0.08,2.0,291.1734,223.19989,0.98958296
0.1,0.0020833334,291.17114,223.19763,0.0
0.1,0.004166667,291.17126,223.1977,6.843336E-5
0.1,0.00625,291.15802,223.16849,3.2756306E-4
0.1,0.008333334,291.09265,223.02338,8.7961525E-4
0.1,0.010416667,290.92502,222.64868,0.0018093128
0.1,0.0125,290.61462,221.95035,0.00318585
0.1,0.014583333,290.14203,220.87366,0.0050651086
0.1,0.016666668,289.5105,219.40442,0.0074909865
0.1,0.01875,288.74158,217.56058,0.010497353
0.1,0.020833334,287.87012,215.38235,0.014108928
0.1,0.022916667,286.93713,212.92249,0.018343069
0.1,0.025,285.98566,210.2395,0.023210121
0.1,0.027083334,285.05658,207.3916,0.02871521
0.1,0.029166667,284.1866,204.43414,0.034858108
0.1,0.03125,283.4065,201.41656,0.04163515
0.1,0.033333335,282.7411,198.38239,0.049038667
0.1,0.035416666,282.20856,195.3682,0.057058122
0.1,0.0375,281.82166,192.40387,0.0656813
0.1,0.039583333,281.5877,189.51361,0.0748931
0.1,0.041666668,281.5095,186.71576,0.08467797
0.1,0.04375,281.58603,184.02417,0.09501804
0.1,0.045833334,281.81323,181.4484,0.105895765
0.1,0.047916666,282.18463,178.99487,0.11729158
0.1,0.05,282.69177,176.66693,0.12918691
0.1,0.052083332,283.325,174.46576,0.1415616
0.1,0.054166667,284.0738,172.39062,0.15439679
0.1,0.05625,284.92694,170.43951,0.1676722
0.1,0.058333334,285.87305,168.60919,0.18136927
0.1,0.060416665,286.90082,166.89563,0.1954682
0.1,0.0625,287.9989,165.29425,0.20995112
0.1,0.06458333,289.15662,163.80005,0.22479926
0.1,0.06666667,290.36334,162.4079,0.23999444
0.1,0.06875,291.6095,161.1123,0.25552022
0.1,0.07083333,292.88544,159.90796,0.27135897
0.1,0.072916664,294.18274,158.78955,0.28749534
0.1,0.075,295.49323,157.75189,0.30391288
0.1,0.077083334,296.80963,156.7898,0.32059753
0.1,0.079166666,298.12512,155.8985,0.3375339
0.1,0.08125,299.43372,155.07324,0.35470912
0.1,0.083333336,300.72968,154.30957,0.37210903
0.1,0.08541667,302.0083,153.60324,0.38972202
0.1,0.0875,303.26508,152.95026,0.40753502
0.1,0.08958333,304.49634,152.3468,0.4255376
0.1,0.09166667,305.69843,151.7893,0.44371778
0.1,0.09375,306.8689,151.27441,0.46206617
0.1,0.09583333,308.0051,150.79901,0.4805725
0.1,0.09791667,309.10498,150.36017,0.49922672
0.1,0.1,310.167,149.95514,0.5180212
0.1,0.10208333,311.18973,149.58136,0.5369465
0.1,0.104166664,312.17273,149.23679,0.555927
0.1,0.10625,313.11557,148.91974,0.5748321
0.1,0.108333334,314.0182,148.62848,0.5935535
0.1,0.110416666,314.8806,148.36136,0.6119987
0.1,0.1125,315.703,148.1167,0.63009304
0.1,0.114583336,316.48557,147.89288,0.647774
0.1,0.11666667,317.22864,147.68845,0.66499275
0.1,0.11875,317.93262,147.50186,0.68170935
0.1,0.12083333,318.59827,147.33179,0.6978949
0.1,0.12291667,319.2262,147.17688,0.71352655
0.1,0.125,319.81726,147.03595,0.72859025
0.1,0.12708333,320.37207,146.90784,0.7430765
0.1,0.12916666,320.89185,146.7915,0.75698096
0.1,0.13125,321.37744,146.68591,0.77030444
0.1,0.13333334,321.82996,146.59009,0.7830513
0.1,0.13541667,322.25037,146.5033,0.7952282
0.1,0.1375,322.64,146.42468,0.80684453
0.1,0.13958333,322.99988,146.35352,0.81791264
0.1,0.14166667,323.33118,146.28915,0.8284454
0.1,0.14375,323.63782,146.23395,0.8384581
0.1,0.14583333,323.9203,146.18689,0.8479662
0.1,0.14791666,324.17676,146.14514,0.85698676
0.1,0.15,324.40906,146.10931,0.86553675
0.1,0.15208334,324.61877,146.07996,0.8736336
0.1,0.15416667,324.8075,146.05762,0.8812953
0.1,0.15625,324.97668,146.04279,0.88853985
0.1,0.15833333,325.1277,146.03601,0.8953848
0.1,0.16041666,325.26184,146.0379,0.90184754
0.1,0.1625,325.38025,146.04889,0.9079456
0.1,0.16458334,325.484,146.06955,0.9136961
0.1,0.16666667,325.57397,146.1004,0.9191156
0.1,0.16875,325.65112,146.14197,0.9242201
0.1,0.17083333,325.7162,146.19476,0.9290254
0.1,0.17291667,325.7696,146.25937,0.9335467
0.1,0.175,325.8122,146.33624,0.93779886
0.1,0.17708333,325.844,146.42596,0.9417957
0.1,0.17916666,325.8653,146.52899,0.9455512
0.1,0.18125,325.87634,146.64587,0.94907826
0.1,0.18333334,325.87708,146.7771,0.95238924
0.1,0.18541667,325.8673,146.92322,0.9554964
0.1,0.1875,325.84686,147.08472,0.95841104
0.1,0.18958333,325.81512,147.26208,0.9611441
0.1,0.19166666,325.7719,147.45578,0.96370596
0.1,0.19375,325.71613,147.66626,0.96610653
0.1,0.19583334,325.64752,147.89401,0.96835536
0.1,0.19791667,325.56488,148.1394,0.9704612
0.1,0.2,325.46753,148.4029,0.9724326
0.1,0.20208333,325.35425,148.68481,0.97427756
0.1,0.20416667,325.22412,148.9856,0.97600377
0.1,0.20625,325.0758,149.30545,0.97761834
0.1,0.20833333,324.90826,149.64474,0.9791281
0.1,0.21041666,324.72034,150.00372,0.98053956
0.1,0.2125,324.51056,150.3826,0.98185885
0.1,0.21458334,324.27814,150.78152,0.9830915
0.1,0.21666667,324.02142,151.20062,0.984243
0.1,0.21875,323.7397,151.64005,0.9853184
0.1,0.22083333,323.43158,152.09982,0.98632264
0.1,0.22291666,323.09637,152.5799,0.98726016
0.1,0.225,322.7329,153.08023,0.98813516
0.1,0.22708334,322.34064,153.60077,0.9889517
0.1,0.22916667,321.91882,154.14133,0.9897135
0.1,0.23125,321.46704,154.70166,0.9904241
0.1,0.23333333,320.98486,155.28159,0.99108684
0.1,0.23541667,320.47223,155.8808,0.9917048
0.1,0.2375,319.92902,156.4989,0.99228096
0.1,0.23958333,319.3554,157.1355,0.99281806
0.1,0.24166666,318.75177,157.79016,0.99331856
0.1,0.24375,318.11853,158.46246,0.99378496
0.1,0.24583334,317.4566,159.1518,0.9942195
0.1,0.24791667,316.76666,159.85754,0.9946242
0.1,0.25,316.04968,160.57922,0.9950012
0.1,0.25208333,315.307,161.31613,0.9953523
0.1,0.25416666,314.53998,162.06757,0.9956792
0.1,0.25625,313.75,162.83282,0.99598354
0.1,0.25833333,312.93872,163.61127,0.99626684
0.1,0.26041666,312.1078,164.40201,0.9965305
0.1,0.2625,311.25916,165.20435,0.99677587
0.1,0.26458332,310.39453,166.0174,0.9970042
0.1,0.26666668,309.51593,166.84052,0.9972166
0.1,0.26875,308.62555,167.6727,0.9974142
0.1,0.27083334,307.7254,168.51321,0.997598
0.1,0.27291667,306.81744,169.36124,0.9977689
0.1,0.275,305.904,170.21582,0.9979279
0.1,0.27708334,304.987,171.07623,0.9980757
0.1,0.27916667,304.06866,171.94159,0.9982131
0.1,0.28125,303.151,172.81104,0.9983409
0.1,0.28333333,302.23608,173.68384,0.99845964
0.1,0.28541666,301.32593,174.55902,0.99856997
0.1,0.2875,300.4225,175.43591,0.99867254
0.1,0.28958333,299.5276,176.31372,0.9987679
0.1,0.29166666,298.64294,177.19153,0.9988564
0.1,0.29375,297.7705,178.0687,0.9989387
0.1,0.29583332,296.91187,178.94446,0.9990151
0.1,0.29791668,296.06824,179.81812,0.9990861
0.1,0.3,295.24152,180.6889,0.99915206
0.1,0.30208334,294.43268,181.55618,0.99921334
0.1,0.30416667,293.64325,182.41931,0.9992702
0.1,0.30625,292.87415,183.27765,0.999323
0.1,0.30833334,292.1266,184.13055,0.999372
0.1,0.31041667,291.40155,184.97748,0.99941754
0.1,0.3125,290.69965,185.81787,0.9994598
0.1,0.31458333,290.0216,186.65121,0.999499
0.1,0.31666666,289.3683,187.47699,0.9995354
0.1,0.31875,288.7401,188.29474,0.9995691
0.1,0.32083333,288.13745,189.104,0.99960047
0.1,0.32291666,287.56085,189.90436,0.99962956
0.1,0.325,287.0103,190.69543,0.9996565
0.1,0.32708332,286.48608,191.4768,0.9996816
0.1,0.32916668,285.98828,192.24829,0.99970484
0.1,0.33125,285.51685,193.0094,0.9997264
0.1,0.33333334,285.0719,193.75989,0.9997464
0.1,0.33541667,284.653,194.49957,0.999765
0.1,0.3375,284.26013,195.22809,0.99978215
0.1,0.33958334,283.893,195.94534,0.9997981
0.1,0.34166667,283.55127,196.6511,0.9998129
0.1,0.34375,283.23438,197.34515,0.9998266
0.1,0.34583333,282.94226,198.02747,0.9998393
0.1,0.34791666,282.67407,198.69781,0.9998511
0.1,0.35,282.4295,199.35608,0.9998621
0.1,0.35208333,282.208,200.00229,0.9998722
0.1,0.35416666,282.0088,200.63629,0.9998816
0.1,0.35625,281.83142,201.25806,0.9998903
0.1,0.35833332,281.6753,201.86755,0.99989843
0.1,0.36041668,281.53943,202.46478,0.9999059
0.1,0.3625,281.42352,203.04974,0.99991286
0.1,0.36458334,281.32666,203.62244,0.99991924
0.1,0.36666667,281.24817,204.18295,0.9999252
0.1,0.36875,281.18738,204.73126,0.99993074
0.1,0.37083334,281.14343,205.26749,0.9999358
0.1,0.37291667,281.11584,205.79169,0.9999406
0.1,0.375,281.10352,206.3039,0.999945
0.1,0.37708333,281.10608,206.80429,0.99994904
0.1,0.37916666,281.12256,207.29291,0.99995285
0.1,0.38125,281.15222,207.7699,0.9999563
0.1,0.38333333,281.19446,208.23538,0.9999595
0.1,0.38541666,281.24872,208.68945,0.99996257
0.1,0.3875,281.31396,209.1323,0.9999653
0.1,0.38958332,281.38977,209.56403,0.9999679
0.1,0.39166668,281.47534,209.9848,0.99997026
0.1,0.39375,281.56995,210.39478,0.99997246
0.1,0.39583334,281.6731,210.79413,0.99997455
0.1,0.39791667,281.78412,211.18298,0.9999765
0.1,0.4,281.90234,211.56152,0.99997824
0.1,0.40208334,282.02728,211.92993,0.9999799
0.1,0.40416667,282.15833,212.28839,0.9999814
0.1,0.40625,282.29486,212.63708,0.99998283
0.1,0.40833333,282.43652,212.9762,0.99998415
0.1,0.41041666,282.5824,213.30585,0.9999853
0.1,0.4125,282.73248,213.62628,0.99998635
0.1,0.41458333,282.886,213.93765,0.99998736
0.1,0.41666666,283.04248,214.24011,0.99998826
0.1,0.41875,283.2016,214.53397,0.99998915
0.1,0.42083332,283.36304,214.81927,0.99999
0.1,0.42291668,283.52612,215.09628,0.99999076
0.1,0.425,283.69073,215.36517,0.9999914
0.1,0.42708334,283.85632,215.6261,0.9999921
0.1,0.42916667,284.02258,215.87927,0.99999267
0.1,0.43125,284.18927,216.12482,0.9999932
0.1,0.43333334,284.35608,216.363,0.99999374
0.1,0.43541667,284.52264,216.59396,0.9999942
0.1,0.4375,284.68884,216.81784,0.9999947
0.1,0.43958333,284.85425,217.03491,0.99999505
0.1,0.44166666,285.01868,217.24524,0.99999547
0.1,0.44375,285.1819,217.449,0.9999958
0.1,0.44583333,285.3438,217.64642,0.9999961
0.1,0.44791666,285.50415,217.83765,0.9999965
0.1,0.45,285.66284,218.02286,0.9999968
0.1,0.45208332,285.81946,218.20215,0.999997
0.1,0.45416668,285.97418,218.3758,0.9999972
0.1,0.45625,286.12665,218.54382,0.99999744
0.1,0.45833334,286.27686,218.70645,0.9999977
0.1,0.46041667,286.4248,218.86383,0.99999785
0.1,0.4625,286.57007,219.01611,0.999998
0.1,0.46458334,286.71283,219.16339,0.99999815
0.1,0.46666667,286.85284,219.30588,0.99999833
0.1,0.46875,286.99023,219.44366,0.99999845
0.1,0.47083333,287.12476,219.5769,0.9999986
0.1,0.47291666,287.25653,219.70575,0.9999987
0.1,0.475,287.3855,219.83026,0.99999875
0.1,0.47708333,287.51154,219.95062,0.99999887
0.1,0.47916666,287.63452,220.06696,0.9999989
0.1,0.48125,287.75476,220.17941,0.999999
0.1,0.48333332,287.8719,220.28802,0.99999905
0.1,0.48541668,287.9862,220.39297,0.99999917
0.1,0.4875,288.0976,220.49435,0.9999992
0.1,0.48958334,288.20593,220.59225,0.9999993
0.1,0.49166667,288.31146,220.68683,0.9999994
0.1,0.49375,288.414,220.77814,0.99999946
0.1,0.49583334,288.51373,220.86633,0.9999995
0.1,0.49791667,288.61066,220.95145,0.99999964
0.1,0.5,288.70465,221.03363,0.9999997
0.1,0.50208336,288.79596,221.11295,0.9999997
0.1,0.50416666,288.88452,221.18951,0.9999997
0.1,0.50625,288.97028,221.26337,0.9999997
0.1,0.5083333,289.05347,221.33466,0.9999997
0.1,0.5104167,289.13403,221.40344,0.9999997
0.1,0.5125,289.2119,221.46982,0.9999997
0.1,0.51458335,289.28735,221.53381,0.9999997
0.1,0.51666665,289.36035,221.59558,0.9999997
0.1,0.51875,289.4309,221.65515,0.9999997
0.1,0.5208333,289.49902,221.71259,0.9999997
0.1,0.5229167,289.56488,221.76797,0.9999997
0.1,0.525,289.62842,221.82138,0.9999997
0.1,0.52708334,289.6897,221.8729,0.9999997
0.1,0.52916664,289.74902,221.92252,0.9999997
0.1,0.53125,289.8061,221.9704,0.9999997
0.1,0.53333336,289.86108,222.01654,0.9999997
0.1,0.53541666,289.91406,222.06097,0.9999997
0.1,0.5375,289.96515,222.10388,0.9999997
0.1,0.5395833,290.0144,222.14514,0.9999997
0.1,0.5416667,290.06177,222.18494,0.9999997
0.1,0.54375,290.10736,222.22333,0.9999997
0.1,0.54583335,290.15112,222.26025,0.9999997
0.1,0.54791665,290.19336,222.29584,0.9999997
0.1,0.55,290.2339,222.33014,0.9999997
0.1,0.5520833,290.27295,222.36319,0.9999997
0.1,0.5541667,290.31036,222.39499,0.9999997
0.1,0.55625,290.34644,222.42566,0.9999997
0.1,0.55833334,290.38086,222.45514,0.9999997
0.1,0.56041664,290.41412,222.48358,0.9999997
0.1,0.5625,290.44604,222.51093,0.9999997
0.1,0.56458336,290.47656,222.5373,0.9999997
0.1,0.56666666,290.50586,222.56268,0.9999997
0.1,0.56875,290.53412,222.5871,0.9999997
0.1,0.5708333,290.56104,222.61063,0.9999997
0.1,0.5729167,290.5869,222.6333,0.9999997
0.1,0.575,290.61182,222.65509,0.9999997
0.1,0.57708335,290.6355,222.67606,0.9999997
0.1,0.57916665,290.6584,222.69626,0.9999997
0.1,0.58125,290.68018,222.7157,0.9999997
0.1,0.5833333,290.70117,222.73438,0.9999997
0.1,0.5854167,290.7212,222.75238,0.9999997
0.1,0.5875,290.7403,222.76971,0.9999997
0.1,0.58958334,290.7588,222.7864,0.9999997
0.1,0.59166664,290.77637,222.80243,0.9999997
0.1,0.59375,290.7932,222.81787,0.9999997
0.1,0.59583336,290.80933,222.8327,0.9999997
0.1,0.59791666,290.8247,222.84698,0.9999997
0.1,0.6,290.83954,222.86072,0.9999997
0.1,0.6020833,290.8537,222.87396,0.9999997
0.1,0.6041667,290.8672,222.88666,0.9999997
0.1,0.60625,290.88013,222.8989,0.9999997
0.1,0.60833335,290.89252,222.91064,0.9999997
0.1,0.61041665,290.9043,222.92197,0.9999997
0.1,0.6125,290.9156,222.93286,0.9999997
0.1,0.6145833,290.9265,222.9433,0.9999997
0.1,0.6166667,290.93695,222.95337,0.9999997
0.1,0.61875,290.94678,222.96304,0.9999997
0.1,0.62083334,290.9563,222.97235,0.9999997
0.1,0.62291664,290.96533,222.9813,0.9999997
0.1,0.625,290.97406,222.9899,0.9999997
0.1,0.62708336,290.98236,222.99817,0.9999997
0.1,0.62916666,290.99023,223.0061,0.9999997
0.1,0.63125,290.9978,223.01373,0.9999997
0.1,0.6333333,291.00513,223.02112,0.9999997
0.1,0.6354167,291.01196,223.02814,0.9999997
0.1,0.6375,291.01874,223.03494,0.9999997
0.1,0.63958335,291.02496,223.04144,0.9999997
0.1,0.64166665,291.0312,223.04773,0.9999997
0.1,0.64375,291.03687,223.05377,0.9999997
0.1,0.6458333,291.04248,223.05957,0.9999997
0.1,0.6479167,291.04785,223.06512,0.9999997
0.1,0.65,291.05298,223.07047,0.9999997
0.1,0.65208334,291.05786,223.07559,0.9999997
0.1,0.65416664,291.0625,223.08054,0.9999997
0.1,0.65625,291.06696,223.0853,0.9999997
0.1,0.65833336,291.0713,223.08984,0.9999997
0.1,0.66041666,291.07538,223.09424,0.9999997
0.1,0.6625,291.07928,223.09845,0.9999997
0.1,0.6645833,291.083,223.10248,0.9999997
0.1,0.6666667,291.08667,223.10638,0.9999997
0.1,0.66875,291.0901,223.1101,0.9999997
0.1,0.67083335,291.09344,223.11371,0.9999997
0.1,0.67291665,291.09662,223.11716,0.9999997
0.1,0.675,291.0996,223.12045,0.9999997
0.1,0.6770833,291.10254,223.12366,0.9999997
0.1,0.6791667,291.10522,223.12671,0.9999997
0.1,0.68125,291.1079,223.12964,0.9999997
0.1,0.68333334,291.1106,223.13245,0.9999997
0.1,0.68541664,291.11304,223.13516,0.9999997
0.1,0.6875,291.1153,223.13776,0.9999997
0.1,0.68958336,291.11768,223.14026,0.9999997
0.1,0.69166666,291.11987,223.14264,0.9999997
0.1,0.69375,291.12183,223.14496,0.9999997
0.1,0.6958333,291.12396,223.14716,0.9999997
0.1,0.6979167,291.12573,223.14929,0.9999997
0.1,0.7,291.1277,223.15134,0.9999997
0.1,0.70208335,291.1294,223.15329,0.9999997
0.1,0.70416665,291.1311,223.15518,0.9999997
0.1,0.70625,291.1328,223.15698,0.9999997
0.1,0.7083333,291.13428,223.15872,0.9999997
0.1,0.7104167,291.13574,223.1604,0.9999997
0.1,0.7125,291.1372,223.16199,0.9999997
0.1,0.71458334,291.13867,223.16351,0.9999997
0.1,0.71666664,291.13995,223.16498,0.9999997
0.1,0.71875,291.1413,223.16638,0.9999997
0.1,0.72083336,291.14258,223.16776,0.9999997
0.1,0.72291666,291.14374,223.16907,0.9999997
0.1,0.725,291.14478,223.17032,0.9999997
0.1,0.7270833,291.146,223.17151,0.9999997
0.1,0.7291667,291.14697,223.17267,0.9999997
0.1,0.73125,291.14795,223.17377,0.9999997
0.1,0.73333335,291.14893,223.17484,0.9999997
0.1,0.73541665,291.1499,223.17587,0.9999997
0.1,0.7375,291.15088,223.17682,0.9999997
0.1,0.7395833,291.15167,223.1778,0.9999997
0.1,0.7416667,291.1526,223.17868,0.9999997
0.1,0.74375,291.15332,223.17953,0.9999997
0.1,0.74583334,291.15405,223.18036,0.9999997
0.1,0.74791664,291.15485,223.18118,0.9999997
0.1,0.75,291.15558,223.18195,0.9999997
0.1,0.75208336,291.15625,223.18268,0.9999997
0.1,0.75416666,291.15698,223.18338,0.9999997
0.1,0.75625,291.15765,223.18405,0.9999997
0.1,0.7583333,291.1582,223.1847,0.9999997
0.1,0.7604167,291.15875,223.18533,0.9999997
0.1,0.7625,291.15942,223.18591,0.9999997
0.1,0.76458335,291.1599,223.18652,0.9999997
0.1,0.76666665,291.1604,223.18704,0.9999997
0.1,0.76875,291.1609,223.18756,0.9999997
0.1,0.7708333,291.16138,223.18811,0.9999997
0.1,0.7729167,291.16187,223.18857,0.9999997
0.1,0.775,291.16235,223.18903,0.9999997
0.1,0.77708334,291.16284,223.18948,0.9999997
0.1,0.77916664,291.16315,223.18991,0.9999997
0.1,0.78125,291.16357,223.19034,0.9999997
0.1,0.78333336,291.16406,223.19073,0.9999997
0.1,0.78541666,291.1643,223.1911,0.9999997
0.1,0.7875,291.1648,223.19147,0.9999997
0.1,0.7895833,291.16504,223.19183,0.9999997
0.1,0.7916667,291.16547,223.19214,0.9999997
0.1,0.79375,291.16577,223.19244,0.9999997
0.1,0.79583335,291.16602,223.19275,0.9999997
0.1,0.79791665,291.16626,223.19305,0.9999997
0.1,0.8,291.16656,223.19336,0.9999997
0.1,0.8020833,291.16693,223.1936,0.9999997
0.1,0.8041667,291.16718,223.19388,0.9999997
0.1,0.80625,291.16742,223.19415,0.9999997
0.1,0.80833334,291.16766,223.19437,0.9999997
0.1,0.81041664,291.1679,223.19458,0.9999997
0.1,0.8125,291.16815,223.19482,0.9999997
0.1,0.81458336,291.1684,223.19504,0.9999997
0.1,0.81666666,291.16852,223.19525,0.9999997
0.1,0.81875,291.1687,223.19543,0.9999997
0.1,0.8208333,291.16895,223.19562,0.9999997
0.1,0.8229167,291.16913,223.1958,0.9999997
0.1,0.825,291.16925,223.19598,0.9999997
0.1,0.82708335,291.16943,223.19614,0.9999997
0.1,0.82916665,291.16968,223.19629,0.9999997
0.1,0.83125,291.16986,223.19647,0.9999997
0.1,0.8333333,291.16992,223.1966,0.9999997
0.1,0.8354167,291.17017,223.19675,0.9999997
0.1,0.8375,291.17017,223.1969,0.9999997
0.1,0.83958334,291.1704,223.19699,0.9999997
0.1,0.84166664,291.17047,223.19714,0.9999997
0.1,0.84375,291.17065,223.19727,0.9999997
0.1,0.84583336,291.17084,223.19736,0.9999997
0.1,0.84791666,291.1709,223.19745,0.9999997
0.1,0.85,291.17096,223.19757,0.9999997
0.1,0.8520833,291.17114,223.19766,0.9999997
0.1,0.8541667,291.17114,223.19775,0.9999997
0.1,0.85625,291.17133,223.19788,0.9999997
0.1,0.85833335,291.1714,223.19794,0.9999997
0.1,0.86041665,291.17145,223.19803,0.9999997
0.1,0.8625,291.17157,223.19812,0.9999997
0.1,0.8645833,291.17163,223.19818,0.9999997
0.1,0.8666667,291.17163,223.19827,0.9999997
0.1,0.86875,291.1718,223.1983,0.9999997
0.1,0.87083334,291.17188,223.19843,0.9999997
0.1,0.87291664,291.17188,223.19846,0.9999997
0.1,0.875,291.17188,223.19852,0.9999997
0.1,0.87708336,291.17206,223.19861,0.9999997
0.1,0.87916666,291.17212,223.19867,0.9999997
0.1,0.88125,291.17212,223.1987,0.9999997
0.1,0.8833333,291.17212,223.19873,0.9999997
0.1,0.8854167,291.1723,223.19879,0.9999997
0.1,0.8875,291.1723,223.19885,0.9999997
0.1,0.88958335,291.17236,223.19891,0.9999997
0.1,0.89166665,291.17236,223.19894,0.9999997
0.1,0.89375,291.17236,223.19897,0.9999997
0.1,0.8958333,291.17242,223.19904,0.9999997
0.1,0.8979167,291.17242,223.19907,0.9999997
0.1,0.9,291.17255,223.1991,0.9999997
0.1,0.90208334,291.1726,223.19916,0.9999997
0.1,0.90416664,291.1726,223.19916,0.9999997
0.1,0.90625,291.1726,223.19922,0.9999997
0.1,0.90833336,291.1726,223.19922,0.9999997
0.1,0.91041666,291.17267,223.19928,0.9999997
0.1,0.9125,291.1728,223.19928,0.9999997
0.1,0.9145833,291.1728,223.19934,0.9999997
0.1,0.9166667,291.1728,223.19934,0.9999997
0.1,0.91875,291.17285,223.1994,0.9999997
0.1,0.92083335,291.17285,223.1994,0.9999997
0.1,0.92291665,291.17285,223.19943,0.9999997
0.1,0.925,291.17285,223.19946,0.9999997
0.1,0.9270833,291.17285,223.19946,0.9999997
0.1,0.9291667,291.17285,223.19946,0.9999997
0.1,0.93125,291.1729,223.19952,0.9999997
0.1,0.93333334,291.1729,223.19952,0.9999997
0.1,0.93541664,291.1729,223.19952,0.9999997
0.1,0.9375,291.17303,223.19958,0.9999997
0.1,0.93958336,291.17303,223.19958,0.9999997
0.1,0.94166666,291.17303,223.19958,0.9999997
0.1,0.94375,291.1731,223.19962,0.9999997
0.1,0.9458333,291.1731,223.19965,0.9999997
0.1,0.9479167,291.1731,223.19965,0.9999997
0.1,0.95,291.1731,223.19965,0.9999997
0.1,0.95208335,291.1731,223.19968,0.9999997
0.1,0.95416665,291.1731,223.19968,0.9999997
0.1,0.95625,291.1731,223.1997,0.9999997
0.1,0.9583333,291.1731,223.1997,0.9999997
0.1,0.9604167,291.1731,223.1997,0.9999997
0.1,0.9625,291.1731,223.19974,0.9999997
0.1,0.96458334,291.17316,223.19977,0.9999997
0.1,0.96666664,291.17316,223.19977,0.9999997
0.1,0.96875,291.17316,223.19977,0.9999997
0.1,0.97083336,291.17316,223.19977,0.9999997
0.1,0.97291666,291.17316,223.19977,0.9999997
0.1,0.975,291.17328,223.1998,0.9999997
0.1,0.9770833,291.17328,223.1998,0.9999997
0.1,0.9791667,291.17328,223.1998,0.9999997
0.1,0.98125,291.17328,223.19983,0.9999997
0.1,0.98333335,291.17328,223.19983,0.9999997
0.1,0.98541665,291.17328,223.19983,0.9999997
0.1,0.9875,291.17334,223.19983,0.9999997
0.1,0.9895833,291.17334,223.19983,0.9999997
0.1,0.9916667,291.17334,223.19983,0.9999997
0.1,0.99375,291.17334,223.19983,0.9999997
0.1,0.99583334,291.17334,223.19983,0.9999997
0.1,0.99791664,291.17334,223.19983,0.9999997
0.1,1.0,291.17334,223.19989,0.9999997
0.1,1.0020833,291.17334,223.19989,0.9999997
0.1,1.0041667,291.17334,223.19989,0.9999997
0.1,1.00625,291.17334,223.19989,0.9999997
0.1,1.0083333,291.17334,223.19989,0.9999997
0.1,1.0104166,291.17334,223.19989,0.9999997
0.1,1.0125,291.17334,223.19989,0.9999997
0.1,1.0145833,291.17334,223.19989,0.9999997
0.1,1.0166667,291.17334,223.19989,0.9999997
0.1,1.01875,291.17334,223.19989,0.9999997
0.1,1.0208334,291.17334,223.19989,0.9999997
0.1,1.0229167,291.17334,223.19989,0.9999997
0.1,1.025,291.17334,223.19989,0.9999997
0.1,1.0270833,291.17334,223.19989,0.9999997
0.1,1.0291667,291.17334,223.19989,0.9999997
0.1,1.03125,291.17334,223.19989,0.9999997
0.1,1.0333333,291.17334,223.19989,0.9999997
0.1,1.0354167,291.17334,223.19989,0.9999997
0.1,1.0375,291.17334,223.19989,0.9999997
0.1,1.0395833,291.17334,223.19989,0.9999997
0.1,1.0416666,291.17334,223.19989,0.9999997
0.1,1.04375,291.17334,223.19989,0.9999997
0.1,1.0458333,291.17334,223.19989,0.9999997
0.1,1.0479167,291.17334,223.19989,0.9999997
0.1,1.05,291.17334,223.19989,0.9999997
0.1,1.0520834,291.17334,223.19989,0.9999997
0.1,1.0541667,291.17334,223.19989,0.9999997
0.1,1.05625,291.17334,223.19989,0.9999997
0.1,1.0583333,291.17334,223.19989,0.9999997
0.1,1.0604167,291.17334,223.19989,0.9999997
0.1,1.0625,291.17334,223.19989,0.9999997
0.1,1.0645833,291.17334,223.19989,0.9999997
0.1,1.0666667,291.17334,223.19989,0.9999997
0.1,1.06875,291.17334,223.19989,0.9999997
0.1,1.0708333,291.17334,223.19989,0.9999997
0.1,1.0729166,291.17334,223.19989,0.9999997
0.1,1.075,291.17334,223.19989,0.9999997
0.1,1.0770833,291.17334,223.19989,0.9999997
0.1,1.0791667,291.17334,223.19989,0.9999997
0.1,1.08125,291.17334,223.19989,0.9999997
0.1,1.0833334,291.17334,223.19989,0.9999997
0.1,1.0854167,291.17334,223.19989,0.9999997
0.1,1.0875,291.17334,223.19989,0.9999997
0.1,1.0895833,291.17334,223.19989,0.9999997
0.1,1.0916667,291.17334,223.19989,0.9999997
0.1,1.09375,291.17334,223.19989,0.9999997
0.1,1.0958333,291.17334,223.19989,0.9999997
0.1,1.0979167,291.17334,223.19989,0.9999997
0.1,1.1,291.17334,223.19989,0.9999997
0.1,1.1020833,291.17334,223.19989,0.9999997
0.1,1.1041666,291.17334,223.19989,0.9999997
0.1,1.10625,291.17334,223.19989,0.9999997
0.1,1.1083333,291.17334,223.19989,0.9999997
0.1,1.1104167,291.17334,223.19989,0.9999997
0.1,1.1125,291.17334,223.19989,0.9999997
0.1,1.1145834,291.17334,223.19989,0.9999997
0.1,1.1166667,291.17334,223.19989,0.9999997
0.1,1.11875,291.17334,223.19989,0.9999997
0.1,1.1208333,291.17334,223.19989,0.9999997
0.1,1.1229167,291.17334,223.19989,0.9999997
0.1,1.125,291.17334,223.19989,0.9999997
0.1,1.1270833,291.17334,223.19989,0.9999997
0.1,1.1291667,291.17334,223.19989,0.9999997
0.1,1.13125,291.17334,223.19989,0.9999997
0.1,1.1333333,291.17334,223.19989,0.9999997
0.1,1.1354166,291.17334,223.19989,0.9999997
0.1,1.1375,291.17334,223.19989,0.9999997
0.1,1.1395833,291.17334,223.19989,0.9999997
0.1,1.1416667,291.17334,223.19989,0.9999997
0.1,1.14375,291.17334,223.19989,0.9999997
0.1,1.1458334,291.17334,223.19989,0.9999997
0.1,1.1479167,291.17334,223.19989,0.9999997
0.1,1.15,291.17334,223.19989,0.9999997
0.1,1.1520833,291.17334,223.19989,0.9999997
0.1,1.1541667,291.17334,223.19989,0.9999997
0.1,1.15625,291.17334,223.19989,0.9999997
0.1,1.1583333,291.17334,223.19989,0.9999997
0.1,1.1604167,291.17334,223.19989,0.9999997
0.1,1.1625,291.17334,223.19989,0.9999997
0.1,1.1645833,291.17334,223.19989,0.9999997
0.1,1.1666666,291.17334,223.19989,0.9999997
0.1,1.16875,291.17334,223.19989,0.9999997
0.1,1.1708333,291.17334,223.19989,0.9999997
0.1,1.1729167,291.17334,223.19989,0.9999997
0.1,1.175,291.17334,223.19989,0.9999997
0.1,1.1770834,291.17334,223.19989,0.9999997
0.1,1.1791667,291.17334,223.19989,0.9999997
0.1,1.18125,291.17334,223.19989,0.9999997
0.1,1.1833333,291.17334,223.19989,0.9999997
0.1,1.1854167,291.17334,223.19989,0.9999997
0.1,1.1875,291.17334,223.19989,0.9999997
0.1,1.1895833,291.17334,223.19989,0.9999997
0.1,1.1916667,291.17334,223.19989,0.9999997
0.1,1.19375,291.17334,223.19989,0.9999997
0.1,1.1958333,291.17334,223.19989,0.9999997
0.1,1.1979166,291.17334,223.19989,0.9999997
0.1,1.2,291.17334,223.19989,0.9999997
0.1,1.2020833,291.17334,223.19989,0.9999997
0.1,1.2041667,291.17334,223.19989,0.9999997
0.1,1.20625,291.17334,223.19989,0.9999997
0.1,1.2083334,291.17334,223.19989,0.9999997
0.1,1.2104167,291.17334,223.19989,0.9999997
0.1,1.2125,291.17334,223.19989,0.9999997
0.1,1.2145833,291.17334,223.19989,0.9999997
0.1,1.2166667,291.17334,223.19989,0.9999997
0.1,1.21875,291.17334,223.19989,0.9999997
0.1,1.2208333,291.17334,223.19989,0.9999997
0.1,1.2229167,291.17334,223.19989,0.9999997
0.1,1.225,291.17334,223.19989,0.9999997
0.1,1.2270833,291.17334,223.19989,0.9999997
0.1,1.2291666,291.17334,223.19989,0.9999997
0.1,1.23125,291.17334,223.19989,0.9999997
0.1,1.2333333,291.17334,223.19989,0.9999997
0.1,1.2354167,291.17334,223.19989,0.9999997
0.1,1.2375,291.17334,223.19989,0.9999997
0.1,1.2395834,291.17334,223.19989,0.9999997
0.1,1.2416667,291.17334,223.19989,0.9999997
0.1,1.24375,291.17334,223.19989,0.9999997
0.1,1.2458333,291.17334,223.19989,0.9999997
0.1,1.2479167,291.17334,223.19989,0.9999997
0.1,1.25,291.17334,223.19989,0.9999997
0.1,1.2520833,291.17334,223.19989,0.9999997
0.1,1.2541667,291.17334,223.19989,0.9999997
0.1,1.25625,291.17334,223.19989,0.9999997
0.1,1.2583333,291.17334,223.19989,0.9999997
0.1,1.2604166,291.17334,223.19989,0.9999997
0.1,1.2625,291.17334,223.19989,0.9999997
0.1,1.2645833,291.17334,223.19989,0.9999997
0.1,1.2666667,291.17334,223.19989,0.9999997
0.1,1.26875,291.17334,223.19989,0.9999997
0.1,1.2708334,291.17334,223.19989,0.9999997
0.1,1.2729167,291.17334,223.19989,0.9999997
0.1,1.275,291.17334,223.19989,0.9999997
0.1,1.2770833,291.17334,223.19989,0.9999997
0.1,1.2791667,291.17334,223.19989,0.9999997
0.1,1.28125,291.17334,223.19989,0.9999997
0.1,1.2833333,291.17334,223.19989,0.9999997
0.1,1.2854167,291.17334,223.19989,0.9999997
0.1,1.2875,291.17334,223.19989,0.9999997
0.1,1.2895833,291.17334,223.19989,0.9999997
0.1,1.2916666,291.17334,223.19989,0.9999997
0.1,1.29375,291.17334,223.19989,0.9999997
0.1,1.2958333,291.17334,223.19989,0.9999997
0.1,1.2979167,291.17334,223.19989,0.9999997
0.1,1.3,291.17334,223.19989,0.9999997
0.1,1.3020834,291.17334,223.19989,0.9999997
0.1,1.3041667,291.17334,223.19989,0.9999997
0.1,1.30625,291.17334,223.19989,0.9999997
0.1,1.3083333,291.17334,223.19989,0.9999997
0.1,1.3104167,291.17334,223.19989,0.9999997
0.1,1.3125,291.17334,223.19989,0.9999997
0.1,1.3145833,291.17334,223.19989,0.9999997
0.1,1.3166667,291.17334,223.19989,0.9999997
0.1,1.31875,291.17334,223.19989,0.9999997
0.1,1.3208333,291.17334,223.19989,0.9999997
0.1,1.3229166,291.17334,223.19989,0.9999997
0.1,1.325,291.17334,223.19989,0.9999997
0.1,1.3270833,291.17334,223.19989,0.9999997
0.1,1.3291667,291.17334,223.19989,0.9999997
0.1,1.33125,291.17334,223.19989,0.9999997
0.1,1.3333334,291.17334,223.19989,0.9999997
0.1,1.3354167,291.17334,223.19989,0.9999997
0.1,1.3375,291.17334,223.19989,0.9999997
0.1,1.3395833,291.17334,223.19989,0.9999997
0.1,1.3416667,291.17334,223.19989,0.9999997
0.1,1.34375,291.17334,223.19989,0.9999997
0.1,1.3458333,291.17334,223.19989,0.9999997
0.1,1.3479167,291.17334,223.19989,0.9999997
0.1,1.35,291.17334,223.19989,0.9999997
0.1,1.3520833,291.17334,223.19989,0.9999997
0.1,1.3541666,291.17334,223.19989,0.9999997
0.1,1.35625,291.17334,223.19989,0.9999997
0.1,1.3583333,291.17334,223.19989,0.9999997
0.1,1.3604167,291.17334,223.19989,0.9999997
0.1,1.3625,291.17334,223.19989,0.9999997
0.1,1.3645834,291.17334,223.19989,0.9999997
0.1,1.3666667,291.17334,223.19989,0.9999997
0.1,1.36875,291.17334,223.19989,0.9999997
0.1,1.3708333,291.17334,223.19989,0.9999997
0.1,1.3729167,291.17334,223.19989,0.9999997
0.1,1.375,291.17334,223.19989,0.9999997
0.1,1.3770833,291.17334,223.19989,0.9999997
0.1,1.3791667,291.17334,223.19989,0.9999997
0.1,1.38125,291.17334,223.19989,0.9999997
0.1,1.3833333,291.17334,223.19989,0.9999997
0.1,1.3854166,291.17334,223.19989,0.9999997
0.1,1.3875,291.17334,223.19989,0.9999997
0.1,1.3895833,291.17334,223.19989,0.9999997
0.1,1.3916667,291.17334,223.19989,0.9999997
0.1,1.39375,291.17334,223.19989,0.9999997
0.1,1.3958334,291.17334,223.19989,0.9999997
0.1,1.3979167,291.17334,223.19989,0.9999997
0.1,1.4,291.17334,223.19989,0.9999997
0.1,1.4020833,291.17334,223.19989,0.9999997
0.1,1.4041667,291.17334,223.19989,0.9999997
0.1,1.40625,291.17334,223.19989,0.9999997
0.1,1.4083333,291.17334,223.19989,0.9999997
0.1,1.4104167,291.17334,223.19989,0.9999997
0.1,1.4125,291.17334,223.19989,0.9999997
0.1,1.4145833,291.17334,223.19989,0.9999997
0.1,1.4166666,291.17334,223.19989,0.9999997
0.1,1.41875,291.17334,223.19989,0.9999997
0.1,1.4208333,291.17334,223.19989,0.9999997
0.1,1.4229167,291.17334,223.19989,0.9999997
0.1,1.425,291.17334,223.19989,0.9999997
0.1,1.4270834,291.17334,223.19989,0.9999997
0.1,1.4291667,291.17334,223.19989,0.9999997
0.1,1.43125,291.17334,223.19989,0.9999997
0.1,1.4333333,291.17334,223.19989,0.9999997
0.1,1.4354167,291.17334,223.19989,0.9999997
0.1,1.4375,291.17334,223.19989,0.9999997
0.1,1.4395833,291.17334,223.19989,0.9999997
0.1,1.4416667,291.17334,223.19989,0.9999997
0.1,1.44375,291.17334,223.19989,0.9999997
0.1,1.4458333,291.17334,223.19989,0.9999997
0.1,1.4479166,291.17334,223.19989,0.9999997
0.1,1.45,291.17334,223.19989,0.9999997
0.1,1.4520833,291.17334,223.19989,0.9999997
0.1,1.4541667,291.17334,223.19989,0.9999997
0.1,1.45625,291.17334,223.19989,0.9999997
0.1,1.4583334,291.17334,223.19989,0.9999997
0.1,1.4604167,291.17334,223.19989,0.9999997
0.1,1.4625,291.17334,223.19989,0.9999997
0.1,1.4645833,291.17334,223.19989,0.9999997
0.1,1.4666667,291.17334,223.19989,0.9999997
0.1,1.46875,291.17334,223.19989,0.9999997
0.1,1.4708333,291.17334,223.19989,0.9999997
0.1,1.4729167,291.17334,223.19989,0.9999997
0.1,1.475,291.17334,223.19989,0.9999997
0.1,1.4770833,291.17334,223.19989,0.9999997
0.1,1.4791666,291.17334,223.19989,0.9999997
0.1,1.48125,291.17334,223.19989,0.9999997
0.1,1.4833333,291.17334,223.19989,0.9999997
0.1,1.4854167,291.17334,223.19989,0.9999997
0.1,1.4875,291.17334,223.19989,0.9999997
0.1,1.4895834,291.17334,223.19989,0.9999997
0.1,1.4916667,291.17334,223.19989,0.9999997
0.1,1.49375,291.17334,223.19989,0.9999997
0.1,1.4958333,291.17334,223.19989,0.9999997
0.1,1.4979167,291.17334,223.19989,0.9999997
0.1,1.5,291.17334,223.19989,0.9999997
0.1,1.5020833,291.17334,223.19989,0.9999997
0.1,1.5041667,291.17334,223.19989,0.9999997
0.1,1.50625,291.17334,223.19989,0.9999997
0.1,1.5083333,291.17334,223.19989,0.9999997
0.1,1.5104166,291.17334,223.19989,0.9999997
0.1,1.5125,291.17334,223.19989,0.9999997
0.1,1.5145833,291.17334,223.19989,0.9999997
0.1,1.5166667,291.17334,223.19989,0.9999997
0.1,1.51875,291.17334,223.19989,0.9999997
0.1,1.5208334,291.17334,223.19989,0.9999997
0.1,1.5229167,291.17334,223.19989,0.9999997
0.1,1.525,291.17334,223.19989,0.9999997
0.1,1.5270833,291.17334,223.19989,0.9999997
0.1,1.5291667,291.17334,223.19989,0.9999997
0.1,1.53125,291.17334,223.19989,0.9999997
0.1,1.5333333,291.17334,223.19989,0.9999997
0.1,1.5354167,291.17334,223.19989,0.9999997
0.1,1.5375,291.17334,223.19989,0.9999997
0.1,1.5395833,291.17334,223.19989,0.9999997
0.1,1.5416666,291.17334,223.19989,0.9999997
0.1,1.54375,291.17334,223.19989,0.9999997
0.1,1.5458333,291.17334,223.19989,0.9999997
0.1,1.5479167,291.17334,223.19989,0.9999997
0.1,1.55,291.17334,223.19989,0.9999997
0.1,1.5520834,291.17334,223.19989,0.9999997
0.1,1.5541667,291.17334,223.19989,0.9999997
0.1,1.55625,291.17334,223.19989,0.9999997
0.1,1.5583333,291.17334,223.19989,0.9999997
0.1,1.5604167,291.17334,223.19989,0.9999997
0.1,1.5625,291.17334,223.19989,0.9999997
0.1,1.5645833,291.17334,223.19989,0.9999997
0.1,1.5666667,291.17334,223.19989,0.9999997
0.1,1.56875,291.17334,223.19989,0.9999997
0.1,1.5708333,291.17334,223.19989,0.9999997
0.1,1.5729166,291.17334,223.19989,0.9999997
0.1,1.575,291.17334,223.19989,0.9999997
0.1,1.5770833,291.17334,223.19989,0.9999997
0.1,1.5791667,291.17334,223.19989,0.9999997
0.1,1.58125,291.17334,223.19989,0.9999997
0.1,1.5833334,291.17334,223.19989,0.9999997
0.1,1.5854167,291.17334,223.19989,0.9999997
0.1,1.5875,291.17334,223.19989,0.9999997
0.1,1.5895833,291.17334,223.19989,0.9999997
0.1,1.5916667,291.17334,223.19989,0.9999997
0.1,1.59375,291.17334,223.19989,0.9999997
0.1,1.5958333,291.17334,223.19989,0.9999997
0.1,1.5979167,291.17334,223.19989,0.9999997
0.1,1.6,291.17334,223.19989,0.9999997
0.1,1.6020833,291.17334,223.19989,0.9999997
0.1,1.6041666,291.17334,223.19989,0.9999997
0.1,1.60625,291.17334,223.19989,0.9999997
0.1,1.6083333,291.17334,223.19989,0.9999997
0.1,1.6104167,291.17334,223.19989,0.9999997
0.1,1.6125,291.17334,223.19989,0.9999997
0.1,1.6145834,291.17334,223.19989,0.9999997
0.1,1.6166667,291.17334,223.19989,0.9999997
0.1,1.61875,291.17334,223.19989,0.9999997
0.1,1.6208333,291.17334,223.19989,0.9999997
0.1,1.6229167,291.17334,223.19989,0.9999997
0.1,1.625,291.17334,223.19989,0.9999997
0.1,1.6270833,291.17334,223.19989,0.9999997
0.1,1.6291667,291.17334,223.19989,0.9999997
0.1,1.63125,291.17334,223.19989,0.9999997
0.1,1.6333333,291.17334,223.19989,0.9999997
0.1,1.6354166,291.17334,223.19989,0.9999997
0.1,1.6375,291.17334,223.19989,0.9999997
0.1,1.6395833,291.17334,223.19989,0.9999997
0.1,1.6416667,291.17334,223.19989,0.9999997
0.1,1.64375,291.17334,223.19989,0.9999997
0.1,1.6458334,291.17334,223.19989,0.9999997
0.1,1.6479167,291.17334,223.19989,0.9999997
0.1,1.65,291.17334,223.19989,0.9999997
0.1,1.6520833,291.17334,223.19989,0.9999997
0.1,1.6541667,291.17334,223.19989,0.9999997
0.1,1.65625,291.17334,223.19989,0.9999997
0.1,1.6583333,291.17334,223.19989,0.9999997
0.1,1.6604167,291.17334,223.19989,0.9999997
0.1,1.6625,291.17334,223.19989,0.9999997
0.1,1.6645833,291.17334,223.19989,0.9999997
0.1,1.6666666,291.17334,223.19989,0.9999997
0.1,1.66875,291.17334,223.19989,0.9999997
0.1,1.6708333,291.17334,223.19989,0.9999997
0.1,1.6729167,291.17334,223.19989,0.9999997
0.1,1.675,291.17334,223.19989,0.9999997
0.1,1.6770834,291.17334,223.19989,0.9999997
0.1,1.6791667,291.17334,223.19989,0.9999997
0.1,1.68125,291.17334,223.19989,0.9999997
0.1,1.6833333,291.17334,223.19989,0.9999997
0.1,1.6854167,291.17334,223.19989,0.9999997
0.1,1.6875,291.17334,223.19989,0.9999997
0.1,1.6895833,291.17334,223.19989,0.9999997
0.1,1.6916667,291.17334,223.19989,0.9999997
0.1,1.69375,291.17334,223.19989,0.9999997
0.1,1.6958333,291.17334,223.19989,0.9999997
0.1,1.6979166,291.17334,223.19989,0.9999997
0.1,1.7,291.17334,223.19989,0.9999997
0.1,1.7020833,291.17334,223.19989,0.9999997
0.1,1.7041667,291.17334,223.19989,0.9999997
0.1,1.70625,291.17334,223.19989,0.9999997
0.1,1.7083334,291.17334,223.19989,0.9999997
0.1,1.7104167,291.17334,223.19989,0.9999997
0.1,1.7125,291.17334,223.19989,0.9999997
0.1,1.7145833,291.17334,223.19989,0.9999997
0.1,1.7166667,291.17334,223.19989,0.9999997
0.1,1.71875,291.17334,223.19989,0.9999997
0.1,1.7208333,291.17334,223.19989,0.9999997
0.1,1.7229167,291.17334,223.19989,0.9999997
0.1,1.725,291.17334,223.19989,0.9999997
0.1,1.7270833,291.17334,223.19989,0.9999997
0.1,1.7291666,291.17334,223.19989,0.9999997
0.1,1.73125,291.17334,223.19989,0.9999997
0.1,1.7333333,291.17334,223.19989,0.9999997
0.1,1.7354167,291.17334,223.19989,0.9999997
0.1,1.7375,291.17334,223.19989,0.9999997
0.1,1.7395834,291.17334,223.19989,0.9999997
0.1,1.7416667,291.17334,223.19989,0.9999997
0.1,1.74375,291.17334,223.19989,0.9999997
0.1,1.7458333,291.17334,223.19989,0.9999997
0.1,1.7479167,291.17334,223.19989,0.9999997
0.1,1.75,291.17334,223.19989,0.9999997
0.1,1.7520833,291.17334,223.19989,0.9999997
0.1,1.7541667,291.17334,223.19989,0.9999997
0.1,1.75625,291.17334,223.19989,0.9999997
0.1,1.7583333,291.17334,223.19989,0.9999997
0.1,1.7604166,291.17334,223.19989,0.9999997
0.1,1.7625,291.17334,223.19989,0.9999997
0.1,1.7645833,291.17334,223.19989,0.9999997
0.1,1.7666667,291.17334,223.19989,0.9999997
0.1,1.76875,291.17334,223.19989,0.9999997
0.1,1.7708334,291.17334,223.19989,0.9999997
0.1,1.7729167,291.17334,223.19989,0.9999997
0.1,1.775,291.17334,223.19989,0.9999997
0.1,1.7770833,291.17334,223.19989,0.9999997
0.1,1.7791667,291.17334,223.19989,0.9999997
0.1,1.78125,291.17334,223.19989,0.9999997
0.1,1.7833333,291.17334,223.19989,0.9999997
0.1,1.7854167,291.17334,223.19989,0.9999997
0.1,1.7875,291.17334,223.19989,0.9999997
0.1,1.7895833,291.17334,223.19989,0.9999997
0.1,1.7916666,291.17334,223.19989,0.9999997
0.1,1.79375,291.17334,223.19989,0.9999997
0.1,1.7958333,291.17334,223.19989,0.9999997
0.1,1.7979167,291.17334,223.19989,0.9999997
0.1,1.8,291.17334,223.19989,0.9999997
0.1,1.8020834,291.17334,223.19989,0.9999997
0.1,1.8041667,291.17334,223.19989,0.9999997
0.1,1.80625,291.17334,223.19989,0.9999997
0.1,1.8083333,291.17334,223.19989,0.9999997
0.1,1.8104167,291.17334,223.19989,0.9999997
0.1,1.8125,291.17334,223.19989,0.9999997
0.1,1.8145833,291.17334,223.19989,0.9999997
0.1,1.8166667,291.17334,223.19989,0.9999997
0.1,1.81875,291.17334,223.19989,0.9999997
0.1,1.8208333,291.17334,223.19989,0.9999997
0.1,1.8229166,291.17334,223.19989,0.9999997
0.1,1.825,291.17334,223.19989,0.9999997
0.1,1.8270833,291.17334,223.19989,0.9999997
0.1,1.8291667,291.17334,223.19989,0.9999997
0.1,1.83125,291.17334,223.19989,0.9999997
0.1,1.8333334,291.17334,223.19989,0.9999997
0.1,1.8354167,291.17334,223.19989,0.9999997
0.1,1.8375,291.17334,223.19989,0.9999997
0.1,1.8395833,291.17334,223.19989,0.9999997
0.1,1.8416667,291.17334,223.19989,0.9999997
0.1,1.84375,291.17334,223.19989,0.9999997
0.1,1.8458333,291.17334,223.19989,0.9999997
0.1,1.8479167,291.17334,223.19989,0.9999997
0.1,1.85,291.17334,223.19989,0.9999997
0.1,1.8520833,291.17334,223.19989,0.9999997
0.1,1.8541666,291.17334,223.19989,0.9999997
0.1,1.85625,291.17334,223.19989,0.9999997
0.1,1.8583333,291.17334,223.19989,0.9999997
0.1,1.8604167,291.17334,223.19989,0.9999997
0.1,1.8625,291.17334,223.19989,0.9999997
0.1,1.8645834,291.17334,223.19989,0.9999997
0.1,1.8666667,291.17334,223.19989,0.9999997
0.1,1.86875,291.17334,223.19989,0.9999997
0.1,1.8708333,291.17334,223.19989,0.9999997
0.1,1.8729167,291.17334,223.19989,0.9999997
0.1,1.875,291.17334,223.19989,0.9999997
0.1,1.8770833,291.17334,223.19989,0.9999997
0.1,1.8791667,291.17334,223.19989,0.9999997
0.1,1.88125,291.17334,223.19989,0.9999997
0.1,1.8833333,291.17334,223.19989,0.9999997
0.1,1.8854166,291.17334,223.19989,0.9999997
0.1,1.8875,291.17334,223.19989,0.9999997
0.1,1.8895833,291.17334,223.19989,0.9999997
0.1,1.8916667,291.17334,223.19989,0.9999997
0.1,1.89375,291.17334,223.19989,0.9999997
0.1,1.8958334,291.17334,223.19989,0.9999997
0.1,1.8979167,291.17334,223.19989,0.9999997
0.1,1.9,291.17334,223.19989,0.9999997
0.1,1.9020833,291.17334,223.19989,0.9999997
0.1,1.9041667,291.17334,223.19989,0.9999997
0.1,1.90625,291.17334,223.19989,0.9999997
0.1,1.9083333,291.17334,223.19989,0.9999997
0.1,1.9104167,291.17334,223.19989,0.9999997
0.1,1.9125,291.17334,223.19989,0.9999997
0.1,1.9145833,291.17334,223.19989,0.9999997
0.1,1.9166666,291.17334,223.19989,0.9999997
0.1,1.91875,291.17334,223.19989,0.9999997
0.1,1.9208333,291.17334,223.19989,0.9999997
0.1,1.9229167,291.17334,223.19989,0.9999997
0.1,1.925,291.17334,223.19989,0.9999997
0.1,1.9270834,291.17334,223.19989,0.9999997
0.1,1.9291667,291.17334,223.19989,0.9999997
0.1,1.93125,291.17334,223.19989,0.9999997
0.1,1.9333333,291.17334,223.19989,0.9999997
0.1,1.9354167,291.17334,223.19989,0.9999997
0.1,1.9375,291.17334,223.19989,0.9999997
0.1,1.9395833,291.17334,223.19989,0.9999997
0.1,1.9416667,291.17334,223.19989,0.9999997
0.1,1.94375,291.17334,223.19989,0.9999997
0.1,1.9458333,291.17334,223.19989,0.9999997
0.1,1.9479166,291.17334,223.19989,0.9999997
0.1,1.95,291.17334,223.19989,0.9999997
0.1,1.9520833,291.17334,223.19989,0.9999997
0.1,1.9541667,291.17334,223.19989,0.9999997
0.1,1.95625,291.17334,223.19989,0.9999997
0.1,1.9583334,291.17334,223.19989,0.9999997
0.1,1.9604167,291.17334,223.19989,0.9999997
0.1,1.9625,291.17334,223.19989,0.9999997
0.1,1.9645833,291.17334,223.19989,0.9999997
0.1,1.9666667,291.17334,223.19989,0.9999997
0.1,1.96875,291.17334,223.19989,0.9999997
0.1,1.9708333,291.17334,223.19989,0.9999997
0.1,1.9729167,291.17334,223.19989,0.9999997
0.1,1.975,291.17334,223.19989,0.9999997
0.1,1.9770833,291.17334,223.19989,0.9999997
0.1,1.9791666,291.17334,223.19989,0.9999997
0.1,1.98125,291.17334,223.19989,0.9999997
0.1,1.9833333,291.17334,223.19989,0.9999997
0.1,1.9854167,291.17334,223.19989,0.9999997
0.1,1.9875,291.17334,223.19989,0.9999997
0.1,1.9895834,291.17334,223.19989,0.9999997
0.1,1.9916667,291.17334,223.19989,0.9999997
0.1,1.99375,291.17334,223.19989,0.9999997
0.1,1.9958333,291.17334,223.19989,0.9999997
0.1,1.9979167,291.17334,223.19989,0.9999997
0.1,2.0,291.17334,223.19989,0.9999997
0.14,0.0020833334,291.17114,223.19763,0.0
0.14,0.004166667,291.1712,223.19772,4.888785E-5
0.14,0.00625,291.16446,223.18259,2.3397773E-4
0.14,0.008333334,291.13046,223.10486,6.28298E-4
0.14,0.010416667,291.04102,222.89612,0.0012923732
0.14,0.0125,290.87054,222.48969,0.002275621
0.14,0.014583333,290.6023,221.83414,0.0036179514
0.14,0.016666668,290.23083,220.89902,0.0053507104
0.14,0.01875,289.76172,219.67487,0.007498115
0.14,0.020833334,289.2102,218.17017,0.010077814
0.14,0.022916667,288.59827,216.40698,0.013102214
0.14,0.025,287.95206,214.41663,0.016578656
0.14,0.027083334,287.29913,212.23553,0.020510856
0.14,0.029166667,286.66672,209.90259,0.024898626
0.14,0.03125,286.08002,207.45605,0.02973934
0.14,0.033333335,285.56122,204.93243,0.03502757
0.14,0.035416666,285.12894,202.36523,0.040755745
0.14,0.0375,284.7979,199.78394,0.04691517
0.14,0.039583333,284.57892,197.21436,0.053495042
0.14,0.041666668,284.4794,194.67819,0.06048424
0.14,0.04375,284.50317,192.19354,0.06787001
0.14,0.045833334,284.65143,189.77472,0.075639784
0.14,0.047916666,284.92255,187.4331,0.08377963
0.14,0.05,285.31305,185.17712,0.09227631
0.14,0.052083332,285.81775,183.01288,0.10111537
0.14,0.054166667,286.42993,180.9443,0.11028336
0.14,0.05625,287.14215,178.9737,0.11976581
0.14,0.058333334,287.94617,177.10175,0.12954947
0.14,0.060416665,288.8332,175.32812,0.13962016
0.14,0.0625,289.7943,173.65137,0.14996508
0.14,0.06458333,290.8206,172.06946,0.16057092
0.14,0.06666667,291.90295,170.57968,0.17142463
0.14,0.06875,293.03284,169.17883,0.18251446
0.14,0.07083333,294.20172,167.86362,0.19382785
0.14,0.072916664,295.4016,166.63022,0.20535386
0.14,0.075,296.62488,165.47498,0.2170807
0.14,0.077083334,297.86438,164.39392,0.22899827
0.14,0.079166666,299.11328,163.3833,0.24109572
0.14,0.08125,300.36548,162.43927,0.2533638
0.14,0.083333336,301.6153,161.55804,0.2657923
0.14,0.08541667,302.85742,160.73602,0.27837303
0.14,0.0875,304.08722,159.96967,0.29109663
0.14,0.08958333,305.3004,159.25555,0.3039556
0.14,0.09166667,306.49316,158.59045,0.31694147
0.14,0.09375,307.66217,157.97119,0.3300475
0.14,0.09583333,308.80453,157.3949,0.34326628
0.14,0.09791667,309.91754,156.85873,0.35659078
0.14,0.1,310.99915,156.35999,0.37001538
0.14,0.10208333,312.0474,155.89624,0.38353336
0.14,0.104166664,313.06097,155.46503,0.39713976
0.14,0.10625,314.03857,155.06421,0.41082847
0.14,0.108333334,314.97925,154.69162,0.42459524
0.14,0.110416666,315.88232,154.34534,0.43843442
0.14,0.1125,316.7474,154.02356,0.45234224
0.14,0.114583336,317.57425,153.72455,0.4663138
0.14,0.11666667,318.36273,153.44672,0.48034573
0.14,0.11875,319.11316,153.1885,0.49443346
0.14,0.12083333,319.8258,152.94855,0.50857437
0.14,0.12291667,320.50098,152.72559,0.5227641
0.14,0.125,321.1394,152.51837,0.5370004
0.14,0.12708333,321.7417,152.3258,0.55128
0.14,0.12916666,322.3086,152.14679,0.56559956
0.14,0.13125,322.84106,151.98038,0.5799568
0.14,0.13333334,323.33984,151.82565,0.59434986
0.14,0.13541667,323.80606,151.6818,0.608776
0.14,0.1375,324.24072,151.548,0.62323254
0.14,0.13958333,324.64493,151.42358,0.6377184
0.14,0.14166667,325.01978,151.3078,0.6522308
0.14,0.14375,325.36642,151.20026,0.66671985
0.14,0.14583333,325.68628,151.10059,0.6810958
0.14,0.14791666,325.9807,151.00839,0.69528484
0.14,0.15,326.25085,150.92334,0.7092246
0.14,0.15208334,326.49805,150.84503,0.72286385
0.14,0.15416667,326.72327,150.77301,0.7361619
0.14,0.15625,326.92773,150.70691,0.7490865
0.14,0.15833333,327.11243,150.64636,0.76161194
0.14,0.16041666,327.27856,150.59091,0.7737192
0.14,0.1625,327.427,150.54022,0.7853952
0.14,0.16458334,327.55872,150.49396,0.796632
0.14,0.16666667,327.6748,150.45178,0.80742484
0.14,0.16875,327.77612,150.41333,0.8177726
0.14,0.17083333,327.86353,150.37836,0.827678
0.14,0.17291667,327.938,150.34653,0.8371451
0.14,0.175,328.00024,150.31763,0.84618115
0.14,0.17708333,328.05127,150.29138,0.85479414
0.14,0.17916666,328.09155,150.26758,0.86299425
0.14,0.18125,328.1222,150.24597,0.87079245
0.14,0.18333334,328.14355,150.22687,0.8782002
0.14,0.18541667,328.15613,150.21106,0.8852303
0.14,0.1875,328.16064,150.19977,0.8918961
0.14,0.18958333,328.15784,150.19403,0.89821064
0.14,0.19166666,328.14807,150.195,0.90418726
0.14,0.19375,328.13196,150.20367,0.9098399
0.14,0.19583334,328.1095,150.22101,0.91518223
0.14,0.19791667,328.08093,150.24799,0.92022765
0.14,0.2,328.0464,150.28549,0.92498934
0.14,0.20208333,328.0056,150.33444,0.9294805
0.14,0.20416667,327.95856,150.39566,0.9337142
0.14,0.20625,327.9048,150.46997,0.93770254
0.14,0.20833333,327.8437,150.55817,0.9414578
0.14,0.21041666,327.7751,150.66095,0.94499177
0.14,0.2125,327.698,150.77911,0.94831604
0.14,0.21458334,327.61157,150.91333,0.9514411
0.14,0.21666667,327.51514,151.06418,0.9543779
0.14,0.21875,327.4076,151.23236,0.95713645
0.14,0.22083333,327.28778,151.41837,0.95972663
0.14,0.22291666,327.15466,151.6228,0.9621575
0.14,0.225,327.00684,151.84613,0.9644381
0.14,0.22708334,326.84332,152.0888,0.966577
0.14,0.22916667,326.66248,152.35126,0.9685821
0.14,0.23125,326.46295,152.63385,0.97046113
0.14,0.23333333,326.2437,152.93689,0.9722216
0.14,0.23541667,326.0031,153.26062,0.9738704
0.14,0.2375,325.7401,153.60535,0.975414
0.14,0.23958333,325.45306,153.9711,0.9768588
0.14,0.24166666,325.1411,154.3581,0.97821075
0.14,0.24375,324.80292,154.76639,0.97947544
0.14,0.24583334,324.43768,155.19592,0.9806582
0.14,0.24791667,324.0442,155.6467,0.9817639
0.14,0.25,323.62177,156.11859,0.9827974
0.14,0.25208333,323.16986,156.61148,0.9837633
0.14,0.25416666,322.68787,157.12509,0.98466563
0.14,0.25625,322.17566,157.65918,0.9855084
0.14,0.25833333,321.6328,158.21344,0.98629546
0.14,0.26041666,321.05945,158.78748,0.98703027
0.14,0.2625,320.45593,159.38086,0.98771614
0.14,0.26458332,319.8224,159.99316,0.98835623
0.14,0.26666668,319.15955,160.62387,0.9889535
0.14,0.26875,318.4682,161.27237,0.9895106
0.14,0.27083334,317.74915,161.93811,0.9900302
0.14,0.27291667,317.00336,162.62045,0.9905148
0.14,0.275,316.23236,163.3187,0.99096656
0.14,0.27708334,315.4375,164.03217,0.9913877
0.14,0.27916667,314.62012,164.76007,0.9917803
0.14,0.28125,313.7821,165.50177,0.99214613
0.14,0.28333333,312.92505,166.25638,0.99248695
0.14,0.28541666,312.05078,167.02313,0.99280447
0.14,0.2875,311.16144,167.80118,0.99310017
0.14,0.28958333,310.25885,168.58978,0.9933756
0.14,0.29166666,309.3451,169.38797,0.9936321
0.14,0.29375,308.4225,170.19495,0.9938708
0.14,0.29583332,307.4928,171.00989,0.99409306
0.14,0.29791668,306.5584,171.83191,0.9943
0.14,0.3,305.6214,172.66016,0.99449253
0.14,0.30208334,304.68396,173.49374,0.9946717
0.14,0.30416667,303.7478,174.33191,0.99483836
0.14,0.30625,302.81543,175.17374,0.99499345
0.14,0.30833334,301.88867,176.01843,0.9951377
0.14,0.31041667,300.96936,176.86511,0.99527186
0.14,0.3125,300.0594,177.71307,0.9953966
0.14,0.31458333,299.16052,178.56158,0.9955126
0.14,0.31666666,298.2746,179.4097,0.9956205
0.14,0.31875,297.40314,180.25677,0.99572074
0.14,0.32083333,296.5476,181.10211,0.995814
0.14,0.32291666,295.70947,181.94495,0.99590063
0.14,0.325,294.89,182.7846,0.99598116
0.14,0.32708332,294.09058,183.62048,0.99605596
0.14,0.32916668,293.312,184.4519,0.9961255
0.14,0.33125,292.55566,185.27826,0.9961901
0.14,0.33333334,291.82214,186.099,0.9962501
0.14,0.33541667,291.1125,186.91364,0.9963058
0.14,0.3375,290.42725,187.72144,0.9963576
0.14,0.33958334,289.7671,188.5221,0.9964057
0.14,0.34166667,289.13245,189.31506,0.9964503
0.14,0.34375,288.52374,190.09991,0.9964918
0.14,0.34583333,287.94128,190.87622,0.9965303
0.14,0.34791666,287.3853,191.64362,0.99656606
0.14,0.35,286.85596,192.4017,0.9965993
0.14,0.35208333,286.35327,193.1502,0.99663013
0.14,0.35416666,285.87732,193.88873,0.9966587
0.14,0.35625,285.42786,194.617,0.9966852
0.14,0.35833332,285.00476,195.33478,0.9967099
0.14,0.36041668,284.6079,196.04193,0.9967328
0.14,0.3625,284.23676,196.73807,0.996754
0.14,0.36458334,283.8913,197.42303,0.9967736
0.14,0.36666667,283.57086,198.09683,0.9967919
0.14,0.36875,283.27502,198.7591,0.9968088
0.14,0.37083334,283.0033,199.40982,0.99682456
0.14,0.37291667,282.75537,200.04889,0.9968391
0.14,0.375,282.5304,200.67615,0.9968526
0.14,0.37708333,282.32788,201.29169,0.99686515
0.14,0.37916666,282.1471,201.89532,0.9968768
0.14,0.38125,281.9876,202.48706,0.99688756
0.14,0.38333333,281.8485,203.06693,0.99689764
0.14,0.38541666,281.72913,203.63483,0.9969069
0.14,0.3875,281.62897,204.19089,0.9969155
0.14,0.38958332,281.54706,204.73508,0.99692345
0.14,0.39166668,281.48273,205.26749,0.99693084
0.14,0.39375,281.43542,205.78812,0.9969377
0.14,0.39583334,281.40417,206.29706,0.996944
0.14,0.39791667,281.38837,206.79443,0.99694985
0.14,0.4,281.38727,207.28027,0.99695534
0.14,0.40208334,281.40015,207.7547,0.9969604
0.14,0.40416667,281.42615,208.21783,0.9969651
0.14,0.40625,281.46472,208.6698,0.99696946
0.14,0.40833333,281.51526,209.11072,0.99697345
0.14,0.41041666,281.57672,209.54068,0.99697715
0.14,0.4125,281.6485,209.95984,0.9969806
0.14,0.41458333,281.73022,210.36844,0.9969838
0.14,0.41666666,281.82104,210.76654,0.99698675
0.14,0.41875,281.92017,211.15424,0.99698955
0.14,0.42083332,282.02722,211.5318,0.9969921
0.14,0.42291668,282.14136,211.89941,0.9969945
0.14,0.425,282.26227,212.25711,0.99699664
0.14,0.42708334,282.38916,212.60516,0.99699867
0.14,0.42916667,282.52167,212.94373,0.9970005
0.14,0.43125,282.65912,213.27295,0.9970022
0.14,0.43333334,282.8009,213.59302,0.9970038
0.14,0.43541667,282.94678,213.90414,0.9970053
0.14,0.4375,283.09613,214.20648,0.99700665
0.14,0.43958333,283.2484,214.50018,0.99700797
0.14,0.44166666,283.4035,214.78546,0.9970091
0.14,0.44375,283.56055,215.0625,0.99701023
0.14,0.44583333,283.7196,215.33148,0.9970112
0.14,0.44791666,283.88,215.59253,0.99701214
0.14,0.45,284.04144,215.84586,0.997013
0.14,0.45208332,284.2036,216.09167,0.99701375
0.14,0.45416668,284.3662,216.33014,0.9970145
0.14,0.45625,284.52893,216.56137,0.99701524
0.14,0.45833334,284.69153,216.78558,0.99701583
0.14,0.46041667,284.85364,217.00299,0.99701643
0.14,0.4625,285.01495,217.21371,0.99701697
0.14,0.46458334,285.1754,217.41791,0.9970175
0.14,0.46666667,285.33484,217.61578,0.997018
0.14,0.46875,285.4928,217.80746,0.99701846
0.14,0.47083333,285.6494,217.99316,0.9970188
0.14,0.47291666,285.80414,218.17297,0.99701923
0.14,0.475,285.95715,218.34705,0.9970195
0.14,0.47708333,286.10822,218.51562,0.9970198
0.14,0.47916666,286.25696,218.67877,0.9970201
0.14,0.48125,286.4037,218.8367,0.9970204
0.14,0.48333332,286.54785,218.9895,0.99702066
0.14,0.48541668,286.68976,219.13733,0.9970209
0.14,0.4875,286.8291,219.28036,0.99702114
0.14,0.48958334,286.9657,219.4187,0.9970214
0.14,0.49166667,287.0998,219.55249,0.99702156
0.14,0.49375,287.23108,219.68182,0.9970217
0.14,0.49583334,287.35974,219.80695,0.99702185
0.14,0.49791667,287.48547,219.92786,0.997022
0.14,0.5,287.60846,220.04471,0.99702215
0.14,0.50208336,287.72845,220.15768,0.99702233
0.14,0.50416666,287.84576,220.26685,0.99702245
0.14,0.50625,287.96002,220.37231,0.9970225
0.14,0.5083333,288.0716,220.47421,0.9970226
0.14,0.5104167,288.18018,220.57263,0.9970227
0.14,0.5125,288.28583,220.66772,0.99702275
0.14,0.51458335,288.38867,220.75952,0.99702287
0.14,0.51666665,288.4887,220.8482,0.9970229
0.14,0.51875,288.586,220.9338,0.997023
0.14,0.5208333,288.68054,221.01648,0.99702305
0.14,0.5229167,288.77216,221.09625,0.99702317
0.14,0.525,288.86115,221.17328,0.9970232
0.14,0.52708334,288.94745,221.24759,0.9970233
0.14,0.52916664,289.03107,221.31934,0.9970234
0.14,0.53125,289.11206,221.38855,0.99702346
0.14,0.53333336,289.1905,221.45535,0.99702346
0.14,0.53541666,289.26654,221.51978,0.99702346
0.14,0.5375,289.34003,221.58197,0.99702346
0.14,0.5395833,289.41113,221.6419,0.99702346
0.14,0.5416667,289.47974,221.69974,0.99702346
0.14,0.54375,289.54614,221.7555,0.99702346
0.14,0.54583335,289.61017,221.8093,0.99702346
0.14,0.54791665,289.67212,221.86118,0.99702346
0.14,0.55,289.73187,221.91116,0.99702346
0.14,0.5520833,289.7895,221.95941,0.99702346
0.14,0.5541667,289.84497,222.00586,0.99702346
0.14,0.55625,289.8985,222.05066,0.99702346
0.14,0.55833334,289.9502,222.09384,0.99702346
0.14,0.56041664,289.99994,222.13544,0.99702346
0.14,0.5625,290.0478,222.17554,0.99702346
0.14,0.56458336,290.09375,222.21417,0.99702346
0.14,0.56666666,290.13818,222.25146,0.99702346
0.14,0.56875,290.1809,222.28732,0.99702346
0.14,0.5708333,290.22192,222.3219,0.99702346
0.14,0.5729167,290.26123,222.3552,0.99702346
0.14,0.575,290.29926,222.38727,0.99702346
0.14,0.57708335,290.3357,222.41815,0.99702346
0.14,0.57916665,290.3706,222.44794,0.99702346
0.14,0.58125,290.4043,222.47656,0.99702346
0.14,0.5833333,290.43652,222.50421,0.99702346
0.14,0.5854167,290.46753,222.53076,0.99702346
0.14,0.5875,290.49713,222.55637,0.99702346
0.14,0.58958334,290.52563,222.581,0.99702346
0.14,0.59166664,290.55298,222.60474,0.99702346
0.14,0.59375,290.57928,222.62756,0.99702346
0.14,0.59583336,290.6045,222.6496,0.99702346
0.14,0.59791666,290.62848,222.67075,0.99702346
0.14,0.6,290.6516,222.6911,0.99702346
0.14,0.6020833,290.67377,222.71072,0.99702346
0.14,0.6041667,290.6949,222.72961,0.99702346
0.14,0.60625,290.71533,222.74774,0.99702346
0.14,0.60833335,290.73468,222.76526,0.99702346
0.14,0.61041665,290.75342,222.78207,0.99702346
0.14,0.6125,290.77124,222.79828,0.99702346
0.14,0.6145833,290.78833,222.81384,0.99702346
0.14,0.6166667,290.8047,222.82883,0.99702346
0.14,0.61875,290.8203,222.84323,0.99702346
0.14,0.62083334,290.8352,222.85712,0.99702346
0.14,0.62291664,290.8496,222.87048,0.99702346
0.14,0.625,290.86328,222.8833,0.99702346
0.14,0.62708336,290.87646,222.89563,0.99702346
0.14,0.62916666,290.88892,222.90753,0.99702346
0.14,0.63125,290.90088,222.91895,0.99702346
0.14,0.6333333,290.9124,222.92993,0.99702346
0.14,0.6354167,290.9234,222.94049,0.99702346
0.14,0.6375,290.9339,222.95065,0.99702346
0.14,0.63958335,290.94403,222.96042,0.99702346
0.14,0.64166665,290.9536,222.96985,0.99702346
0.14,0.64375,290.96283,222.97888,0.99702346
0.14,0.6458333,290.97168,222.98755,0.99702346
0.14,0.6479167,290.97998,222.99591,0.99702346
0.14,0.65,290.98804,223.00394,0.99702346
0.14,0.65208334,290.9958,223.01166,0.99702346
0.14,0.65416664,291.0031,223.01907,0.99702346
0.14,0.65625,291.0102,223.02621,0.99702346
0.14,0.65833336,291.01685,223.03308,0.99702346
0.14,0.66041666,291.02338,223.03967,0.99702346
0.14,0.6625,291.02954,223.04599,0.99702346
0.14,0.6645833,291.0354,223.0521,0.99702346
0.14,0.6666667,291.04102,223.05795,0.99702346
0.14,0.66875,291.0464,223.06357,0.99702346
0.14,0.67083335,291.0515,223.06897,0.99702346
0.14,0.67291665,291.05658,223.07416,0.99702346
0.14,0.675,291.06128,223.07916,0.99702346
0.14,0.6770833,291.06586,223.08395,0.99702346
0.14,0.6791667,291.07007,223.08856,0.99702346
0.14,0.68125,291.07422,223.09302,0.99702346
0.14,0.68333334,291.0783,223.09726,0.99702346
0.14,0.68541664,291.08203,223.10138,0.99702346
0.14,0.6875,291.0857,223.10529,0.99702346
0.14,0.68958336,291.08917,223.10907,0.99702346
0.14,0.69166666,291.09253,223.1127,0.99702346
0.14,0.69375,291.0957,223.11618,0.99702346
0.14,0.6958333,291.09888,223.1195,0.99702346
0.14,0.6979167,291.1018,223.12274,0.99702346
0.14,0.7,291.10455,223.12582,0.99702346
0.14,0.70208335,291.10736,223.12878,0.99702346
0.14,0.70416665,291.10986,223.13165,0.99702346
0.14,0.70625,291.1123,223.1344,0.99702346
0.14,0.7083333,291.11475,223.13702,0.99702346
0.14,0.7104167,291.117,223.13953,0.99702346
0.14,0.7125,291.1192,223.14197,0.99702346
0.14,0.71458334,291.12134,223.14429,0.99702346
0.14,0.71666664,291.12335,223.14655,0.99702346
0.14,0.71875,291.12524,223.14868,0.99702346
0.14,0.72083336,291.1272,223.15076,0.99702346
0.14,0.72291666,291.1289,223.15271,0.99702346
0.14,0.725,291.13068,223.1546,0.99702346
0.14,0.7270833,291.13232,223.15646,0.99702346
0.14,0.7291667,291.13397,223.1582,0.99702346
0.14,0.73125,291.1355,223.15991,0.99702346
0.14,0.73333335,291.13696,223.1615,0.99702346
0.14,0.73541665,291.13824,223.16306,0.99702346
0.14,0.7375,291.13965,223.16455,0.99702346
0.14,0.7395833,291.14093,223.16599,0.99702346
0.14,0.7416667,291.14215,223.16736,0.99702346
0.14,0.74375,291.1435,223.1687,0.99702346
0.14,0.74583334,291.14453,223.16992,0.99702346
0.14,0.74791664,291.14575,223.17114,0.99702346
0.14,0.75,291.14673,223.17233,0.99702346
0.14,0.75208336,291.1477,223.17346,0.99702346
0.14,0.75416666,291.14868,223.1745,0.99702346
0.14,0.75625,291.14966,223.17554,0.99702346
0.14,0.7583333,291.15063,223.17654,0.99702346
0.14,0.7604167,291.15143,223.17749,0.99702346
0.14,0.7625,291.15234,223.1784,0.99702346
0.14,0.76458335,291.15314,223.17929,0.99702346
0.14,0.76666665,291.15387,223.18011,0.99702346
0.14,0.76875,291.15472,223.18091,0.99702346
0.14,0.7708333,291.15533,223.1817,0.99702346
0.14,0.7729167,291.15607,223.18243,0.99702346
0.14,0.775,291.15674,223.18317,0.99702346
0.14,0.77708334,291.15747,223.18384,0.99702346
0.14,0.77916664,291.15796,223.18451,0.99702346
0.14,0.78125,291.1587,223.18512,0.99702346
0.14,0.78333336,291.15918,223.18573,0.99702346
0.14,0.78541666,291.15973,223.18631,0.99702346
0.14,0.7875,291.16022,223.18689,0.99702346
0.14,0.7895833,291.1609,223.18741,0.99702346
0.14,0.7916667,291.16132,223.18793,0.99702346
0.14,0.79375,291.1618,223.18842,0.99702346
0.14,0.79583335,291.16217,223.1889,0.99702346
0.14,0.79791665,291.1626,223.18933,0.99702346
0.14,0.8,291.1631,223.18976,0.99702346
0.14,0.8020833,291.16357,223.19019,0.99702346
0.14,0.8041667,291.16382,223.19058,0.99702346
0.14,0.80625,291.1643,223.19098,0.99702346
0.14,0.80833334,291.16455,223.19135,0.99702346
0.14,0.81041664,291.16498,223.19168,0.99702346
0.14,0.8125,291.16528,223.19202,0.99702346
0.14,0.81458336,291.1656,223.19235,0.99702346
0.14,0.81666666,291.16602,223.19269,0.99702346
0.14,0.81875,291.16626,223.19296,0.99702346
0.14,0.8208333,291.1665,223.19324,0.99702346
0.14,0.8229167,291.16675,223.19351,0.99702346
0.14,0.825,291.16705,223.19379,0.99702346
0.14,0.82708335,291.1673,223.19403,0.99702346
0.14,0.82916665,291.16754,223.19427,0.99702346
0.14,0.83125,291.16772,223.19452,0.99702346
0.14,0.8333333,291.16797,223.19476,0.99702346
0.14,0.8354167,291.1682,223.19495,0.99702346
0.14,0.8375,291.16846,223.19516,0.99702346
0.14,0.83958334,291.1687,223.19537,0.99702346
0.14,0.84166664,291.16888,223.19556,0.99702346
0.14,0.84375,291.169,223.19574,0.99702346
0.14,0.84583336,291.1692,223.19592,0.99702346
0.14,0.84791666,291.16943,223.1961,0.99702346
0.14,0.85,291.16962,223.19623,0.99702346
0.14,0.8520833,291.16968,223.19641,0.99702346
0.14,0.8541667,291.16992,223.19653,0.99702346
0.14,0.85625,291.16998,223.19669,0.99702346
0.14,0.85833335,291.17017,223.19684,0.99702346
0.14,0.86041665,291.17035,223.19693,0.99702346
0.14,0.8625,291.1704,223.19708,0.99702346
0.14,0.8645833,291.17065,223.1972,0.99702346
0.14,0.8666667,291.17065,223.1973,0.99702346
0.14,0.86875,291.17084,223.19742,0.99702346
0.14,0.87083334,291.1709,223.19751,0.99702346
0.14,0.87291664,291.17096,223.19763,0.99702346
0.14,0.875,291.17114,223.19772,0.99702346
0.14,0.87708336,291.1712,223.19781,0.99702346
0.14,0.87916666,291.1714,223.1979,0.99702346
0.14,0.88125,291.1714,223.198,0.99702346
0.14,0.8833333,291.17145,223.19806,0.99702346
0.14,0.8854167,291.17163,223.19815,0.99702346
0.14,0.8875,291.17163,223.19824,0.99702346
0.14,0.88958335,291.1717,223.1983,0.99702346
0.14,0.89166665,291.17188,223.19836,0.99702346
0.14,0.89375,291.17188,223.19843,0.99702346
0.14,0.8958333,291.17188,223.19849,0.99702346
0.14,0.8979167,291.17194,223.19855,0.99702346
0.14,0.9,291.17212,223.19861,0.99702346
0.14,0.90208334,291.17212,223.19867,0.99702346
0.14,0.90416664,291.17212,223.19873,0.99702346
0.14,0.90625,291.17218,223.19879,0.99702346
0.14,0.90833336,291.1723,223.19882,0.99702346
0.14,0.91041666,291.17236,223.19885,0.99702346
0.14,0.9125,291.17236,223.19891,0.99702346
0.14,0.9145833,291.17236,223.19897,0.99702346
0.14,0.9166667,291.17236,223.199,0.99702346
0.14,0.91875,291.17242,223.19904,0.99702346
0.14,0.92083335,291.17255,223.1991,0.99702346
0.14,0.92291665,291.1726,223.1991,0.99702346
0.14,0.925,291.1726,223.19916,0.99702346
0.14,0.9270833,291.1726,223.19919,0.99702346
0.14,0.9291667,291.1726,223.19922,0.99702346
0.14,0.93125,291.17267,223.19925,0.99702346
0.14,0.93333334,291.1728,223.19928,0.99702346
0.14,0.93541664,291.1728,223.19931,0.99702346
0.14,0.9375,291.1728,223.19934,0.99702346
0.14,0.93958336,291.17285,223.19937,0.99702346
0.14,0.94166666,291.17285,223.1994,0.99702346
0.14,0.94375,291.17285,223.19943,0.99702346
0.14,0.9458333,291.17285,223.19946,0.99702346
0.14,0.9479167,291.17285,223.19946,0.99702346
0.14,0.95,291.17285,223.19946,0.99702346
0.14,0.95208335,291.1729,223.19952,0.99702346
0.14,0.95416665,291.1729,223.19952,0.99702346
0.14,0.95625,291.1729,223.19952,0.99702346
0.14,0.9583333,291.1729,223.19955,0.99702346
0.14,0.9604167,291.17303,223.19958,0.99702346
0.14,0.9625,291.17303,223.19958,0.99702346
0.14,0.96458334,291.1731,223.19962,0.99702346
0.14,0.96666664,291.1731,223.19962,0.99702346
0.14,0.96875,291.1731,223.19965,0.99702346
0.14,0.97083336,291.1731,223.19965,0.99702346
0.14,0.97291666,291.1731,223.19965,0.99702346
0.14,0.975,291.1731,223.19968,0.99702346
0.14,0.9770833,291.1731,223.1997,0.99702346
0.14,0.9791667,291.1731,223.1997,0.99702346
0.14,0.98125,291.1731,223.1997,0.99702346
0.14,0.98333335,291.1731,223.19974,0.99702346
0.14,0.98541665,291.1731,223.19974,0.99702346
0.14,0.9875,291.17316,223.19977,0.99702346
0.14,0.9895833,291.17316,223.19977,0.99702346
0.14,0.9916667,291.17316,223.19977,0.99702346
0.14,0.99375,291.17316,223.19977,0.99702346
0.14,0.99583334,291.17328,223.1998,0.99702346
0.14,0.99791664,291.17328,223.1998,0.99702346
0.14,1.0,291.17328,223.1998,0.99702346
0.14,1.0020833,291.17328,223.19983,0.99702346
0.14,1.0041667,291.17328,223.19983,0.99702346
0.14,1.00625,291.17328,223.19983,0.99702346
0.14,1.0083333,291.17334,223.19983,0.99702346
0.14,1.0104166,291.17334,223.19983,0.99702346
0.14,1.0125,291.17334,223.19983,0.99702346
0.14,1.0145833,291.17334,223.19983,0.99702346
0.14,1.0166667,291.17334,223.19983,0.99702346
0.14,1.01875,291.17334,223.19983,0.99702346
0.14,1.0208334,291.17334,223.19989,0.99702346
0.14,1.0229167,291.17334,223.19989,0.99702346
0.14,1.025,291.17334,223.19989,0.99702346
0.14,1.0270833,291.17334,223.19989,0.99702346
0.14,1.0291667,291.17334,223.19989,0.99702346
0.14,1.03125,291.17334,223.19989,0.99702346
0.14,1.0333333,291.17334,223.19989,0.99702346
0.14,1.0354167,291.17334,223.19989,0.99702346
0.14,1.0375,291.17334,223.19989,0.99702346
0.14,1.0395833,291.17334,223.19989,0.99702346
0.14,1.0416666,291.17334,223.19989,0.99702346
0.14,1.04375,291.17334,223.19989,0.99702346
0.14,1.0458333,291.17334,223.19989,0.99702346
0.14,1.0479167,291.17334,223.19989,0.99702346
0.14,1.05,291.17334,223.19989,0.99702346
0.14,1.0520834,291.17334,223.19989,0.99702346
0.14,1.0541667,291.17334,223.19989,0.99702346
0.14,1.05625,291.17334,223.19989,0.99702346
0.14,1.0583333,291.17334,223.19989,0.99702346
0.14,1.0604167,291.17334,223.19989,0.99702346
0.14,1.0625,291.17334,223.19989,0.99702346
0.14,1.0645833,291.17334,223.19989,0.99702346
0.14,1.0666667,291.17334,223.19989,0.99702346
0.14,1.06875,291.17334,223.19989,0.99702346
0.14,1.0708333,291.17334,223.19989,0.99702346
0.14,1.0729166,291.17334,223.19989,0.99702346
0.14,1.075,291.17334,223.19989,0.99702346
0.14,1.0770833,291.17334,223.19989,0.99702346
0.14,1.0791667,291.17334,223.19989,0.99702346
0.14,1.08125,291.17334,223.19989,0.99702346
0.14,1.0833334,291.17334,223.19989,0.99702346
0.14,1.0854167,291.17334,223.19989,0.99702346
0.14,1.0875,291.17334,223.19989,0.99702346
0.14,1.0895833,291.17334,223.19989,0.99702346
0.14,1.0916667,291.17334,223.19989,0.99702346
0.14,1.09375,291.17334,223.19989,0.99702346
0.14,1.0958333,291.17334,223.19989,0.99702346
0.14,1.0979167,291.17334,223.19989,0.99702346
0.14,1.1,291.17334,223.19989,0.99702346
0.14,1.1020833,291.17334,223.19989,0.99702346
0.14,1.1041666,291.17334,223.19989,0.99702346
0.14,1.10625,291.17334,223.19989,0.99702346
0.14,1.1083333,291.17334,223.19989,0.99702346
0.14,1.1104167,291.17334,223.19989,0.99702346
0.14,1.1125,291.17334,223.19989,0.99702346
0.14,1.1145834,291.17334,223.19989,0.99702346
0.14,1.1166667,291.17334,223.19989,0.99702346
0.14,1.11875,291.17334,223.19989,0.99702346
0.14,1.1208333,291.17334,223.19989,0.99702346
0.14,1.1229167,291.17334,223.19989,0.99702346
0.14,1.125,291.17334,223.19989,0.99702346
0.14,1.1270833,291.17334,223.19989,0.99702346
0.14,1.1291667,291.17334,223.19989,0.99702346
0.14,1.13125,291.17334,223.19989,0.99702346
0.14,1.1333333,291.17334,223.19989,0.99702346
0.14,1.1354166,291.17334,223.19989,0.99702346
0.14,1.1375,291.17334,223.19989,0.99702346
0.14,1.1395833,291.17334,223.19989,0.99702346
0.14,1.1416667,291.17334,223.19989,0.99702346
0.14,1.14375,291.17334,223.19989,0.99702346
0.14,1.1458334,291.17334,223.19989,0.99702346
0.14,1.1479167,291.17334,223.19989,0.99702346
0.14,1.15,291.17334,223.19989,0.99702346
0.14,1.1520833,291.17334,223.19989,0.99702346
0.14,1.1541667,291.17334,223.19989,0.99702346
0.14,1.15625,291.17334,223.19989,0.99702346
0.14,1.1583333,291.17334,223.19989,0.99702346
0.14,1.1604167,291.17334,223.19989,0.99702346
0.14,1.1625,291.17334,223.19989,0.99702346
0.14,1.1645833,291.17334,223.19989,0.99702346
0.14,1.1666666,291.17334,223.19989,0.99702346
0.14,1.16875,291.17334,223.19989,0.99702346
0.14,1.1708333,291.17334,223.19989,0.99702346
0.14,1.1729167,291.17334,223.19989,0.99702346
0.14,1.175,291.17334,223.19989,0.99702346
0.14,1.1770834,291.17334,223.19989,0.99702346
0.14,1.1791667,291.17334,223.19989,0.99702346
0.14,1.18125,291.17334,223.19989,0.99702346
0.14,1.1833333,291.17334,223.19989,0.99702346
0.14,1.1854167,291.17334,223.19989,0.99702346
0.14,1.1875,291.17334,223.19989,0.99702346
0.14,1.1895833,291.17334,223.19989,0.99702346
0.14,1.1916667,291.17334,223.19989,0.99702346
0.14,1.19375,291.17334,223.19989,0.99702346
0.14,1.1958333,291.17334,223.19989,0.99702346
0.14,1.1979166,291.17334,223.19989,0.99702346
0.14,1.2,291.17334,223.19989,0.99702346
0.14,1.2020833,291.17334,223.19989,0.99702346
0.14,1.2041667,291.17334,223.19989,0.99702346
0.14,1.20625,291.17334,223.19989,0.99702346
0.14,1.2083334,291.17334,223.19989,0.99702346
0.14,1.2104167,291.17334,223.19989,0.99702346
0.14,1.2125,291.17334,223.19989,0.99702346
0.14,1.2145833,291.17334,223.19989,0.99702346
0.14,1.2166667,291.17334,223.19989,0.99702346
0.14,1.21875,291.17334,223.19989,0.99702346
0.14,1.2208333,291.17334,223.19989,0.99702346
0.14,1.2229167,291.17334,223.19989,0.99702346
0.14,1.225,291.17334,223.19989,0.99702346
0.14,1.2270833,291.17334,223.19989,0.99702346
0.14,1.2291666,291.17334,223.19989,0.99702346
0.14,1.23125,291.17334,223.19989,0.99702346
0.14,1.2333333,291.17334,223.19989,0.99702346
0.14,1.2354167,291.17334,223.19989,0.99702346
0.14,1.2375,291.17334,223.19989,0.99702346
0.14,1.2395834,291.17334,223.19989,0.99702346
0.14,1.2416667,291.17334,223.19989,0.99702346
0.14,1.24375,291.17334,223.19989,0.99702346
0.14,1.2458333,291.17334,223.19989,0.99702346
0.14,1.2479167,291.17334,223.19989,0.99702346
0.14,1.25,291.17334,223.19989,0.99702346
0.14,1.2520833,291.17334,223.19989,0.99702346
0.14,1.2541667,291.17334,223.19989,0.99702346
0.14,1.25625,291.17334,223.19989,0.99702346
0.14,1.2583333,291.17334,223.19989,0.99702346
0.14,1.2604166,291.17334,223.19989,0.99702346
0.14,1.2625,291.17334,223.19989,0.99702346
0.14,1.2645833,291.17334,223.19989,0.99702346
0.14,1.2666667,291.17334,223.19989,0.99702346
0.14,1.26875,291.17334,223.19989,0.99702346
0.14,1.2708334,291.17334,223.19989,0.99702346
0.14,1.2729167,291.17334,223.19989,0.99702346
0.14,1.275,291.17334,223.19989,0.99702346
0.14,1.2770833,291.17334,223.19989,0.99702346
0.14,1.2791667,291.17334,223.19989,0.99702346
0.14,1.28125,291.17334,223.19989,0.99702346
0.14,1.2833333,291.17334,223.19989,0.99702346
0.14,1.2854167,291.17334,223.19989,0.99702346
0.14,1.2875,291.17334,223.19989,0.99702346
0.14,1.2895833,291.17334,223.19989,0.99702346
0.14,1.2916666,291.17334,223.19989,0.99702346
0.14,1.29375,291.17334,223.19989,0.99702346
0.14,1.2958333,291.17334,223.19989,0.99702346
0.14,1.2979167,291.17334,223.19989,0.99702346
0.14,1.3,291.17334,223.19989,0.99702346
0.14,1.3020834,291.17334,223.19989,0.99702346
0.14,1.3041667,291.17334,223.19989,0.99702346
0.14,1.30625,291.17334,223.19989,0.99702346
0.14,1.3083333,291.17334,223.19989,0.99702346
0.14,1.3104167,291.17334,223.19989,0.99702346
0.14,1.3125,291.17334,223.19989,0.99702346
0.14,1.3145833,291.17334,223.19989,0.99702346
0.14,1.3166667,291.17334,223.19989,0.99702346
0.14,1.31875,291.17334,223.19989,0.99702346
0.14,1.3208333,291.17334,223.19989,0.99702346
0.14,1.3229166,291.17334,223.19989,0.99702346
0.14,1.325,291.17334,223.19989,0.99702346
0.14,1.3270833,291.17334,223.19989,0.99702346
0.14,1.3291667,291.17334,223.19989,0.99702346
0.14,1.33125,291.17334,223.19989,0.99702346
0.14,1.3333334,291.17334,223.19989,0.99702346
0.14,1.3354167,291.17334,223.19989,0.99702346
0.14,1.3375,291.17334,223.19989,0.99702346
0.14,1.3395833,291.17334,223.19989,0.99702346
0.14,1.3416667,291.17334,223.19989,0.99702346
0.14,1.34375,291.17334,223.19989,0.99702346
0.14,1.3458333,291.17334,223.19989,0.99702346
0.14,1.3479167,291.17334,223.19989,0.99702346
0.14,1.35,291.17334,223.19989,0.99702346
0.14,1.3520833,291.17334,223.19989,0.99702346
0.14,1.3541666,291.17334,223.19989,0.99702346
0.14,1.35625,291.17334,223.19989,0.99702346
0.14,1.3583333,291.17334,223.19989,0.99702346
0.14,1.3604167,291.17334,223.19989,0.99702346
0.14,1.3625,291.17334,223.19989,0.99702346
0.14,1.3645834,291.17334,223.19989,0.99702346
0.14,1.3666667,291.17334,223.19989,0.99702346
0.14,1.36875,291.17334,223.19989,0.99702346
0.14,1.3708333,291.17334,223.19989,0.99702346
0.14,1.3729167,291.17334,223.19989,0.99702346
0.14,1.375,291.17334,223.19989,0.99702346
0.14,1.3770833,291.17334,223.19989,0.99702346
0.14,1.3791667,291.17334,223.19989,0.99702346
0.14,1.38125,291.17334,223.19989,0.99702346
0.14,1.3833333,291.17334,223.19989,0.99702346
0.14,1.3854166,291.17334,223.19989,0.99702346
0.14,1.3875,291.17334,223.19989,0.99702346
0.14,1.3895833,291.17334,223.19989,0.99702346
0.14,1.3916667,291.17334,223.19989,0.99702346
0.14,1.39375,291.17334,223.19989,0.99702346
0.14,1.3958334,291.17334,223.19989,0.99702346
0.14,1.3979167,291.17334,223.19989,0.99702346
0.14,1.4,291.17334,223.19989,0.99702346
0.14,1.4020833,291.17334,223.19989,0.99702346
0.14,1.4041667,291.17334,223.19989,0.99702346
0.14,1.40625,291.17334,223.19989,0.99702346
0.14,1.4083333,291.17334,223.19989,0.99702346
0.14,1.4104167,291.17334,223.19989,0.99702346
0.14,1.4125,291.17334,223.19989,0.99702346
0.14,1.4145833,291.17334,223.19989,0.99702346
0.14,1.4166666,291.17334,223.19989,0.99702346
0.14,1.41875,291.17334,223.19989,0.99702346
0.14,1.4208333,291.17334,223.19989,0.99702346
0.14,1.4229167,291.17334,223.19989,0.99702346
0.14,1.425,291.17334,223.19989,0.99702346
0.14,1.4270834,291.17334,223.19989,0.99702346
0.14,1.4291667,291.17334,223.19989,0.99702346
0.14,1.43125,291.17334,223.19989,0.99702346
0.14,1.4333333,291.17334,223.19989,0.99702346
0.14,1.4354167,291.17334,223.19989,0.99702346
0.14,1.4375,291.17334,223.19989,0.99702346
0.14,1.4395833,291.17334,223.19989,0.99702346
0.14,1.4416667,291.17334,223.19989,0.99702346
0.14,1.44375,291.17334,223.19989,0.99702346
0.14,1.4458333,291.17334,223.19989,0.99702346
0.14,1.4479166,291.17334,223.19989,0.99702346
0.14,1.45,291.17334,223.19989,0.99702346
0.14,1.4520833,291.17334,223.19989,0.99702346
0.14,1.4541667,291.17334,223.19989,0.99702346
0.14,1.45625,291.17334,223.19989,0.99702346
0.14,1.4583334,291.17334,223.19989,0.99702346
0.14,1.4604167,291.17334,223.19989,0.99702346
0.14,1.4625,291.17334,223.19989,0.99702346
0.14,1.4645833,291.17334,223.19989,0.99702346
0.14,1.4666667,291.17334,223.19989,0.99702346
0.14,1.46875,291.17334,223.19989,0.99702346
0.14,1.4708333,291.17334,223.19989,0.99702346
0.14,1.4729167,291.17334,223.19989,0.99702346
0.14,1.475,291.17334,223.19989,0.99702346
0.14,1.4770833,291.17334,223.19989,0.99702346
0.14,1.4791666,291.17334,223.19989,0.99702346
0.14,1.48125,291.17334,223.19989,0.99702346
0.14,1.4833333,291.17334,223.19989,0.99702346
0.14,1.4854167,291.17334,223.19989,0.99702346
0.14,1.4875,291.17334,223.19989,0.99702346
0.14,1.4895834,291.17334,223.19989,0.99702346
0.14,1.4916667,291.17334,223.19989,0.99702346
0.14,1.49375,291.17334,223.19989,0.99702346
0.14,1.4958333,291.17334,223.19989,0.99702346
0.14,1.4979167,291.17334,223.19989,0.99702346
0.14,1.5,291.17334,223.19989,0.99702346
0.14,1.5020833,291.17334,223.19989,0.99702346
0.14,1.5041667,291.17334,223.19989,0.99702346
0.14,1.50625,291.17334,223.19989,0.99702346
0.14,1.5083333,291.17334,223.19989,0.99702346
0.14,1.5104166,291.17334,223.19989,0.99702346
0.14,1.5125,291.17334,223.19989,0.99702346
0.14,1.5145833,291.17334,223.19989,0.99702346
0.14,1.5166667,291.17334,223.19989,0.99702346
0.14,1.51875,291.17334,223.19989,0.99702346
0.14,1.5208334,291.17334,223.19989,0.99702346
0.14,1.5229167,291.17334,223.19989,0.99702346
0.14,1.525,291.17334,223.19989,0.99702346
0.14,1.5270833,291.17334,223.19989,0.99702346
0.14,1.5291667,291.17334,223.19989,0.99702346
0.14,1.53125,291.17334,223.19989,0.99702346
0.14,1.5333333,291.17334,223.19989,0.99702346
0.14,1.5354167,291.17334,223.19989,0.99702346
0.14,1.5375,291.17334,223.19989,0.99702346
0.14,1.5395833,291.17334,223.19989,0.99702346
0.14,1.5416666,291.17334,223.19989,0.99702346
0.14,1.54375,291.17334,223.19989,0.99702346
0.14,1.5458333,291.17334,223.19989,0.99702346
0.14,1.5479167,291.17334,223.19989,0.99702346
0.14,1.55,291.17334,223.19989,0.99702346
0.14,1.5520834,291.17334,223.19989,0.99702346
0.14,1.5541667,291.17334,223.19989,0.99702346
0.14,1.55625,291.17334,223.19989,0.99702346
0.14,1.5583333,291.17334,223.19989,0.99702346
0.14,1.5604167,291.17334,223.19989,0.99702346
0.14,1.5625,291.17334,223.19989,0.99702346
0.14,1.5645833,291.17334,223.19989,0.99702346
0.14,1.5666667,291.17334,223.19989,0.99702346
0.14,1.56875,291.17334,223.19989,0.99702346
0.14,1.5708333,291.17334,223.19989,0.99702346
0.14,1.5729166,291.17334,223.19989,0.99702346
0.14,1.575,291.17334,223.19989,0.99702346
0.14,1.5770833,291.17334,223.19989,0.99702346
0.14,1.5791667,291.17334,223.19989,0.99702346
0.14,1.58125,291.17334,223.19989,0.99702346
0.14,1.5833334,291.17334,223.19989,0.99702346
0.14,1.5854167,291.17334,223.19989,0.99702346
0.14,1.5875,291.17334,223.19989,0.99702346
0.14,1.5895833,291.17334,223.19989,0.99702346
0.14,1.5916667,291.17334,223.19989,0.99702346
0.14,1.59375,291.17334,223.19989,0.99702346
0.14,1.5958333,291.17334,223.19989,0.99702346
0.14,1.5979167,291.17334,223.19989,0.99702346
0.14,1.6,291.17334,223.19989,0.99702346
0.14,1.6020833,291.17334,223.19989,0.99702346
0.14,1.6041666,291.17334,223.19989,0.99702346
0.14,1.60625,291.17334,223.19989,0.99702346
0.14,1.6083333,291.17334,223.19989,0.99702346
0.14,1.6104167,291.17334,223.19989,0.99702346
0.14,1.6125,291.17334,223.19989,0.99702346
0.14,1.6145834,291.17334,223.19989,0.99702346
0.14,1.6166667,291.17334,223.19989,0.99702346
0.14,1.61875,291.17334,223.19989,0.99702346
0.14,1.6208333,291.17334,223.19989,0.99702346
0.14,1.6229167,291.17334,223.19989,0.99702346
0.14,1.625,291.17334,223.19989,0.99702346
0.14,1.6270833,291.17334,223.19989,0.99702346
0.14,1.6291667,291.17334,223.19989,0.99702346
0.14,1.63125,291.17334,223.19989,0.99702346
0.14,1.6333333,291.17334,223.19989,0.99702346
0.14,1.6354166,291.17334,223.19989,0.99702346
0.14,1.6375,291.17334,223.19989,0.99702346
0.14,1.6395833,291.17334,223.19989,0.99702346
0.14,1.6416667,291.17334,223.19989,0.99702346
0.14,1.64375,291.17334,223.19989,0.99702346
0.14,1.6458334,291.17334,223.19989,0.99702346
0.14,1.6479167,291.17334,223.19989,0.99702346
0.14,1.65,291.17334,223.19989,0.99702346
0.14,1.6520833,291.17334,223.19989,0.99702346
0.14,1.6541667,291.17334,223.19989,0.99702346
0.14,1.65625,291.17334,223.19989,0.99702346
0.14,1.6583333,291.17334,223.19989,0.99702346
0.14,1.6604167,291.17334,223.19989,0.99702346
0.14,1.6625,291.17334,223.19989,0.99702346
0.14,1.6645833,291.17334,223.19989,0.99702346
0.14,1.6666666,291.17334,223.19989,0.99702346
0.14,1.66875,291.17334,223.19989,0.99702346
0.14,1.6708333,291.17334,223.19989,0.99702346
0.14,1.6729167,291.17334,223.19989,0.99702346
0.14,1.675,291.17334,223.19989,0.99702346
0.14,1.6770834,291.17334,223.19989,0.99702346
0.14,1.6791667,291.17334,223.19989,0.99702346
0.14,1.68125,291.17334,223.19989,0.99702346
0.14,1.6833333,291.17334,223.19989,0.99702346
0.14,1.6854167,291.17334,223.19989,0.99702346
0.14,1.6875,291.17334,223.19989,0.99702346
0.14,1.6895833,291.17334,223.19989,0.99702346
0.14,1.6916667,291.17334,223.19989,0.99702346
0.14,1.69375,291.17334,223.19989,0.99702346
0.14,1.6958333,291.17334,223.19989,0.99702346
0.14,1.6979166,291.17334,223.19989,0.99702346
0.14,1.7,291.17334,223.19989,0.99702346
0.14,1.7020833,291.17334,223.19989,0.99702346
0.14,1.7041667,291.17334,223.19989,0.99702346
0.14,1.70625,291.17334,223.19989,0.99702346
0.14,1.7083334,291.17334,223.19989,0.99702346
0.14,1.7104167,291.17334,223.19989,0.99702346
0.14,1.7125,291.17334,223.19989,0.99702346
0.14,1.7145833,291.17334,223.19989,0.99702346
0.14,1.7166667,291.17334,223.19989,0.99702346
0.14,1.71875,291.17334,223.19989,0.99702346
0.14,1.7208333,291.17334,223.19989,0.99702346
0.14,1.7229167,291.17334,223.19989,0.99702346
0.14,1.725,291.17334,223.19989,0.99702346
0.14,1.7270833,291.17334,223.19989,0.99702346
0.14,1.7291666,291.17334,223.19989,0.99702346
0.14,1.73125,291.17334,223.19989,0.99702346
0.14,1.7333333,291.17334,223.19989,0.99702346
0.14,1.7354167,291.17334,223.19989,0.99702346
0.14,1.7375,291.17334,223.19989,0.99702346
0.14,1.7395834,291.17334,223.19989,0.99702346
0.14,1.7416667,291.17334,223.19989,0.99702346
0.14,1.74375,291.17334,223.19989,0.99702346
0.14,1.7458333,291.17334,223.19989,0.99702346
0.14,1.7479167,291.17334,223.19989,0.99702346
0.14,1.75,291.17334,223.19989,0.99702346
0.14,1.7520833,291.17334,223.19989,0.99702346
0.14,1.7541667,291.17334,223.19989,0.99702346
0.14,1.75625,291.17334,223.19989,0.99702346
0.14,1.7583333,291.17334,223.19989,0.99702346
0.14,1.7604166,291.17334,223.19989,0.99702346
0.14,1.7625,291.17334,223.19989,0.99702346
0.14,1.7645833,291.17334,223.19989,0.99702346
0.14,1.7666667,291.17334,223.19989,0.99702346
0.14,1.76875,291.17334,223.19989,0.99702346
0.14,1.7708334,291.17334,223.19989,0.99702346
0.14,1.7729167,291.17334,223.19989,0.99702346
0.14,1.775,291.17334,223.19989,0.99702346
0.14,1.7770833,291.17334,223.19989,0.99702346
0.14,1.7791667,291.17334,223.19989,0.99702346
0.14,1.78125,291.17334,223.19989,0.99702346
0.14,1.7833333,291.17334,223.19989,0.99702346
0.14,1.7854167,291.17334,223.19989,0.99702346
0.14,1.7875,291.17334,223.19989,0.99702346
0.14,1.7895833,291.17334,223.19989,0.99702346
0.14,1.7916666,291.17334,223.19989,0.99702346
0.14,1.79375,291.17334,223.19989,0.99702346
0.14,1.7958333,291.17334,223.19989,0.99702346
0.14,1.7979167,291.17334,223.19989,0.99702346
0.14,1.8,291.17334,223.19989,0.99702346
0.14,1.8020834,291.17334,223.19989,0.99702346
0.14,1.8041667,291.17334,223.19989,0.99702346
0.14,1.80625,291.17334,223.19989,0.99702346
0.14,1.8083333,291.17334,223.19989,0.99702346
0.14,1.8104167,291.17334,223.19989,0.99702346
0.14,1.8125,291.17334,223.19989,0.99702346
0.14,1.8145833,291.17334,223.19989,0.99702346
0.14,1.8166667,291.17334,223.19989,0.99702346
0.14,1.81875,291.17334,223.19989,0.99702346
0.14,1.8208333,291.17334,223.19989,0.99702346
0.14,1.8229166,291.17334,223.19989,0.99702346
0.14,1.825,291.17334,223.19989,0.99702346
0.14,1.8270833,291.17334,223.19989,0.99702346
0.14,1.8291667,291.17334,223.19989,0.99702346
0.14,1.83125,291.17334,223.19989,0.99702346
0.14,1.8333334,291.17334,223.19989,0.99702346
0.14,1.8354167,291.17334,223.19989,0.99702346
0.14,1.8375,291.17334,223.19989,0.99702346
0.14,1.8395833,291.17334,223.19989,0.99702346
0.14,1.8416667,291.17334,223.19989,0.99702346
0.14,1.84375,291.17334,223.19989,0.99702346
0.14,1.8458333,291.17334,223.19989,0.99702346
0.14,1.8479167,291.17334,223.19989,0.99702346
0.14,1.85,291.17334,223.19989,0.99702346
0.14,1.8520833,291.17334,223.19989,0.99702346
0.14,1.8541666,291.17334,223.19989,0.99702346
0.14,1.85625,291.17334,223.19989,0.99702346
0.14,1.8583333,291.17334,223.19989,0.99702346
0.14,1.8604167,291.17334,223.19989,0.99702346
0.14,1.8625,291.17334,223.19989,0.99702346
0.14,1.8645834,291.17334,223.19989,0.99702346
0.14,1.8666667,291.17334,223.19989,0.99702346
0.14,1.86875,291.17334,223.19989,0.99702346
0.14,1.8708333,291.17334,223.19989,0.99702346
0.14,1.8729167,291.17334,223.19989,0.99702346
0.14,1.875,291.17334,223.19989,0.99702346
0.14,1.8770833,291.17334,223.19989,0.99702346
0.14,1.8791667,291.17334,223.19989,0.99702346
0.14,1.88125,291.17334,223.19989,0.99702346
0.14,1.8833333,291.17334,223.19989,0.99702346
0.14,1.8854166,291.17334,223.19989,0.99702346
0.14,1.8875,291.17334,223.19989,0.99702346
0.14,1.8895833,291.17334,223.19989,0.99702346
0.14,1.8916667,291.17334,223.19989,0.99702346
0.14,1.89375,291.17334,223.19989,0.99702346
0.14,1.8958334,291.17334,223.19989,0.99702346
0.14,1.8979167,291.17334,223.19989,0.99702346
0.14,1.9,291.17334,223.19989,0.99702346
0.14,1.9020833,291.17334,223.19989,0.99702346
0.14,1.9041667,291.17334,223.19989,0.99702346
0.14,1.90625,291.17334,223.19989,0.99702346
0.14,1.9083333,291.17334,223.19989,0.99702346
0.14,1.9104167,291.17334,223.19989,0.99702346
0.14,1.9125,291.17334,223.19989,0.99702346
0.14,1.9145833,291.17334,223.19989,0.99702346
0.14,1.9166666,291.17334,223.19989,0.99702346
0.14,1.91875,291.17334,223.19989,0.99702346
0.14,1.9208333,291.17334,223.19989,0.99702346
0.14,1.9229167,291.17334,223.19989,0.99702346
0.14,1.925,291.17334,223.19989,0.99702346
0.14,1.9270834,291.17334,223.19989,0.99702346
0.14,1.9291667,291.17334,223.19989,0.99702346
0.14,1.93125,291.17334,223.19989,0.99702346
0.14,1.9333333,291.17334,223.19989,0.99702346
0.14,1.9354167,291.17334,223.19989,0.99702346
0.14,1.9375,291.17334,223.19989,0.99702346
0.14,1.9395833,291.17334,223.19989,0.99702346
0.14,1.9416667,291.17334,223.19989,0.99702346
0.14,1.94375,291.17334,223.19989,0.99702346
0.14,1.9458333,291.17334,223.19989,0.99702346
0.14,1.9479166,291.17334,223.19989,0.99702346
0.14,1.95,291.17334,223.19989,0.99702346
0.14,1.9520833,291.17334,223.19989,0.99702346
0.14,1.9541667,291.17334,223.19989,0.99702346
0.14,1.95625,291.17334,223.19989,0.99702346
0.14,1.9583334,291.17334,223.19989,0.99702346
0.14,1.9604167,291.17334,223.19989,0.99702346
0.14,1.9625,291.17334,223.19989,0.99702346
0.14,1.9645833,291.17334,223.19989,0.99702346
0.14,1.9666667,291.17334,223.19989,0.99702346
0.14,1.96875,291.17334,223.19989,0.99702346
0.14,1.9708333,291.17334,223.19989,0.99702346
0.14,1.9729167,291.17334,223.19989,0.99702346
0.14,1.975,291.17334,223.19989,0.99702346
0.14,1.9770833,291.17334,223.19989,0.99702346
0.14,1.9791666,291.17334,223.19989,0.99702346
0.14,1.98125,291.17334,223.19989,0.99702346
0.14,1.9833333,291.17334,223.19989,0.99702346
0.14,1.9854167,291.17334,223.19989,0.99702346
0.14,1.9875,291.17334,223.19989,0.99702346
0.14,1.9895834,291.17334,223.19989,0.99702346
0.14,1.9916667,291.17334,223.19989,0.99702346
0.14,1.99375,291.17334,223.19989,0.99702346
0.14,1.9958333,291.17334,223.19989,0.99702346
0.14,1.9979167,291.17334,223.19989,0.99702346
0.14,2.0,291.17334,223.19989,0.99702346
0.2,0.0020833334,291.17114,223.19763,0.0
0.2,0.004166667,291.17126,223.19775,3.421668E-5
0.2,0.00625,291.16797,223.1903,1.6378153E-4
0.2,0.008333334,291.15112,223.15125,4.3980763E-4
0.2,0.010416667,291.10638,223.04364,9.0466125E-4
0.2,0.0125,291.0197,222.82794,0.0015929444
0.2,0.014583333,290.88074,222.46875,0.0025325736
0.2,0.016666668,290.6842,221.93896,0.0037455126
0.2,0.01875,290.4303,221.22147,0.005248696
0.2,0.020833334,290.1245,220.3092,0.007054493
0.2,0.022916667,289.7766,219.2042,0.0091715725
0.2,0.025,289.39978,217.91608,0.011605079
0.2,0.027083334,289.00946,216.46014,0.014357634
0.2,0.029166667,288.622,214.85577,0.017429082
0.2,0.03125,288.25378,213.1247,0.020817593
0.2,0.033333335,287.92056,211.28973,0.024519352
0.2,0.035416666,287.63672,209.37396,0.02852908
0.2,0.0375,287.4147,207.39929,0.03284067
0.2,0.039583333,287.2652,205.38672,0.03744657
0.2,0.041666668,287.19647,203.35498,0.042339016
0.2,0.04375,287.21472,201.32135,0.047509048
0.2,0.045833334,287.3241,199.30063,0.0529479
0.2,0.047916666,287.52667,197.30582,0.058645807
0.2,0.05,287.82306,195.34772,0.06459348
0.2,0.052083332,288.2119,193.43542,0.07078082
0.2,0.054166667,288.69086,191.57617,0.077198416
0.2,0.05625,289.2563,189.77576,0.08383612
0.2,0.058333334,289.90363,188.03839,0.09068466
0.2,0.060416665,290.62753,186.36731,0.097734146
0.2,0.0625,291.4223,184.7644,0.10497557
0.2,0.06458333,292.28183,183.2309,0.11239965
0.2,0.06666667,293.1994,181.76715,0.11999723
0.2,0.06875,294.16876,180.3728,0.12776013
0.2,0.07083333,295.18304,179.04706,0.1356795
0.2,0.072916664,296.2359,177.7886,0.14374767
0.2,0.075,297.3208,176.59586,0.15195644
0.2,0.077083334,298.4317,175.46689,0.16029876
0.2,0.079166666,299.56244,174.39963,0.16876695
0.2,0.08125,300.70764,173.39178,0.17735456
0.2,0.083333336,301.8617,172.44107,0.1860545
0.2,0.08541667,303.01965,171.54498,0.19486098
0.2,0.0875,304.17694,170.70117,0.2037675
0.2,0.08958333,305.3291,169.9071,0.2127688
0.2,0.09166667,306.47217,169.16037,0.22185886
0.2,0.09375,307.60254,168.45856,0.23103309
0.2,0.09583333,308.71692,167.79938,0.24028625
0.2,0.09791667,309.81238,167.18051,0.24961336
0.2,0.1,310.88623,166.59973,0.2590106
0.2,0.10208333,311.93604,166.05496,0.26847324
0.2,0.104166664,312.95996,165.5441,0.27799773
0.2,0.10625,313.95618,165.06525,0.28757986
0.2,0.108333334,314.92316,164.61646,0.2972166
0.2,0.110416666,315.85974,164.19598,0.30690402
0.2,0.1125,316.76477,163.80212,0.3166395
0.2,0.114583336,317.63757,163.43329,0.32641956
0.2,0.11666667,318.47766,163.08789,0.3362419
0.2,0.11875,319.28436,162.7645,0.34610337
0.2,0.12083333,320.05774,162.46176,0.35600197
0.2,0.12291667,320.79752,162.1784,0.36593482
0.2,0.125,321.5039,161.91315,0.37590027
0.2,0.12708333,322.17712,161.66492,0.38589594
0.2,0.12916666,322.81744,161.43259,0.39591962
0.2,0.13125,323.42514,161.21515,0.40596977
0.2,0.13333334,324.00098,161.01166,0.41604492
0.2,0.13541667,324.54553,160.82123,0.42614323
0.2,0.1375,325.05933,160.643,0.43626282
0.2,0.13958333,325.5432,160.4762,0.44640288
0.2,0.14166667,325.99805,160.32007,0.45656154
0.2,0.14375,326.4245,160.17389,0.4667381
0.2,0.14583333,326.82355,160.03711,0.47693083
0.2,0.14791666,327.19614,159.90906,0.48713923
0.2,0.15,327.5431,159.78918,0.49736193
0.2,0.15208334,327.86548,159.67694,0.5075976
0.2,0.15416667,328.16418,159.57184,0.51784587
0.2,0.15625,328.4402,159.47339,0.528106
0.2,0.15833333,328.69458,159.38123,0.538377
0.2,0.16041666,328.928,159.29489,0.54865783
0.2,0.1625,329.1418,159.21402,0.5589481
0.2,0.16458334,329.33667,159.13824,0.5692475
0.2,0.16666667,329.5137,159.06726,0.57955503
0.2,0.16875,329.67374,159.00073,0.58986986
0.2,0.17083333,329.81775,158.93842,0.6001921
0.2,0.17291667,329.94653,158.87997,0.6105207
0.2,0.175,330.061,158.8252,0.62085575
0.2,0.17708333,330.162,158.77386,0.6311963
0.2,0.17916666,330.25037,158.72571,0.64154243
0.2,0.18125,330.3269,158.68054,0.6518936
0.2,0.18333334,330.39224,158.63821,0.6622491
0.2,0.18541667,330.4474,158.59851,0.6726089
0.2,0.1875,330.4928,158.56122,0.68297297
0.2,0.18958333,330.5293,158.52628,0.6933409
0.2,0.19166666,330.5575,158.49347,0.7037119
0.2,0.19375,330.57812,158.4627,0.71408623
0.2,0.19583334,330.59155,158.43384,0.7244637
0.2,0.19791667,330.59863,158.40668,0.734844
0.2,0.2,330.59973,158.38123,0.7452266
0.2,0.20208333,330.59534,158.35733,0.7556117
0.2,0.20416667,330.58618,158.33493,0.7659654
0.2,0.20625,330.57263,158.31403,0.7762252
0.2,0.20833333,330.55518,158.29453,0.7863406
0.2,0.21041666,330.5343,158.27643,0.7962689
0.2,0.2125,330.51038,158.25967,0.80597603
0.2,0.21458334,330.48376,158.2442,0.8154328
0.2,0.21666667,330.45483,158.22992,0.8246176
0.2,0.21875,330.42383,158.21674,0.8335137
0.2,0.22083333,330.3911,158.20465,0.8421087
0.2,0.22291666,330.35706,158.19357,0.8503933
0.2,0.225,330.32166,158.18341,0.85836244
0.2,0.22708334,330.28528,158.1741,0.8660141
0.2,0.22916667,330.24817,158.16559,0.8733473
0.2,0.23125,330.21045,158.15784,0.8803643
0.2,0.23333333,330.17236,158.15076,0.8870689
0.2,0.23541667,330.13403,158.14432,0.89346653
0.2,0.2375,330.09558,158.13846,0.8995627
0.2,0.23958333,330.05713,158.13312,0.90536517
0.2,0.24166666,330.0188,158.1283,0.91088176
0.2,0.24375,329.98035,158.12488,0.9161215
0.2,0.24583334,329.94043,158.12482,0.9210928
0.2,0.24791667,329.89807,158.12994,0.9258054
0.2,0.25,329.85223,158.14203,0.9302688
0.2,0.25208333,329.80164,158.16272,0.934493
0.2,0.25416666,329.74493,158.19351,0.9384873
0.2,0.25625,329.68073,158.23584,0.9422616
0.2,0.25833333,329.60736,158.29108,0.9458258
0.2,0.26041666,329.52368,158.36041,0.949189
0.2,0.2625,329.42798,158.44495,0.9523607
0.2,0.26458332,329.31854,158.54587,0.95535
0.2,0.26666668,329.19373,158.664,0.958166
0.2,0.26875,329.05194,158.80032,0.96081704
0.2,0.27083334,328.8916,158.9555,0.96331155
0.2,0.27291667,328.71082,159.13037,0.9656578
0.2,0.275,328.5083,159.32544,0.9678633
0.2,0.27708334,328.2823,159.54126,0.96993566
0.2,0.27916667,328.03125,159.77832,0.97188205
0.2,0.28125,327.75372,160.03693,0.9737094
0.2,0.28333333,327.44873,160.31738,0.9754244
0.2,0.28541666,327.11462,160.61993,0.97703314
0.2,0.2875,326.7506,160.94464,0.97854173
0.2,0.28958333,326.3557,161.29166,0.979956
0.2,0.29166666,325.92914,161.66086,0.98128116
0.2,0.29375,325.47015,162.05219,0.9825226
0.2,0.29583332,324.97864,162.46552,0.9836852
0.2,0.29791668,324.45398,162.9006,0.98477364
0.2,0.3,323.89655,163.35715,0.9857923
0.2,0.30208334,323.30615,163.83478,0.98674536
0.2,0.30416667,322.68323,164.33313,0.9876369
0.2,0.30625,322.02838,164.85168,0.9884706
0.2,0.30833334,321.34222,165.38995,0.98925
0.2,0.31041667,320.6258,165.94739,0.9899785
0.2,0.3125,319.88025,166.52332,0.99065924
0.2,0.31458333,319.10657,167.11719,0.99129516
0.2,0.31666666,318.30634,167.72818,0.9918891
0.2,0.31875,317.48108,168.35565,0.99244374
0.2,0.32083333,316.6324,168.99884,0.9929615
0.2,0.32291666,315.76233,169.65692,0.9934448
0.2,0.325,314.87268,170.32916,0.99389577
0.2,0.32708332,313.96545,171.01465,0.9943166
0.2,0.32916668,313.04266,171.71265,0.99470913
0.2,0.33125,312.10657,172.42218,0.99507517
0.2,0.33333334,311.1593,173.14246,0.9954166
0.2,0.33541667,310.203,173.87262,0.9957349
0.2,0.3375,309.23993,174.6117,0.9960316
0.2,0.33958334,308.27234,175.35892,0.9963081
0.2,0.34166667,307.3025,176.11334,0.9965657
0.2,0.34375,306.33258,176.87415,0.9968057
0.2,0.34583333,305.36438,177.64047,0.99702936
0.2,0.34791666,304.40045,178.41144,0.9972377
0.2,0.35,303.44275,179.18619,0.9974317
0.2,0.35208333,302.49298,179.96399,0.9976123
0.2,0.35416666,301.55316,180.74393,0.99778044
0.2,0.35625,300.62524,181.52524,0.99793696
0.2,0.35833332,299.71088,182.30719,0.99808264
0.2,0.36041668,298.8114,183.08902,0.9982182
0.2,0.3625,297.9287,183.87,0.99834436
0.2,0.36458334,297.0641,184.64935,0.9984617
0.2,0.36666667,296.2188,185.42651,0.9985709
0.2,0.36875,295.3941,186.20074,0.9986725
0.2,0.37083334,294.59106,186.97137,0.99876696
0.2,0.37291667,293.8108,187.73792,0.9988548
0.2,0.375,293.05414,188.49976,0.99893653
0.2,0.37708333,292.32166,189.25629,0.9990124
0.2,0.37916666,291.61438,190.00702,0.999083
0.2,0.38125,290.93262,190.75146,0.9991486
0.2,0.38333333,290.2768,191.48914,0.9992095
0.2,0.38541666,289.6477,192.2196,0.9992662
0.2,0.3875,289.04523,192.94238,0.99931884
0.2,0.38958332,288.46967,193.6572,0.9993678
0.2,0.39166668,287.92114,194.36362,0.99941325
0.2,0.39375,287.39972,195.06131,0.99945545
0.2,0.39583334,286.9054,195.74994,0.9994947
0.2,0.39791667,286.438,196.42932,0.99953115
0.2,0.4,285.99744,197.09906,0.99956495
0.2,0.40208334,285.58313,197.75897,0.9995964
0.2,0.40416667,285.19507,198.40881,0.9996256
0.2,0.40625,284.83295,199.04846,0.99965274
0.2,0.40833333,284.49597,199.6778,0.99967796
0.2,0.41041666,284.18408,200.29651,0.9997013
0.2,0.4125,283.89655,200.90451,0.99972296
0.2,0.41458333,283.6328,201.5018,0.99974304
0.2,0.41666666,283.39233,202.0882,0.9997617
0.2,0.41875,283.17444,202.6636,0.99977905
0.2,0.42083332,282.9787,203.22803,0.99979514
0.2,0.42291668,282.8042,203.7815,0.9998101
0.2,0.425,282.65033,204.32385,0.999824
0.2,0.42708334,282.5163,204.85516,0.99983686
0.2,0.42916667,282.4016,205.37543,0.9998488
0.2,0.43125,282.30548,205.88464,0.9998598
0.2,0.43333334,282.227,206.38287,0.99987006
0.2,0.43541667,282.1656,206.87021,0.99987954
0.2,0.4375,282.12048,207.34662,0.99988836
0.2,0.43958333,282.09076,207.81226,0.9998965
0.2,0.44166666,282.07605,208.26715,0.99990404
0.2,0.44375,282.07526,208.71143,0.99991107
0.2,0.44583333,282.08795,209.14514,0.9999176
0.2,0.44791666,282.1131,209.56842,0.9999237
0.2,0.45,282.15027,209.98138,0.9999293
0.2,0.45208332,282.19873,210.38416,0.9999345
0.2,0.45416668,282.2577,210.77686,0.9999393
0.2,0.45625,282.32635,211.15964,0.9999438
0.2,0.45833334,282.40442,211.5326,0.99994797
0.2,0.46041667,282.4909,211.89594,0.99995184
0.2,0.4625,282.5854,212.24976,0.99995536
0.2,0.46458334,282.68726,212.59424,0.9999587
0.2,0.46666667,282.7959,212.92947,0.9999618
0.2,0.46875,282.91077,213.2557,0.99996465
0.2,0.47083333,283.03113,213.57306,0.9999673
0.2,0.47291666,283.15668,213.88171,0.9999697
0.2,0.475,283.28687,214.18176,0.9999719
0.2,0.47708333,283.42102,214.47345,0.999974
0.2,0.47916666,283.55902,214.7569,0.999976
0.2,0.48125,283.70007,215.03229,0.9999777
0.2,0.48333332,283.84387,215.2998,0.99997944
0.2,0.48541668,283.99005,215.55963,0.999981
0.2,0.4875,284.13812,215.81183,0.99998236
0.2,0.48958334,284.28784,216.0567,0.99998367
0.2,0.49166667,284.43872,216.29431,0.9999849
0.2,0.49375,284.5905,216.52487,0.99998605
0.2,0.49583334,284.74298,216.74854,0.9999871
0.2,0.49791667,284.8955,216.96545,0.99998814
0.2,0.5,285.04816,217.17581,0.99998903
0.2,0.50208336,285.20056,217.37976,0.9999899
0.2,0.50416666,285.35242,217.57745,0.9999907
0.2,0.50625,285.50348,217.76907,0.99999136
0.2,0.5083333,285.6537,217.95471,0.9999921
0.2,0.5104167,285.8026,218.13458,0.99999267
0.2,0.5125,285.9502,218.30884,0.9999932
0.2,0.51458335,286.0963,218.47754,0.99999374
0.2,0.51666665,286.24084,218.64093,0.9999942
0.2,0.51875,286.38342,218.79913,0.9999947
0.2,0.5208333,286.5241,218.95227,0.99999505
0.2,0.5229167,286.66272,219.1005,0.99999547
0.2,0.525,286.79907,219.24393,0.9999958
0.2,0.52708334,286.9333,219.38269,0.9999961
0.2,0.52916664,287.065,219.51697,0.9999965
0.2,0.53125,287.1944,219.64685,0.9999968
0.2,0.53333336,287.32123,219.77243,0.999997
0.2,0.53541666,287.44556,219.89389,0.9999972
0.2,0.5375,287.56744,220.01135,0.99999744
0.2,0.5395833,287.68646,220.12488,0.9999977
0.2,0.5416667,287.8028,220.23462,0.99999785
0.2,0.54375,287.91656,220.34067,0.999998
0.2,0.54583335,288.0276,220.44318,0.99999815
0.2,0.54791665,288.136,220.5422,0.99999833
0.2,0.55,288.24164,220.63791,0.99999845
0.2,0.5520833,288.34448,220.73035,0.9999986
0.2,0.5541667,288.44464,220.81964,0.9999987
0.2,0.55625,288.54205,220.90588,0.99999875
0.2,0.55833334,288.63684,220.98917,0.99999887
0.2,0.56041664,288.729,221.06958,0.9999989
0.2,0.5625,288.81848,221.14722,0.999999
0.2,0.56458336,288.90527,221.22217,0.99999905
0.2,0.56666666,288.98962,221.29453,0.99999917
0.2,0.56875,289.07135,221.36435,0.9999992
0.2,0.5708333,289.15057,221.43176,0.9999993
0.2,0.5729167,289.2273,221.4968,0.9999994
0.2,0.575,289.30164,221.55954,0.99999946
0.2,0.57708335,289.37354,221.62009,0.9999995
0.2,0.57916665,289.44324,221.6785,0.99999964
0.2,0.58125,289.5105,221.73486,0.9999997
0.2,0.5833333,289.5755,221.78918,0.9999997
0.2,0.5854167,289.63843,221.84161,0.9999997
0.2,0.5875,289.69897,221.89215,0.9999997
0.2,0.58958334,289.75757,221.94089,0.9999997
0.2,0.59166664,289.81415,221.98785,0.9999997
0.2,0.59375,289.86865,222.0332,0.9999997
0.2,0.59583336,289.9212,222.0769,0.9999997
0.2,0.59791666,289.97192,222.11899,0.9999997
0.2,0.6,290.02075,222.15958,0.9999997
0.2,0.6020833,290.06763,222.19867,0.9999997
0.2,0.6041667,290.11298,222.23639,0.9999997
0.2,0.60625,290.1565,222.2727,0.9999997
0.2,0.60833335,290.1985,222.30774,0.9999997
0.2,0.61041665,290.23877,222.34146,0.9999997
0.2,0.6125,290.2776,222.37396,0.9999997
0.2,0.6145833,290.31476,222.40527,0.9999997
0.2,0.6166667,290.3506,222.43542,0.9999997
0.2,0.61875,290.385,222.46448,0.9999997
0.2,0.62083334,290.41797,222.49246,0.9999997
0.2,0.62291664,290.4497,222.51941,0.9999997
0.2,0.625,290.48022,222.54535,0.9999997
0.2,0.62708336,290.50934,222.57034,0.9999997
0.2,0.62916666,290.5374,222.59442,0.9999997
0.2,0.63125,290.5644,222.61758,0.9999997
0.2,0.6333333,290.5901,222.6399,0.9999997
0.2,0.6354167,290.6148,222.66138,0.9999997
0.2,0.6375,290.6386,222.68207,0.9999997
0.2,0.63958335,290.66132,222.70197,0.9999997
0.2,0.64166665,290.6831,222.72113,0.9999997
0.2,0.64375,290.70386,222.73956,0.9999997
0.2,0.6458333,290.72388,222.75732,0.9999997
0.2,0.6479167,290.74298,222.77441,0.9999997
0.2,0.65,290.7613,222.79086,0.9999997
0.2,0.65208334,290.7788,222.8067,0.9999997
0.2,0.65416664,290.79565,222.8219,0.9999997
0.2,0.65625,290.81177,222.83655,0.9999997
0.2,0.65833336,290.82715,222.85065,0.9999997
0.2,0.66041666,290.8418,222.8642,0.9999997
0.2,0.6625,290.85596,222.87726,0.9999997
0.2,0.6645833,290.8694,222.88983,0.9999997
0.2,0.6666667,290.88232,222.90192,0.9999997
0.2,0.66875,290.8946,222.91351,0.9999997
0.2,0.67083335,290.9065,222.92468,0.9999997
0.2,0.67291665,290.91772,222.93546,0.9999997
0.2,0.675,290.92847,222.9458,0.9999997
0.2,0.6770833,290.9389,222.95575,0.9999997
0.2,0.6791667,290.94873,222.96527,0.9999997
0.2,0.68125,290.95807,222.97449,0.9999997
0.2,0.68333334,290.96722,222.98334,0.9999997
0.2,0.68541664,290.97583,222.99182,0.9999997
0.2,0.6875,290.98407,223.0,0.9999997
0.2,0.68958336,290.99194,223.00787,0.9999997
0.2,0.69166666,290.9995,223.01538,0.9999997
0.2,0.69375,291.00677,223.0227,0.9999997
0.2,0.6958333,291.01367,223.02966,0.9999997
0.2,0.6979167,291.02026,223.03638,0.9999997
0.2,0.7,291.02655,223.04285,0.9999997
0.2,0.70208335,291.03253,223.04901,0.9999997
0.2,0.70416665,291.03833,223.055,0.9999997
0.2,0.70625,291.04395,223.06073,0.9999997
0.2,0.7083333,291.04907,223.06622,0.9999997
0.2,0.7104167,291.0542,223.07153,0.9999997
0.2,0.7125,291.05908,223.07663,0.9999997
0.2,0.71458334,291.06372,223.08154,0.9999997
0.2,0.71666664,291.0681,223.08624,0.9999997
0.2,0.71875,291.07233,223.09076,0.9999997
0.2,0.72083336,291.07642,223.0951,0.9999997
0.2,0.72291666,291.08032,223.09924,0.9999997
0.2,0.725,291.08398,223.10327,0.9999997
0.2,0.7270833,291.08765,223.10712,0.9999997
0.2,0.7291667,291.09106,223.11081,0.9999997
0.2,0.73125,291.09424,223.11438,0.9999997
0.2,0.73333335,291.0974,223.1178,0.9999997
0.2,0.73541665,291.1004,223.12106,0.9999997
0.2,0.7375,291.10327,223.1242,0.9999997
0.2,0.7395833,291.10602,223.12726,0.9999997
0.2,0.7416667,291.10864,223.13013,0.9999997
0.2,0.74375,291.11133,223.13293,0.9999997
0.2,0.74583334,291.1137,223.13562,0.9999997
0.2,0.74791664,291.11597,223.13818,0.9999997
0.2,0.75,291.11823,223.14069,0.9999997
0.2,0.75208336,291.12036,223.14307,0.9999997
0.2,0.75416666,291.12256,223.14532,0.9999997
0.2,0.75625,291.1245,223.14752,0.9999997
0.2,0.7583333,291.1264,223.14966,0.9999997
0.2,0.7604167,291.12817,223.15164,0.9999997
0.2,0.7625,291.12988,223.1536,0.9999997
0.2,0.76458335,291.1316,223.15546,0.9999997
0.2,0.76666665,291.13324,223.15726,0.9999997
0.2,0.76875,291.13477,223.159,0.9999997
0.2,0.7708333,291.13623,223.16064,0.9999997
0.2,0.7729167,291.1377,223.16223,0.9999997
0.2,0.775,291.1391,223.16376,0.9999997
0.2,0.77708334,291.14038,223.16522,0.9999997
0.2,0.77916664,291.1416,223.16663,0.9999997
0.2,0.78125,291.14282,223.16797,0.9999997
0.2,0.78333336,291.14404,223.16925,0.9999997
0.2,0.78541666,291.14508,223.1705,0.9999997
0.2,0.7875,291.14624,223.17169,0.9999997
0.2,0.7895833,291.14722,223.17285,0.9999997
0.2,0.7916667,291.14825,223.17395,0.9999997
0.2,0.79375,291.14917,223.17499,0.9999997
0.2,0.79583335,291.15015,223.176,0.9999997
0.2,0.79791665,291.15112,223.17697,0.9999997
0.2,0.8,291.15186,223.17789,0.9999997
0.2,0.8020833,291.15277,223.1788,0.9999997
0.2,0.8041667,291.15356,223.17966,0.9999997
0.2,0.80625,291.1543,223.18048,0.9999997
0.2,0.80833334,291.15503,223.18127,0.9999997
0.2,0.81041664,291.15576,223.182,0.9999997
0.2,0.8125,291.15643,223.18274,0.9999997
0.2,0.81458336,291.15704,223.18347,0.9999997
0.2,0.81666666,291.1577,223.18414,0.9999997
0.2,0.81875,291.15826,223.18475,0.9999997
0.2,0.8208333,291.15894,223.18542,0.9999997
0.2,0.8229167,291.15942,223.18597,0.9999997
0.2,0.825,291.15997,223.18658,0.9999997
0.2,0.82708335,291.16058,223.1871,0.9999997
0.2,0.82916665,291.16107,223.18762,0.9999997
0.2,0.83125,291.16156,223.18811,0.9999997
0.2,0.8333333,291.16205,223.18863,0.9999997
0.2,0.8354167,291.1624,223.18909,0.9999997
0.2,0.8375,291.16284,223.18954,0.9999997
0.2,0.83958334,291.16333,223.18994,0.9999997
0.2,0.84166664,291.16364,223.19037,0.9999997
0.2,0.84375,291.16406,223.19073,0.9999997
0.2,0.84583336,291.1645,223.19116,0.9999997
0.2,0.84791666,291.1648,223.19153,0.9999997
0.2,0.85,291.1651,223.19186,0.9999997
0.2,0.8520833,291.16547,223.1922,0.9999997
0.2,0.8541667,291.16577,223.1925,0.9999997
0.2,0.85625,291.16602,223.19281,0.9999997
0.2,0.85833335,291.16632,223.19308,0.9999997
0.2,0.86041665,291.1667,223.19336,0.9999997
0.2,0.8625,291.167,223.19366,0.9999997
0.2,0.8645833,291.16724,223.19391,0.9999997
0.2,0.8666667,291.16748,223.19415,0.9999997
0.2,0.86875,291.16772,223.1944,0.9999997
0.2,0.87083334,291.1679,223.19461,0.9999997
0.2,0.87291664,291.16815,223.19485,0.9999997
0.2,0.875,291.1684,223.19507,0.9999997
0.2,0.87708336,291.16852,223.19525,0.9999997
0.2,0.87916666,291.1687,223.19543,0.9999997
0.2,0.88125,291.16895,223.19565,0.9999997
0.2,0.8833333,291.1692,223.1958,0.9999997
0.2,0.8854167,291.16937,223.19598,0.9999997
0.2,0.8875,291.16943,223.19614,0.9999997
0.2,0.88958335,291.16968,223.19632,0.9999997
0.2,0.89166665,291.16986,223.19647,0.9999997
0.2,0.89375,291.16992,223.1966,0.9999997
0.2,0.8958333,291.1701,223.19675,0.9999997
0.2,0.8979167,291.17017,223.1969,0.9999997
0.2,0.9,291.1704,223.19702,0.9999997
0.2,0.90208334,291.17047,223.19714,0.9999997
0.2,0.90416664,291.17065,223.19727,0.9999997
0.2,0.90625,291.17084,223.19736,0.9999997
0.2,0.90833336,291.1709,223.19748,0.9999997
0.2,0.91041666,291.17096,223.19757,0.9999997
0.2,0.9125,291.17114,223.19766,0.9999997
0.2,0.9145833,291.17114,223.19775,0.9999997
0.2,0.9166667,291.17133,223.19788,0.9999997
0.2,0.91875,291.1714,223.19794,0.9999997
0.2,0.92083335,291.17145,223.19803,0.9999997
0.2,0.92291665,291.17157,223.19812,0.9999997
0.2,0.925,291.17163,223.19818,0.9999997
0.2,0.9270833,291.17163,223.19827,0.9999997
0.2,0.9291667,291.1718,223.19836,0.9999997
0.2,0.93125,291.17188,223.19843,0.9999997
0.2,0.93333334,291.17188,223.19849,0.9999997
0.2,0.93541664,291.17194,223.19855,0.9999997
0.2,0.9375,291.17206,223.19861,0.9999997
0.2,0.93958336,291.17212,223.19867,0.9999997
0.2,0.94166666,291.17212,223.19873,0.9999997
0.2,0.94375,291.17212,223.19873,0.9999997
0.2,0.9458333,291.1723,223.19879,0.9999997
0.2,0.9479167,291.17236,223.19885,0.9999997
0.2,0.95,291.17236,223.19891,0.9999997
0.2,0.95208335,291.17236,223.19894,0.9999997
0.2,0.95416665,291.17236,223.199,0.9999997
0.2,0.95625,291.17242,223.19904,0.9999997
0.2,0.9583333,291.17255,223.1991,0.9999997
0.2,0.9604167,291.1726,223.1991,0.9999997
0.2,0.9625,291.1726,223.19916,0.9999997
0.2,0.96458334,291.1726,223.19916,0.9999997
0.2,0.96666664,291.1726,223.19922,0.9999997
0.2,0.96875,291.17267,223.19925,0.9999997
0.2,0.97083336,291.17267,223.19928,0.9999997
0.2,0.97291666,291.1728,223.19931,0.9999997
0.2,0.975,291.1728,223.19934,0.9999997
0.2,0.9770833,291.1728,223.19934,0.9999997
0.2,0.9791667,291.17285,223.1994,0.9999997
0.2,0.98125,291.17285,223.1994,0.9999997
0.2,0.98333335,291.17285,223.19946,0.9999997
0.2,0.98541665,291.17285,223.19946,0.9999997
0.2,0.9875,291.17285,223.19946,0.9999997
0.2,0.9895833,291.1729,223.19952,0.9999997
0.2,0.9916667,291.1729,223.19952,0.9999997
0.2,0.99375,291.1729,223.19952,0.9999997
0.2,0.99583334,291.1729,223.19955,0.9999997
0.2,0.99791664,291.17303,223.19958,0.9999997
0.2,1.0,291.17303,223.19958,0.9999997
0.2,1.0020833,291.1731,223.19962,0.9999997
0.2,1.0041667,291.1731,223.19962,0.9999997
0.2,1.00625,291.1731,223.19965,0.9999997
0.2,1.0083333,291.1731,223.19965,0.9999997
0.2,1.0104166,291.1731,223.19965,0.9999997
0.2,1.0125,291.1731,223.19968,0.9999997
0.2,1.0145833,291.1731,223.1997,0.9999997
0.2,1.0166667,291.1731,223.1997,0.9999997
0.2,1.01875,291.1731,223.1997,0.9999997
0.2,1.0208334,291.1731,223.19974,0.9999997
0.2,1.0229167,291.1731,223.19974,0.9999997
0.2,1.025,291.17316,223.19977,0.9999997
0.2,1.0270833,291.17316,223.19977,0.9999997
0.2,1.0291667,291.17316,223.19977,0.9999997
0.2,1.03125,291.17316,223.19977,0.9999997
0.2,1.0333333,291.17328,223.1998,0.9999997
0.2,1.0354167,291.17328,223.1998,0.9999997
0.2,1.0375,291.17328,223.1998,0.9999997
0.2,1.0395833,291.17328,223.19983,0.9999997
0.2,1.0416666,291.17328,223.19983,0.9999997
0.2,1.04375,291.17328,223.19983,0.9999997
0.2,1.0458333,291.17334,223.19983,0.9999997
0.2,1.0479167,291.17334,223.19983,0.9999997
0.2,1.05,291.17334,223.19983,0.9999997
0.2,1.0520834,291.17334,223.19983,0.9999997
0.2,1.0541667,291.17334,223.19983,0.9999997
0.2,1.05625,291.17334,223.19983,0.9999997
0.2,1.0583333,291.17334,223.19989,0.9999997
0.2,1.0604167,291.17334,223.19989,0.9999997
0.2,1.0625,291.17334,223.19989,0.9999997
0.2,1.0645833,291.17334,223.19989,0.9999997
0.2,1.0666667,291.17334,223.19989,0.9999997
0.2,1.06875,291.17334,223.19989,0.9999997
0.2,1.0708333,291.17334,223.19989,0.9999997
0.2,1.0729166,291.17334,223.19989,0.9999997
0.2,1.075,291.17334,223.19989,0.9999997
0.2,1.0770833,291.17334,223.19989,0.9999997
0.2,1.0791667,291.17334,223.19989,0.9999997
0.2,1.08125,291.17334,223.19989,0.9999997
0.2,1.0833334,291.17334,223.19989,0.9999997
0.2,1.0854167,291.17334,223.19989,0.9999997
0.2,1.0875,291.17334,223.19989,0.9999997
0.2,1.0895833,291.17334,223.19989,0.9999997
0.2,1.0916667,291.17334,223.19989,0.9999997
0.2,1.09375,291.17334,223.19989,0.9999997
0.2,1.0958333,291.17334,223.19989,0.9999997
0.2,1.0979167,291.17334,223.19989,0.9999997
0.2,1.1,291.17334,223.19989,0.9999997
0.2,1.1020833,291.17334,223.19989,0.9999997
0.2,1.1041666,291.17334,223.19989,0.9999997
0.2,1.10625,291.17334,223.19989,0.9999997
0.2,1.1083333,291.17334,223.19989,0.9999997
0.2,1.1104167,291.17334,223.19989,0.9999997
0.2,1.1125,291.17334,223.19989,0.9999997
0.2,1.1145834,291.17334,223.19989,0.9999997
0.2,1.1166667,291.17334,223.19989,0.9999997
0.2,1.11875,291.17334,223.19989,0.9999997
0.2,1.1208333,291.17334,223.19989,0.9999997
0.2,1.1229167,291.17334,223.19989,0.9999997
0.2,1.125,291.17334,223.19989,0.9999997
0.2,1.1270833,291.17334,223.19989,0.9999997
0.2,1.1291667,291.17334,223.19989,0.9999997
0.2,1.13125,291.17334,223.19989,0.9999997
0.2,1.1333333,291.17334,223.19989,0.9999997
0.2,1.1354166,291.17334,223.19989,0.9999997
0.2,1.1375,291.17334,223.19989,0.9999997
0.2,1.1395833,291.17334,223.19989,0.9999997
0.2,1.1416667,291.17334,223.19989,0.9999997
0.2,1.14375,291.17334,223.19989,0.9999997
0.2,1.1458334,291.17334,223.19989,0.9999997
0.2,1.1479167,291.17334,223.19989,0.9999997
0.2,1.15,291.17334,223.19989,0.9999997
0.2,1.1520833,291.17334,223.19989,0.9999997
0.2,1.1541667,291.17334,223.19989,0.9999997
0.2,1.15625,291.17334,223.19989,0.9999997
0.2,1.1583333,291.17334,223.19989,0.9999997
0.2,1.1604167,291.17334,223.19989,0.9999997
0.2,1.1625,291.17334,223.19989,0.9999997
0.2,1.1645833,291.17334,223.19989,0.9999997
0.2,1.1666666,291.17334,223.19989,0.9999997
0.2,1.16875,291.17334,223.19989,0.9999997
0.2,1.1708333,291.17334,223.19989,0.9999997
0.2,1.1729167,291.17334,223.19989,0.9999997
0.2,1.175,291.17334,223.19989,0.9999997
0.2,1.1770834,291.17334,223.19989,0.9999997
0.2,1.1791667,291.17334,223.19989,0.9999997
0.2,1.18125,291.17334,223.19989,0.9999997
0.2,1.1833333,291.17334,223.19989,0.9999997
0.2,1.1854167,291.17334,223.19989,0.9999997
0.2,1.1875,291.17334,223.19989,0.9999997
0.2,1.1895833,291.17334,223.19989,0.9999997
0.2,1.1916667,291.17334,223.19989,0.9999997
0.2,1.19375,291.17334,223.19989,0.9999997
0.2,1.1958333,291.17334,223.19989,0.9999997
0.2,1.1979166,291.17334,223.19989,0.9999997
0.2,1.2,291.17334,223.19989,0.9999997
0.2,1.2020833,291.17334,223.19989,0.9999997
0.2,1.2041667,291.17334,223.19989,0.9999997
0.2,1.20625,291.17334,223.19989,0.9999997
0.2,1.2083334,291.17334,223.19989,0.9999997
0.2,1.2104167,291.17334,223.19989,0.9999997
0.2,1.2125,291.17334,223.19989,0.9999997
0.2,1.2145833,291.17334,223.19989,0.9999997
0.2,1.2166667,291.17334,223.19989,0.9999997
0.2,1.21875,291.17334,223.19989,0.9999997
0.2,1.2208333,291.17334,223.19989,0.9999997
0.2,1.2229167,291.17334,223.19989,0.9999997
0.2,1.225,291.17334,223.19989,0.9999997
0.2,1.2270833,291.17334,223.19989,0.9999997
0.2,1.2291666,291.17334,223.19989,0.9999997
0.2,1.23125,291.17334,223.19989,0.9999997
0.2,1.2333333,291.17334,223.19989,0.9999997
0.2,1.2354167,291.17334,223.19989,0.9999997
0.2,1.2375,291.17334,223.19989,0.9999997
0.2,1.2395834,291.17334,223.19989,0.9999997
0.2,1.2416667,291.17334,223.19989,0.9999997
0.2,1.24375,291.17334,223.19989,0.9999997
0.2,1.2458333,291.17334,223.19989,0.9999997
0.2,1.2479167,291.17334,223.19989,0.9999997
0.2,1.25,291.17334,223.19989,0.9999997
0.2,1.2520833,291.17334,223.19989,0.9999997
0.2,1.2541667,291.17334,223.19989,0.9999997
0.2,1.25625,291.17334,223.19989,0.9999997
0.2,1.2583333,291.17334,223.19989,0.9999997
0.2,1.2604166,291.17334,223.19989,0.9999997
0.2,1.2625,291.17334,223.19989,0.9999997
0.2,1.2645833,291.17334,223.19989,0.9999997
0.2,1.2666667,291.17334,223.19989,0.9999997
0.2,1.26875,291.17334,223.19989,0.9999997
0.2,1.2708334,291.17334,223.19989,0.9999997
0.2,1.2729167,291.17334,223.19989,0.9999997
0.2,1.275,291.17334,223.19989,0.9999997
0.2,1.2770833,291.17334,223.19989,0.9999997
0.2,1.2791667,291.17334,223.19989,0.9999997
0.2,1.28125,291.17334,223.19989,0.9999997
0.2,1.2833333,291.17334,223.19989,0.9999997
0.2,1.2854167,291.17334,223.19989,0.9999997
0.2,1.2875,291.17334,223.19989,0.9999997
0.2,1.2895833,291.17334,223.19989,0.9999997
0.2,1.2916666,291.17334,223.19989,0.9999997
0.2,1.29375,291.17334,223.19989,0.9999997
0.2,1.2958333,291.17334,223.19989,0.9999997
0.2,1.2979167,291.17334,223.19989,0.9999997
0.2,1.3,291.17334,223.19989,0.9999997
0.2,1.3020834,291.17334,223.19989,0.9999997
0.2,1.3041667,291.17334,223.19989,0.9999997
0.2,1.30625,291.17334,223.19989,0.9999997
0.2,1.3083333,291.17334,223.19989,0.9999997
0.2,1.3104167,291.17334,223.19989,0.9999997
0.2,1.3125,291.17334,223.19989,0.9999997
0.2,1.3145833,291.17334,223.19989,0.9999997
0.2,1.3166667,291.17334,223.19989,0.9999997
0.2,1.31875,291.17334,223.19989,0.9999997
0.2,1.3208333,291.17334,223.19989,0.9999997
0.2,1.3229166,291.17334,223.19989,0.9999997
0.2,1.325,291.17334,223.19989,0.9999997
0.2,1.3270833,291.17334,223.19989,0.9999997
0.2,1.3291667,291.17334,223.19989,0.9999997
0.2,1.33125,291.17334,223.19989,0.9999997
0.2,1.3333334,291.17334,223.19989,0.9999997
0.2,1.3354167,291.17334,223.19989,0.9999997
0.2,1.3375,291.17334,223.19989,0.9999997
0.2,1.3395833,291.17334,223.19989,0.9999997
0.2,1.3416667,291.17334,223.19989,0.9999997
0.2,1.34375,291.17334,223.19989,0.9999997
0.2,1.3458333,291.17334,223.19989,0.9999997
0.2,1.3479167,291.17334,223.19989,0.9999997
0.2,1.35,291.17334,223.19989,0.9999997
0.2,1.3520833,291.17334,223.19989,0.9999997
0.2,1.3541666,291.17334,223.19989,0.9999997
0.2,1.35625,291.17334,223.19989,0.9999997
0.2,1.3583333,291.17334,223.19989,0.9999997
0.2,1.3604167,291.17334,223.19989,0.9999997
0.2,1.3625,291.17334,223.19989,0.9999997
0.2,1.3645834,291.17334,223.19989,0.9999997
0.2,1.3666667,291.17334,223.19989,0.9999997
0.2,1.36875,291.17334,223.19989,0.9999997
0.2,1.3708333,291.17334,223.19989,0.9999997
0.2,1.3729167,291.17334,223.19989,0.9999997
0.2,1.375,291.17334,223.19989,0.9999997
0.2,1.3770833,291.17334,223.19989,0.9999997
0.2,1.3791667,291.17334,223.19989,0.9999997
0.2,1.38125,291.17334,223.19989,0.9999997
0.2,1.3833333,291.17334,223.19989,0.9999997
0.2,1.3854166,291.17334,223.19989,0.9999997
0.2,1.3875,291.17334,223.19989,0.9999997
0.2,1.3895833,291.17334,223.19989,0.9999997
0.2,1.3916667,291.17334,223.19989,0.9999997
0.2,1.39375,291.17334,223.19989,0.9999997
0.2,1.3958334,291.17334,223.19989,0.9999997
0.2,1.3979167,291.17334,223.19989,0.9999997
0.2,1.4,291.17334,223.19989,0.9999997
0.2,1.4020833,291.17334,223.19989,0.9999997
0.2,1.4041667,291.17334,223.19989,0.9999997
0.2,1.40625,291.17334,223.19989,0.9999997
0.2,1.4083333,291.17334,223.19989,0.9999997
0.2,1.4104167,291.17334,223.19989,0.9999997
0.2,1.4125,291.17334,223.19989,0.9999997
0.2,1.4145833,291.17334,223.19989,0.9999997
0.2,1.4166666,291.17334,223.19989,0.9999997
0.2,1.41875,291.17334,223.19989,0.9999997
0.2,1.4208333,291.17334,223.19989,0.9999997
0.2,1.4229167,291.17334,223.19989,0.9999997
0.2,1.425,291.17334,223.19989,0.9999997
0.2,1.4270834,291.17334,223.19989,0.9999997
0.2,1.4291667,291.17334,223.19989,0.9999997
0.2,1.43125,291.17334,223.19989,0.9999997
0.2,1.4333333,291.17334,223.19989,0.9999997
0.2,1.4354167,291.17334,223.19989,0.9999997
0.2,1.4375,291.17334,223.19989,0.9999997
0.2,1.4395833,291.17334,223.19989,0.9999997
0.2,1.4416667,291.17334,223.19989,0.9999997
0.2,1.44375,291.17334,223.19989,0.9999997
0.2,1.4458333,291.17334,223.19989,0.9999997
0.2,1.4479166,291.17334,223.19989,0.9999997
0.2,1.45,291.17334,223.19989,0.9999997
0.2,1.4520833,291.17334,223.19989,0.9999997
0.2,1.4541667,291.17334,223.19989,0.9999997
0.2,1.45625,291.17334,223.19989,0.9999997
0.2,1.4583334,291.17334,223.19989,0.9999997
0.2,1.4604167,291.17334,223.19989,0.9999997
0.2,1.4625,291.17334,223.19989,0.9999997
0.2,1.4645833,291.17334,223.19989,0.9999997
0.2,1.4666667,291.17334,223.19989,0.9999997
0.2,1.46875,291.17334,223.19989,0.9999997
0.2,1.4708333,291.17334,223.19989,0.9999997
0.2,1.4729167,291.17334,223.19989,0.9999997
0.2,1.475,291.17334,223.19989,0.9999997
0.2,1.4770833,291.17334,223.19989,0.9999997
0.2,1.4791666,291.17334,223.19989,0.9999997
0.2,1.48125,291.17334,223.19989,0.9999997
0.2,1.4833333,291.17334,223.19989,0.9999997
0.2,1.4854167,291.17334,223.19989,0.9999997
0.2,1.4875,291.17334,223.19989,0.9999997
0.2,1.4895834,291.17334,223.19989,0.9999997
0.2,1.4916667,291.17334,223.19989,0.9999997
0.2,1.49375,291.17334,223.19989,0.9999997
0.2,1.4958333,291.17334,223.19989,0.9999997
0.2,1.4979167,291.17334,223.19989,0.9999997
0.2,1.5,291.17334,223.19989,0.9999997
0.2,1.5020833,291.17334,223.19989,0.9999997
0.2,1.5041667,291.17334,223.19989,0.9999997
0.2,1.50625,291.17334,223.19989,0.9999997
0.2,1.5083333,291.17334,223.19989,0.9999997
0.2,1.5104166,291.17334,223.19989,0.9999997
0.2,1.5125,291.17334,223.19989,0.9999997
0.2,1.5145833,291.17334,223.19989,0.9999997
0.2,1.5166667,291.17334,223.19989,0.9999997
0.2,1.51875,291.17334,223.19989,0.9999997
0.2,1.5208334,291.17334,223.19989,0.9999997
0.2,1.5229167,291.17334,223.19989,0.9999997
0.2,1.525,291.17334,223.19989,0.9999997
0.2,1.5270833,291.17334,223.19989,0.9999997
0.2,1.5291667,291.17334,223.19989,0.9999997
0.2,1.53125,291.17334,223.19989,0.9999997
0.2,1.5333333,291.17334,223.19989,0.9999997
0.2,1.5354167,291.17334,223.19989,0.9999997
0.2,1.5375,291.17334,223.19989,0.9999997
0.2,1.5395833,291.17334,223.19989,0.9999997
0.2,1.5416666,291.17334,223.19989,0.9999997
0.2,1.54375,291.17334,223.19989,0.9999997
0.2,1.5458333,291.17334,223.19989,0.9999997
0.2,1.5479167,291.17334,223.19989,0.9999997
0.2,1.55,291.17334,223.19989,0.9999997
0.2,1.5520834,291.17334,223.19989,0.9999997
0.2,1.5541667,291.17334,223.19989,0.9999997
0.2,1.55625,291.17334,223.19989,0.9999997
0.2,1.5583333,291.17334,223.19989,0.9999997
0.2,1.5604167,291.17334,223.19989,0.9999997
0.2,1.5625,291.17334,223.19989,0.9999997
0.2,1.5645833,291.17334,223.19989,0.9999997
0.2,1.5666667,291.17334,223.19989,0.9999997
0.2,1.56875,291.17334,223.19989,0.9999997
0.2,1.5708333,291.17334,223.19989,0.9999997
0.2,1.5729166,291.17334,223.19989,0.9999997
0.2,1.575,291.17334,223.19989,0.9999997
0.2,1.5770833,291.17334,223.19989,0.9999997
0.2,1.5791667,291.17334,223.19989,0.9999997
0.2,1.58125,291.17334,223.19989,0.9999997
0.2,1.5833334,291.17334,223.19989,0.9999997
0.2,1.5854167,291.17334,223.19989,0.9999997
0.2,1.5875,291.17334,223.19989,0.9999997
0.2,1.5895833,291.17334,223.19989,0.9999997
0.2,1.5916667,291.17334,223.19989,0.9999997
0.2,1.59375,291.17334,223.19989,0.9999997
0.2,1.5958333,291.17334,223.19989,0.9999997
0.2,1.5979167,291.17334,223.19989,0.9999997
0.2,1.6,291.17334,223.19989,0.9999997
0.2,1.6020833,291.17334,223.19989,0.9999997
0.2,1.6041666,291.17334,223.19989,0.9999997
0.2,1.60625,291.17334,223.19989,0.9999997
0.2,1.6083333,291.17334,223.19989,0.9999997
0.2,1.6104167,291.17334,223.19989,0.9999997
0.2,1.6125,291.17334,223.19989,0.9999997
0.2,1.6145834,291.17334,223.19989,0.9999997
0.2,1.6166667,291.17334,223.19989,0.9999997
0.2,1.61875,291.17334,223.19989,0.9999997
0.2,1.6208333,291.17334,223.19989,0.9999997
0.2,1.6229167,291.17334,223.19989,0.9999997
0.2,1.625,291.17334,223.19989,0.9999997
0.2,1.6270833,291.17334,223.19989,0.9999997
0.2,1.6291667,291.17334,223.19989,0.9999997
0.2,1.63125,291.17334,223.19989,0.9999997
0.2,1.6333333,291.17334,223.19989,0.9999997
0.2,1.6354166,291.17334,223.19989,0.9999997
0.2,1.6375,291.17334,223.19989,0.9999997
0.2,1.6395833,291.17334,223.19989,0.9999997
0.2,1.6416667,291.17334,223.19989,0.9999997
0.2,1.64375,291.17334,223.19989,0.9999997
0.2,1.6458334,291.17334,223.19989,0.9999997
0.2,1.6479167,291.17334,223.19989,0.9999997
0.2,1.65,291.17334,223.19989,0.9999997
0.2,1.6520833,291.17334,223.19989,0.9999997
0.2,1.6541667,291.17334,223.19989,0.9999997
0.2,1.65625,291.17334,223.19989,0.9999997
0.2,1.6583333,291.17334,223.19989,0.9999997
0.2,1.6604167,291.17334,223.19989,0.9999997
0.2,1.6625,291.17334,223.19989,0.9999997
0.2,1.6645833,291.17334,223.19989,0.9999997
0.2,1.6666666,291.17334,223.19989,0.9999997
0.2,1.66875,291.17334,223.19989,0.9999997
0.2,1.6708333,291.17334,223.19989,0.9999997
0.2,1.6729167,291.17334,223.19989,0.9999997
0.2,1.675,291.17334,223.19989,0.9999997
0.2,1.6770834,291.17334,223.19989,0.9999997
0.2,1.6791667,291.17334,223.19989,0.9999997
0.2,1.68125,291.17334,223.19989,0.9999997
0.2,1.6833333,291.17334,223.19989,0.9999997
0.2,1.6854167,291.17334,223.19989,0.9999997
0.2,1.6875,291.17334,223.19989,0.9999997
0.2,1.6895833,291.17334,223.19989,0.9999997
0.2,1.6916667,291.17334,223.19989,0.9999997
0.2,1.69375,291.17334,223.19989,0.9999997
0.2,1.6958333,291.17334,223.19989,0.9999997
0.2,1.6979166,291.17334,223.19989,0.9999997
0.2,1.7,291.17334,223.19989,0.9999997
0.2,1.7020833,291.17334,223.19989,0.9999997
0.2,1.7041667,291.17334,223.19989,0.9999997
0.2,1.70625,291.17334,223.19989,0.9999997
0.2,1.7083334,291.17334,223.19989,0.9999997
0.2,1.7104167,291.17334,223.19989,0.9999997
0.2,1.7125,291.17334,223.19989,0.9999997
0.2,1.7145833,291.17334,223.19989,0.9999997
0.2,1.7166667,291.17334,223.19989,0.9999997
0.2,1.71875,291.17334,223.19989,0.9999997
0.2,1.7208333,291.17334,223.19989,0.9999997
0.2,1.7229167,291.17334,223.19989,0.9999997
0.2,1.725,291.17334,223.19989,0.9999997
0.2,1.7270833,291.17334,223.19989,0.9999997
0.2,1.7291666,291.17334,223.19989,0.9999997
0.2,1.73125,291.17334,223.19989,0.9999997
0.2,1.7333333,291.17334,223.19989,0.9999997
0.2,1.7354167,291.17334,223.19989,0.9999997
0.2,1.7375,291.17334,223.19989,0.9999997
0.2,1.7395834,291.17334,223.19989,0.9999997
0.2,1.7416667,291.17334,223.19989,0.9999997
0.2,1.74375,291.17334,223.19989,0.9999997
0.2,1.7458333,291.17334,223.19989,0.9999997
0.2,1.7479167,291.17334,223.19989,0.9999997
0.2,1.75,291.17334,223.19989,0.9999997
0.2,1.7520833,291.17334,223.19989,0.9999997
0.2,1.7541667,291.17334,223.19989,0.9999997
0.2,1.75625,291.17334,223.19989,0.9999997
0.2,1.7583333,291.17334,223.19989,0.9999997
0.2,1.7604166,291.17334,223.19989,0.9999997
0.2,1.7625,291.17334,223.19989,0.9999997
0.2,1.7645833,291.17334,223.19989,0.9999997
0.2,1.7666667,291.17334,223.19989,0.9999997
0.2,1.76875,291.17334,223.19989,0.9999997
0.2,1.7708334,291.17334,223.19989,0.9999997
0.2,1.7729167,291.17334,223.19989,0.9999997
0.2,1.775,291.17334,223.19989,0.9999997
0.2,1.7770833,291.17334,223.19989,0.9999997
0.2,1.7791667,291.17334,223.19989,0.9999997
0.2,1.78125,291.17334,223.19989,0.9999997
0.2,1.7833333,291.17334,223.19989,0.9999997
0.2,1.7854167,291.17334,223.19989,0.9999997
0.2,1.7875,291.17334,223.19989,0.9999997
0.2,1.7895833,291.17334,223.19989,0.9999997
0.2,1.7916666,291.17334,223.19989,0.9999997
0.2,1.79375,291.17334,223.19989,0.9999997
0.2,1.7958333,291.17334,223.19989,0.9999997
0.2,1.7979167,291.17334,223.19989,0.9999997
0.2,1.8,291.17334,223.19989,0.9999997
0.2,1.8020834,291.17334,223.19989,0.9999997
0.2,1.8041667,291.17334,223.19989,0.9999997
0.2,1.80625,291.17334,223.19989,0.9999997
0.2,1.8083333,291.17334,223.19989,0.9999997
0.2,1.8104167,291.17334,223.19989,0.9999997
0.2,1.8125,291.17334,223.19989,0.9999997
0.2,1.8145833,291.17334,223.19989,0.9999997
0.2,1.8166667,291.17334,223.19989,0.9999997
0.2,1.81875,291.17334,223.19989,0.9999997
0.2,1.8208333,291.17334,223.19989,0.9999997
0.2,1.8229166,291.17334,223.19989,0.9999997
0.2,1.825,291.17334,223.19989,0.9999997
0.2,1.8270833,291.17334,223.19989,0.9999997
0.2,1.8291667,291.17334,223.19989,0.9999997
0.2,1.83125,291.17334,223.19989,0.9999997
0.2,1.8333334,291.17334,223.19989,0.9999997
0.2,1.8354167,291.17334,223.19989,0.9999997
0.2,1.8375,291.17334,223.19989,0.9999997
0.2,1.8395833,291.17334,223.19989,0.9999997
0.2,1.8416667,291.17334,223.19989,0.9999997
0.2,1.84375,291.17334,223.19989,0.9999997
0.2,1.8458333,291.17334,223.19989,0.9999997
0.2,1.8479167,291.17334,223.19989,0.9999997
0.2,1.85,291.17334,223.19989,0.9999997
0.2,1.8520833,291.17334,223.19989,0.9999997
0.2,1.8541666,291.17334,223.19989,0.9999997
0.2,1.85625,291.17334,223.19989,0.9999997
0.2,1.8583333,291.17334,223.19989,0.9999997
0.2,1.8604167,291.17334,223.19989,0.9999997
0.2,1.8625,291.17334,223.19989,0.9999997
0.2,1.8645834,291.17334,223.19989,0.9999997
0.2,1.8666667,291.17334,223.19989,0.9999997
0.2,1.86875,291.17334,223.19989,0.9999997
0.2,1.8708333,291.17334,223.19989,0.9999997
0.2,1.8729167,291.17334,223.19989,0.9999997
0.2,1.875,291.17334,223.19989,0.9999997
0.2,1.8770833,291.17334,223.19989,0.9999997
0.2,1.8791667,291.17334,223.19989,0.9999997
0.2,1.88125,291.17334,223.19989,0.9999997
0.2,1.8833333,291.17334,223.19989,0.9999997
0.2,1.8854166,291.17334,223.19989,0.9999997
0.2,1.8875,291.17334,223.19989,0.9999997
0.2,1.8895833,291.17334,223.19989,0.9999997
0.2,1.8916667,291.17334,223.19989,0.9999997
0.2,1.89375,291.17334,223.19989,0.9999997
0.2,1.8958334,291.17334,223.19989,0.9999997
0.2,1.8979167,291.17334,223.19989,0.9999997
0.2,1.9,291.17334,223.19989,0.9999997
0.2,1.9020833,291.17334,223.19989,0.9999997
0.2,1.9041667,291.17334,223.19989,0.9999997
0.2,1.90625,291.17334,223.19989,0.9999997
0.2,1.9083333,291.17334,223.19989,0.9999997
0.2,1.9104167,291.17334,223.19989,0.9999997
0.2,1.9125,291.17334,223.19989,0.9999997
0.2,1.9145833,291.17334,223.19989,0.9999997
0.2,1.9166666,291.17334,223.19989,0.9999997
0.2,1.91875,291.17334,223.19989,0.9999997
0.2,1.9208333,291.17334,223.19989,0.9999997
0.2,1.9229167,291.17334,223.19989,0.9999997
0.2,1.925,291.17334,223.19989,0.9999997
0.2,1.9270834,291.17334,223.19989,0.9999997
0.2,1.9291667,291.17334,223.19989,0.9999997
0.2,1.93125,291.17334,223.19989,0.9999997
0.2,1.9333333,291.17334,223.19989,0.9999997
0.2,1.9354167,291.17334,223.19989,0.9999997
0.2,1.9375,291.17334,223.19989,0.9999997
0.2,1.9395833,291.17334,223.19989,0.9999997
0.2,1.9416667,291.17334,223.19989,0.9999997
0.2,1.94375,291.17334,223.19989,0.9999997
0.2,1.9458333,291.17334,223.19989,0.9999997
0.2,1.9479166,291.17334,223.19989,0.9999997
0.2,1.95,291.17334,223.19989,0.9999997
0.2,1.9520833,291.17334,223.19989,0.9999997
0.2,1.9541667,291.17334,223.19989,0.9999997
0.2,1.95625,291.17334,223.19989,0.9999997
0.2,1.9583334,291.17334,223.19989,0.9999997
0.2,1.9604167,291.17334,223.19989,0.9999997
0.2,1.9625,291.17334,223.19989,0.9999997
0.2,1.9645833,291.17334,223.19989,0.9999997
0.2,1.9666667,291.17334,223.19989,0.9999997
0.2,1.96875,291.17334,223.19989,0.9999997
0.2,1.9708333,291.17334,223.19989,0.9999997
0.2,1.9729167,291.17334,223.19989,0.9999997
0.2,1.975,291.17334,223.19989,0.9999997
0.2,1.9770833,291.17334,223.19989,0.9999997
0.2,1.9791666,291.17334,223.19989,0.9999997
0.2,1.98125,291.17334,223.19989,0.9999997
0.2,1.9833333,291.17334,223.19989,0.9999997
0.2,1.9854167,291.17334,223.19989,0.9999997
0.2,1.9875,291.17334,223.19989,0.9999997
0.2,1.9895834,291.17334,223.19989,0.9999997
0.2,1.9916667,291.17334,223.19989,0.9999997
0.2,1.99375,291.17334,223.19989,0.9999997
0.2,1.9958333,291.17334,223.19989,0.9999997
0.2,1.9979167,291.17334,223.19989,0.9999997
0.2,2.0,291.17334,223.19989,0.9999997
0.3,0.0020833334,291.17114,223.19763,0.0
0.3,0.004166667,291.17126,223.19775,2.2811118E-5
0.3,0.00625,291.16983,223.19449,1.0919089E-4
0.3,0.008333334,291.16235,223.17688,2.9321152E-4
0.3,0.010416667,291.14227,223.12772,6.031075E-4
0.3,0.0125,291.10312,223.0274,0.0010619597
0.3,0.014583333,291.03964,222.85681,0.0016883889
0.3,0.016666668,290.94897,222.59949,0.002497018
0.3,0.01875,290.8305,222.24252,0.0034991563
0.3,0.020833334,290.6859,221.7771,0.0047030207
0.3,0.022916667,290.51944,221.19873,0.006114401
0.3,0.025,290.33667,220.50671,0.0077367453
0.3,0.027083334,290.14508,219.70392,0.009571769
0.3,0.029166667,289.9526,218.79602,0.011619395
0.3,0.03125,289.76807,217.79102,0.013878408
0.3,0.033333335,289.60022,216.69849,0.016346248
0.3,0.035416666,289.45764,215.5292,0.019019388
0.3,0.0375,289.34833,214.29443,0.02189378
0.3,0.039583333,289.27954,213.00586,0.024964381
0.3,0.041666668,289.25775,211.67474,0.028226024
0.3,0.04375,289.28824,210.3122,0.03167272
0.3,0.045833334,289.37537,208.92853,0.03529861
0.3,0.047916666,289.5224,207.53351,0.039097216
0.3,0.05,289.7314,206.13586,0.043062326
0.3,0.052083332,290.00372,204.74362,0.047187228
0.3,0.054166667,290.33954,203.36374,0.051465623
0.3,0.05625,290.73822,202.0025,0.05589077
0.3,0.058333334,291.1985,200.6651,0.060456477
0.3,0.060416665,291.71835,199.35614,0.065156125
0.3,0.0625,292.2952,198.07925,0.06998376
0.3,0.06458333,292.92596,196.83752,0.07493314
0.3,0.06666667,293.60718,195.63345,0.07999821
0.3,0.06875,294.33527,194.46875,0.08517348
0.3,0.07083333,295.10608,193.34479,0.09045306
0.3,0.072916664,295.9156,192.26245,0.09583186
0.3,0.075,296.75958,191.2222,0.101304375
0.3,0.077083334,297.63382,190.22412,0.10686591
0.3,0.079166666,298.53406,189.26819,0.112511374
0.3,0.08125,299.45618,188.35385,0.11823647
0.3,0.083333336,300.396,187.48059,0.12403644
0.3,0.08541667,301.34967,186.64749,0.12990743
0.3,0.0875,302.31342,185.85376,0.13584511
0.3,0.08958333,303.28348,185.09824,0.14184596
0.3,0.09166667,304.25653,184.37985,0.14790602
0.3,0.09375,305.22922,183.69736,0.15402216
0.3,0.09583333,306.1986,183.04947,0.16019093
0.3,0.09791667,307.16174,182.435,0.166409
0.3,0.1,308.1161,181.85254,0.17267385
0.3,0.10208333,309.05908,181.30084,0.17898224
0.3,0.104166664,309.9887,180.77853,0.1853319
0.3,0.10625,310.90277,180.28436,0.19171998
0.3,0.108333334,311.79962,179.81708,0.19814447
0.3,0.110416666,312.67755,179.37537,0.20460275
0.3,0.1125,313.53528,178.95804,0.2110931
0.3,0.114583336,314.3714,178.5639,0.21761315
0.3,0.11666667,315.18494,178.19183,0.2241614
0.3,0.11875,315.97498,177.84064,0.2307357
0.3,0.12083333,316.74078,177.50934,0.23733474
0.3,0.12291667,317.48175,177.19684,0.24395664
0.3,0.125,318.1974,176.90216,0.25060025
0.3,0.12708333,318.88745,176.62439,0.25726402
0.3,0.12916666,319.5515,176.36255,0.26394644
0.3,0.13125,320.1897,176.11584,0.27064654
0.3,0.13333334,320.802,175.88339,0.27736333
0.3,0.13541667,321.38843,175.66443,0.28409553
0.3,0.1375,321.9491,175.45819,0.2908419
0.3,0.13958333,322.4843,175.26392,0.297602
0.3,0.14166667,322.99445,175.08105,0.30437443
0.3,0.14375,323.47992,174.90887,0.3111588
0.3,0.14583333,323.94116,174.74677,0.31795394
0.3,0.14791666,324.37842,174.59418,0.3247595
0.3,0.15,324.7926,174.45056,0.33157465
0.3,0.15208334,325.18408,174.3154,0.3383985
0.3,0.15416667,325.55347,174.18817,0.34523064
0.3,0.15625,325.90137,174.06842,0.35207075
0.3,0.15833333,326.2286,173.95575,0.35891807
0.3,0.16041666,326.53564,173.84973,0.36577198
0.3,0.1625,326.8233,173.75,0.37263215
0.3,0.16458334,327.09222,173.65613,0.37949836
0.3,0.16666667,327.3432,173.56778,0.38637006
0.3,0.16875,327.57678,173.48468,0.39324665
0.3,0.17083333,327.79382,173.40646,0.40012822
0.3,0.17291667,327.99487,173.33289,0.40701395
0.3,0.175,328.1808,173.26367,0.41390398
0.3,0.17708333,328.35217,173.19855,0.42079765
0.3,0.17916666,328.50977,173.13724,0.42769507
0.3,0.18125,328.6543,173.07959,0.43459582
0.3,0.18333334,328.78625,173.0253,0.4414995
0.3,0.18541667,328.90637,172.97424,0.44840604
0.3,0.1875,329.01526,172.92621,0.4553154
0.3,0.18958333,329.11365,172.88098,0.46222734
0.3,0.19166666,329.20193,172.83844,0.46914133
0.3,0.19375,329.28088,172.79843,0.4760575
0.3,0.19583334,329.351,172.76077,0.48297584
0.3,0.19791667,329.41272,172.72531,0.48989606
0.3,0.2,329.4668,172.69196,0.49681786
0.3,0.20208333,329.51355,172.66058,0.5037412
0.3,0.20416667,329.55356,172.63104,0.51066643
0.3,0.20625,329.58728,172.60321,0.51759267
0.3,0.20833333,329.61502,172.57706,0.5245203
0.3,0.21041666,329.63745,172.55243,0.53144896
0.3,0.2125,329.6549,172.52924,0.53837925
0.3,0.21458334,329.6676,172.50745,0.54531014
0.3,0.21666667,329.67615,172.48688,0.552242
0.3,0.21875,329.6807,172.46756,0.55917484
0.3,0.22083333,329.68185,172.44934,0.56610876
0.3,0.22291666,329.67966,172.43225,0.5730432
0.3,0.225,329.67456,172.4161,0.57997835
0.3,0.22708334,329.66675,172.40094,0.58691454
0.3,0.22916667,329.65662,172.38666,0.593851
0.3,0.23125,329.6444,172.3732,0.60078794
0.3,0.23333333,329.63025,172.36053,0.60772544
0.3,0.23541667,329.61438,172.34863,0.6146638
0.3,0.2375,329.59705,172.33737,0.62160224
0.3,0.23958333,329.57858,172.32681,0.6285411
0.3,0.24166666,329.55896,172.31686,0.6354804
0.3,0.24375,329.53836,172.3075,0.6424205
0.3,0.24583334,329.5171,172.29868,0.6493604
0.3,0.24791667,329.49524,172.29034,0.6563007
0.3,0.25,329.4729,172.28253,0.6632413
0.3,0.25208333,329.4502,172.27518,0.6701826
0.3,0.25416666,329.42725,172.26825,0.6771237
0.3,0.25625,329.40417,172.26169,0.6840651
0.3,0.25833333,329.38107,172.25555,0.6910071
0.3,0.26041666,329.35803,172.24976,0.6979489
0.3,0.2625,329.33508,172.2443,0.70489085
0.3,0.26458332,329.31238,172.23914,0.711833
0.3,0.26666668,329.28992,172.23431,0.7187757
0.3,0.26875,329.26782,172.22977,0.7257181
0.3,0.27083334,329.24597,172.22546,0.7326607
0.3,0.27291667,329.22473,172.22144,0.7396038
0.3,0.275,329.20386,172.21762,0.7465467
0.3,0.27708334,329.18347,172.21405,0.7534896
0.3,0.27916667,329.16357,172.21063,0.7604327
0.3,0.28125,329.1443,172.20746,0.7673758
0.3,0.28333333,329.1256,172.20447,0.7743194
0.3,0.28541666,329.10742,172.20166,0.7812627
0.3,0.2875,329.08984,172.199,0.78820616
0.3,0.28958333,329.07288,172.19647,0.79515
0.3,0.29166666,329.05652,172.19415,0.8020935
0.3,0.29375,329.04077,172.1919,0.8090371
0.3,0.29583332,329.02563,172.18982,0.8159807
0.3,0.29791668,329.0111,172.18784,0.82292473
0.3,0.3,328.9973,172.18597,0.8298685
0.3,0.30208334,328.9839,172.18423,0.8368123
0.3,0.30416667,328.9713,172.18259,0.8437337
0.3,0.30625,328.95923,172.18106,0.8505912
0.3,0.30833334,328.94763,172.17963,0.85735106
0.3,0.31041667,328.93665,172.17828,0.86398506
0.3,0.3125,328.9264,172.17706,0.8704702
0.3,0.31458333,328.9165,172.1759,0.8767882
0.3,0.31666666,328.90723,172.1748,0.8829236
0.3,0.31875,328.89832,172.17383,0.88886553
0.3,0.32083333,328.89,172.17297,0.89460605
0.3,0.32291666,328.88232,172.17212,0.9001388
0.3,0.325,328.87488,172.17136,0.90546054
0.3,0.32708332,328.86804,172.17065,0.9105697
0.3,0.32916668,328.86157,172.17001,0.9154665
0.3,0.33125,328.8556,172.16943,0.9201517
0.3,0.33333334,328.84998,172.16891,0.9246281
0.3,0.33541667,328.84467,172.16843,0.92889935
0.3,0.3375,328.83984,172.16797,0.9329692
0.3,0.33958334,328.83527,172.1676,0.9368428
0.3,0.34166667,328.83118,172.16724,0.9405255
0.3,0.34375,328.82532,172.1683,0.94402295
0.3,0.34583333,328.81445,172.17352,0.9473416
0.3,0.34791666,328.79468,172.18527,0.95048726
0.3,0.35,328.76282,172.20584,0.9534665
0.3,0.35208333,328.71564,172.23718,0.95628595
0.3,0.35416666,328.64984,172.28113,0.95895195
0.3,0.35625,328.56287,172.3393,0.961471
0.3,0.35833332,328.4516,172.41309,0.9638497
0.3,0.36041668,328.31384,172.50372,0.96609443
0.3,0.3625,328.1471,172.61237,0.96821123
0.3,0.36458334,327.9494,172.73984,0.97020626
0.3,0.36666667,327.719,172.88696,0.97208565
0.3,0.36875,327.45416,173.05432,0.97385484
0.3,0.37083334,327.1535,173.24237,0.9755196
0.3,0.37291667,326.81628,173.45154,0.97708523
0.3,0.375,326.44128,173.68195,0.978557
0.3,0.37708333,326.02838,173.93384,0.97994
0.3,0.37916666,325.57703,174.20709,0.98123884
0.3,0.38125,325.08722,174.50171,0.98245823
0.3,0.38333333,324.5594,174.81744,0.98360264
0.3,0.38541666,323.9939,175.15411,0.9846762
0.3,0.3875,323.3916,175.51123,0.9856828
0.3,0.38958332,322.7533,175.88846,0.98662645
0.3,0.39166668,322.08008,176.28534,0.98751074
0.3,0.39375,321.37366,176.7013,0.9883391
0.3,0.39583334,320.6353,177.13568,0.9891149
0.3,0.39791667,319.86676,177.58789,0.9898411
0.3,0.4,319.06995,178.05725,0.99052083
0.3,0.40208334,318.2469,178.54297,0.99115676
0.3,0.40416667,317.39966,179.04431,0.9917516
0.3,0.40625,316.53033,179.56055,0.9923079
0.3,0.40833333,315.64136,180.09085,0.9928279
0.3,0.41041666,314.735,180.63434,0.99331397
0.3,0.4125,313.81372,181.19019,0.9937681
0.3,0.41458333,312.87964,181.75763,0.9941924
0.3,0.41666666,311.93555,182.3357,0.9945887
0.3,0.41875,310.98358,182.92358,0.99495876
0.3,0.42083332,310.02625,183.52045,0.9953042
0.3,0.42291668,309.0656,184.12546,0.9956267
0.3,0.425,308.1045,184.7377,0.9959276
0.3,0.42708334,307.1447,185.35638,0.99620837
0.3,0.42916667,306.1886,185.98071,0.9964702
0.3,0.43125,305.23828,186.60977,0.9967144
0.3,0.43333334,304.29578,187.24286,0.99694216
0.3,0.43541667,303.36285,187.87915,0.9971545
0.3,0.4375,302.4416,188.51794,0.99735236
0.3,0.43958333,301.53345,189.15851,0.99753684
0.3,0.44166666,300.64026,189.80005,0.9977088
0.3,0.44375,299.7633,190.4419,0.99786896
0.3,0.44583333,298.90424,191.08344,0.99801815
0.3,0.44791666,298.06427,191.72394,0.9981571
0.3,0.45,297.24457,192.36285,0.9982865
0.3,0.45208332,296.44617,192.99957,0.998407
0.3,0.45416668,295.67004,193.63354,0.9985192
0.3,0.45625,294.91705,194.26416,0.9986236
0.3,0.45833334,294.18805,194.89099,0.9987208
0.3,0.46041667,293.48346,195.51349,0.9988113
0.3,0.4625,292.8039,196.13116,0.9988954
0.3,0.46458334,292.14996,196.74365,0.9989737
0.3,0.46666667,291.52173,197.3505,0.99904656
0.3,0.46875,290.91962,197.95132,0.9991143
0.3,0.47083333,290.3438,198.54584,0.99917734
0.3,0.47291666,289.7943,199.13358,0.9992359
0.3,0.475,289.271,199.7143,0.9992904
0.3,0.47708333,288.77405,200.28772,0.999341
0.3,0.47916666,288.30322,200.85358,0.9993881
0.3,0.48125,287.8584,201.41156,0.9994319
0.3,0.48333332,287.43896,201.96155,0.99947256
0.3,0.48541668,287.04504,202.50336,0.9995104
0.3,0.4875,286.6759,203.03668,0.9995456
0.3,0.48958334,286.33142,203.56146,0.99957824
0.3,0.49166667,286.0108,204.07751,0.9996086
0.3,0.49375,285.71375,204.58478,0.99963677
0.3,0.49583334,285.43958,205.08307,0.999663
0.3,0.49791667,285.1878,205.57239,0.99968725
0.3,0.5,284.9579,206.05258,0.99970984
0.3,0.50208336,284.74915,206.52368,0.9997308
0.3,0.50416666,284.5608,206.9856,0.9997503
0.3,0.50625,284.39227,207.43835,0.99976844
0.3,0.5083333,284.24304,207.88187,0.99978524
0.3,0.5104167,284.112,208.31616,0.9998008
0.3,0.5125,283.9989,208.7413,0.9998153
0.3,0.51458335,283.90277,209.15729,0.9998287
0.3,0.51666665,283.82294,209.56412,0.99984115
0.3,0.51875,283.75885,209.96191,0.9998527
0.3,0.5208333,283.70953,210.35068,0.99986345
0.3,0.5229167,283.67444,210.73053,0.9998734
0.3,0.525,283.65295,211.10144,0.99988264
0.3,0.52708334,283.64423,211.46356,0.99989116
0.3,0.52916664,283.64758,211.81702,0.99989915
0.3,0.53125,283.6624,212.1618,0.99990654
0.3,0.53333336,283.688,212.49814,0.9999134
0.3,0.53541666,283.72363,212.82602,0.9999197
0.3,0.5375,283.76898,213.14563,0.99992555
0.3,0.5395833,283.82312,213.45703,0.99993104
0.3,0.5416667,283.88544,213.7604,0.9999361
0.3,0.54375,283.95557,214.05582,0.9999408
0.3,0.54583335,284.03278,214.34344,0.9999451
0.3,0.54791665,284.11664,214.62335,0.99994916
0.3,0.55,284.20642,214.89575,0.9999529
0.3,0.5520833,284.30176,215.1607,0.99995637
0.3,0.5541667,284.4021,215.41837,0.99995965
0.3,0.55625,284.50696,215.66888,0.9999626
0.3,0.55833334,284.6159,215.91241,0.99996537
0.3,0.56041664,284.72852,216.14905,0.99996793
0.3,0.5625,284.84436,216.37897,0.9999703
0.3,0.56458336,284.963,216.60236,0.99997246
0.3,0.56666666,285.08392,216.81921,0.9999745
0.3,0.56875,285.20715,217.02982,0.99997634
0.3,0.5708333,285.33185,217.23419,0.9999781
0.3,0.5729167,285.45813,217.43259,0.99997973
0.3,0.575,285.58527,217.62506,0.9999812
0.3,0.57708335,285.71332,217.81177,0.9999826
0.3,0.57916665,285.84186,217.99286,0.9999839
0.3,0.58125,285.97046,218.16852,0.99998504
0.3,0.5833333,286.09912,218.33878,0.9999861
0.3,0.5854167,286.22766,218.50385,0.9999871
0.3,0.5875,286.3556,218.66376,0.9999881
0.3,0.58958334,286.4829,218.81879,0.9999889
0.3,0.59166664,286.60944,218.96893,0.99998975
0.3,0.59375,286.73474,219.11438,0.9999905
0.3,0.59583336,286.85907,219.25528,0.99999124
0.3,0.59791666,286.98193,219.3917,0.99999183
0.3,0.6,287.10333,219.52377,0.99999243
0.3,0.6020833,287.22327,219.65161,0.99999297
0.3,0.6041667,287.3413,219.77539,0.9999935
0.3,0.60625,287.45776,219.89514,0.999994
0.3,0.60833335,287.5722,220.01099,0.99999446
0.3,0.61041665,287.6847,220.12308,0.9999948
0.3,0.6125,287.7951,220.2315,0.99999523
0.3,0.6145833,287.90344,220.33636,0.9999956
0.3,0.6166667,288.00964,220.4378,0.9999959
0.3,0.61875,288.11365,220.53586,0.99999624
0.3,0.62083334,288.21527,220.63068,0.99999654
0.3,0.62291664,288.3147,220.72229,0.9999968
0.3,0.625,288.412,220.81085,0.999997
0.3,0.62708336,288.50684,220.89642,0.9999972
0.3,0.62916666,288.5993,220.97916,0.99999744
0.3,0.63125,288.68958,221.05908,0.9999976
0.3,0.6333333,288.77747,221.13626,0.9999978
0.3,0.6354167,288.86298,221.21082,0.9999979
0.3,0.6375,288.94617,221.28284,0.9999981
0.3,0.63958335,289.02722,221.35242,0.9999982
0.3,0.64166665,289.10583,221.41956,0.9999984
0.3,0.64375,289.1822,221.48438,0.9999985
0.3,0.6458333,289.25635,221.547,0.9999986
0.3,0.6479167,289.32825,221.60742,0.9999987
0.3,0.65,289.39795,221.66577,0.99999875
0.3,0.65208334,289.46545,221.72205,0.99999887
0.3,0.65416664,289.53094,221.77637,0.9999989
0.3,0.65625,289.5943,221.8288,0.999999
0.3,0.65833336,289.65552,221.87936,0.99999905
0.3,0.66041666,289.71472,221.92816,0.99999917
0.3,0.6625,289.77216,221.97522,0.9999992
0.3,0.6645833,289.82745,222.02063,0.9999993
0.3,0.6666667,289.88086,222.06439,0.9999994
0.3,0.66875,289.9325,222.10663,0.99999946
0.3,0.67083335,289.98218,222.14734,0.9999995
0.3,0.67291665,290.0302,222.18661,0.99999964
0.3,0.675,290.07654,222.22449,0.99999964
0.3,0.6770833,290.12122,222.26099,0.99999964
0.3,0.6791667,290.16418,222.29614,0.99999964
0.3,0.68125,290.20563,222.33008,0.99999964
0.3,0.68333334,290.24548,222.36276,0.99999964
0.3,0.68541664,290.2838,222.39426,0.99999964
0.3,0.6875,290.32068,222.42462,0.99999964
0.3,0.68958336,290.35614,222.45386,0.99999964
0.3,0.69166666,290.39026,222.48206,0.99999964
0.3,0.69375,290.42303,222.50922,0.99999964
0.3,0.6958333,290.45447,222.53537,0.99999964
0.3,0.6979167,290.48474,222.56055,0.99999964
0.3,0.7,290.5138,222.58484,0.99999964
0.3,0.70208335,290.5417,222.60822,0.99999964
0.3,0.70416665,290.56848,222.63074,0.99999964
0.3,0.70625,290.59412,222.65247,0.99999964
0.3,0.7083333,290.61877,222.67334,0.99999964
0.3,0.7104167,290.64246,222.69348,0.99999964
0.3,0.7125,290.6651,222.71283,0.99999964
0.3,0.71458334,290.6867,222.7315,0.99999964
0.3,0.71666664,290.70758,222.74945,0.99999964
0.3,0.71875,290.72742,222.76672,0.99999964
0.3,0.72083336,290.74646,222.78339,0.99999964
0.3,0.72291666,290.76477,222.79938,0.99999964
0.3,0.725,290.78235,222.81482,0.99999964
0.3,0.7270833,290.799,222.82965,0.99999964
0.3,0.7291667,290.81506,222.84393,0.99999964
0.3,0.73125,290.83044,222.8577,0.99999964
0.3,0.73333335,290.8451,222.87091,0.99999964
0.3,0.73541665,290.85925,222.88367,0.99999964
0.3,0.7375,290.87268,222.89594,0.99999964
0.3,0.7395833,290.88544,222.90771,0.99999964
0.3,0.7416667,290.89783,222.91904,0.99999964
0.3,0.74375,290.90955,222.92993,0.99999964
0.3,0.74583334,290.92078,222.94046,0.99999964
0.3,0.74791664,290.93152,222.95056,0.99999964
0.3,0.75,290.94177,222.96027,0.99999964
0.3,0.75208336,290.95172,222.9696,0.99999964
0.3,0.75416666,290.96106,222.97858,0.99999964
0.3,0.75625,290.9701,222.98724,0.99999964
0.3,0.7583333,290.97864,222.99554,0.99999964
0.3,0.7604167,290.98688,223.00354,0.99999964
0.3,0.7625,290.99475,223.01123,0.99999964
0.3,0.76458335,291.00214,223.01865,0.99999964
0.3,0.76666665,291.0094,223.02576,0.99999964
0.3,0.76875,291.01624,223.0326,0.99999964
0.3,0.7708333,291.02283,223.03915,0.99999964
0.3,0.7729167,291.029,223.04547,0.99999964
0.3,0.775,291.03503,223.05157,0.99999964
0.3,0.77708334,291.0407,223.0574,0.99999964
0.3,0.77916664,291.04626,223.06305,0.99999964
0.3,0.78125,291.0514,223.06842,0.99999964
0.3,0.78333336,291.05652,223.07361,0.99999964
0.3,0.78541666,291.06122,223.07861,0.99999964
0.3,0.7875,291.0658,223.0834,0.99999964
0.3,0.7895833,291.0702,223.08801,0.99999964
0.3,0.7916667,291.0744,223.09244,0.99999964
0.3,0.79375,291.0785,223.09671,0.99999964
0.3,0.79583335,291.0822,223.1008,0.99999964
0.3,0.79791665,291.086,223.10474,0.99999964
0.3,0.8,291.08948,223.10852,0.99999964
0.3,0.8020833,291.0929,223.11215,0.99999964
0.3,0.8041667,291.09607,223.11563,0.99999964
0.3,0.80625,291.09918,223.11899,0.99999964
0.3,0.80833334,291.1021,223.12222,0.99999964
0.3,0.81041664,291.10486,223.1253,0.99999964
0.3,0.8125,291.10754,223.1283,0.99999964
0.3,0.81458336,291.11023,223.13113,0.99999964
0.3,0.81666666,291.11267,223.13391,0.99999964
0.3,0.81875,291.1151,223.13654,0.99999964
0.3,0.8208333,291.11737,223.1391,0.99999964
0.3,0.8229167,291.1195,223.14151,0.99999964
0.3,0.825,291.1217,223.14386,0.99999964
0.3,0.82708335,291.12366,223.14609,0.99999964
0.3,0.82916665,291.1256,223.14825,0.99999964
0.3,0.83125,291.1275,223.15033,0.99999964
0.3,0.8333333,291.12927,223.15231,0.99999964
0.3,0.8354167,291.13098,223.15424,0.99999964
0.3,0.8375,291.1325,223.15607,0.99999964
0.3,0.83958334,291.13416,223.15784,0.99999964
0.3,0.84166664,291.13562,223.15952,0.99999964
0.3,0.84375,291.1371,223.16113,0.99999964
0.3,0.84583336,291.13855,223.16272,0.99999964
0.3,0.84791666,291.13983,223.16422,0.99999964
0.3,0.85,291.14117,223.16565,0.99999964
0.3,0.8520833,291.1424,223.16705,0.99999964
0.3,0.8541667,291.14362,223.16837,0.99999964
0.3,0.85625,291.14465,223.16965,0.99999964
0.3,0.85833335,291.1458,223.17087,0.99999964
0.3,0.86041665,291.14685,223.17206,0.99999964
0.3,0.8625,291.14783,223.17319,0.99999964
0.3,0.8645833,291.1488,223.17426,0.99999964
0.3,0.8666667,291.14978,223.1753,0.99999964
0.3,0.86875,291.15076,223.17627,0.99999964
0.3,0.87083334,291.1515,223.17725,0.99999964
0.3,0.87291664,291.1524,223.17816,0.99999964
0.3,0.875,291.1532,223.17905,0.99999964
0.3,0.87708336,291.15393,223.1799,0.99999964
0.3,0.87916666,291.15466,223.18073,0.99999964
0.3,0.88125,291.1554,223.18152,0.99999964
0.3,0.8833333,291.15613,223.18225,0.99999964
0.3,0.8854167,291.1568,223.18298,0.99999964
0.3,0.8875,291.15735,223.18365,0.99999964
0.3,0.88958335,291.15808,223.18433,0.99999964
0.3,0.89166665,291.15857,223.18497,0.99999964
0.3,0.89375,291.15924,223.18558,0.99999964
0.3,0.8958333,291.1598,223.18616,0.99999964
0.3,0.8979167,291.16028,223.1867,0.99999964
0.3,0.9,291.16077,223.18726,0.99999964
0.3,0.90208334,291.16125,223.18777,0.99999964
0.3,0.90416664,291.16174,223.1883,0.99999964
0.3,0.90625,291.16223,223.18878,0.99999964
0.3,0.90833336,291.16266,223.18921,0.99999964
0.3,0.91041666,291.16296,223.18964,0.99999964
0.3,0.9125,291.16345,223.19006,0.99999964
0.3,0.9145833,291.16388,223.19049,0.99999964
0.3,0.9166667,291.16418,223.19086,0.99999964
0.3,0.91875,291.1646,223.19122,0.99999964
0.3,0.92083335,291.16492,223.19159,0.99999964
0.3,0.92291665,291.16522,223.19196,0.99999964
0.3,0.925,291.1656,223.19226,0.99999964
0.3,0.9270833,291.1659,223.1926,0.99999964
0.3,0.9291667,291.16614,223.1929,0.99999964
0.3,0.93125,291.16644,223.19318,0.99999964
0.3,0.93333334,291.1667,223.19348,0.99999964
0.3,0.93541664,291.16705,223.19373,0.99999964
0.3,0.9375,291.1673,223.194,0.99999964
0.3,0.93958336,291.16754,223.19421,0.99999964
0.3,0.94166666,291.1678,223.19446,0.99999964
0.3,0.94375,291.16803,223.1947,0.99999964
0.3,0.9458333,291.16815,223.19489,0.99999964
0.3,0.9479167,291.16833,223.19513,0.99999964
0.3,0.95,291.16858,223.19531,0.99999964
0.3,0.95208335,291.16882,223.1955,0.99999964
0.3,0.95416665,291.169,223.19568,0.99999964
0.3,0.95625,291.16913,223.19586,0.99999964
0.3,0.9583333,291.1693,223.19604,0.99999964
0.3,0.9604167,291.16956,223.1962,0.99999964
0.3,0.9625,291.16962,223.19635,0.99999964
0.3,0.96458334,291.1698,223.19653,0.99999964
0.3,0.96666664,291.17004,223.19666,0.99999964
0.3,0.96875,291.1701,223.19681,0.99999964
0.3,0.97083336,291.1703,223.1969,0.99999964
0.3,0.97291666,291.17047,223.19705,0.99999964
0.3,0.975,291.17053,223.19717,0.99999964
0.3,0.9770833,291.1706,223.19727,0.99999964
0.3,0.9791667,291.17078,223.19739,0.99999964
0.3,0.98125,291.17084,223.19751,0.99999964
0.3,0.98333335,291.17102,223.19763,0.99999964
0.3,0.98541665,291.17108,223.1977,0.99999964
0.3,0.9875,291.17126,223.19781,0.99999964
0.3,0.9895833,291.17126,223.19788,0.99999964
0.3,0.9916667,291.17145,223.198,0.99999964
0.3,0.99375,291.1715,223.19806,0.99999964
0.3,0.99583334,291.1715,223.19812,0.99999964
0.3,0.99791664,291.17157,223.19821,0.99999964
0.3,1.0,291.17175,223.1983,0.99999964
0.3,1.0020833,291.17175,223.19836,0.99999964
0.3,1.0041667,291.1718,223.19843,0.99999964
0.3,1.00625,291.17194,223.19849,0.99999964
0.3,1.0083333,291.172,223.19855,0.99999964
0.3,1.0104166,291.172,223.19861,0.99999964
0.3,1.0125,291.17206,223.19867,0.99999964
0.3,1.0145833,291.17206,223.19873,0.99999964
0.3,1.0166667,291.17224,223.19879,0.99999964
0.3,1.01875,291.17224,223.19882,0.99999964
0.3,1.0208334,291.17224,223.19885,0.99999964
0.3,1.0229167,291.1723,223.19891,0.99999964
0.3,1.025,291.17242,223.19897,0.99999964
0.3,1.0270833,291.1725,223.199,0.99999964
0.3,1.0291667,291.1725,223.19904,0.99999964
0.3,1.03125,291.1725,223.1991,0.99999964
0.3,1.0333333,291.1725,223.1991,0.99999964
0.3,1.0354167,291.17255,223.19916,0.99999964
0.3,1.0375,291.17255,223.19919,0.99999964
0.3,1.0395833,291.17273,223.19922,0.99999964
0.3,1.0416666,291.17273,223.19925,0.99999964
0.3,1.04375,291.17273,223.19928,0.99999964
0.3,1.0458333,291.17273,223.19931,0.99999964
0.3,1.0479167,291.17273,223.19934,0.99999964
0.3,1.05,291.17273,223.19937,0.99999964
0.3,1.0520834,291.1728,223.1994,0.99999964
0.3,1.0541667,291.1729,223.19943,0.99999964
0.3,1.05625,291.1729,223.19946,0.99999964
0.3,1.0583333,291.1729,223.19946,0.99999964
0.3,1.0604167,291.17297,223.19946,0.99999964
0.3,1.0625,291.17297,223.19952,0.99999964
0.3,1.0645833,291.17297,223.19952,0.99999964
0.3,1.0666667,291.17297,223.19952,0.99999964
0.3,1.06875,291.17297,223.19958,0.99999964
0.3,1.0708333,291.17297,223.19958,0.99999964
0.3,1.0729166,291.17297,223.19958,0.99999964
0.3,1.075,291.17297,223.19962,0.99999964
0.3,1.0770833,291.17303,223.19965,0.99999964
0.3,1.0791667,291.17303,223.19965,0.99999964
0.3,1.08125,291.17303,223.19965,0.99999964
0.3,1.0833334,291.17303,223.19968,0.99999964
0.3,1.0854167,291.17303,223.19968,0.99999964
0.3,1.0875,291.17316,223.1997,0.99999964
0.3,1.0895833,291.17316,223.1997,0.99999964
0.3,1.0916667,291.17316,223.1997,0.99999964
0.3,1.09375,291.17322,223.19974,0.99999964
0.3,1.0958333,291.17322,223.19977,0.99999964
0.3,1.0979167,291.17322,223.19977,0.99999964
0.3,1.1,291.17322,223.19977,0.99999964
0.3,1.1020833,291.17322,223.19977,0.99999964
0.3,1.1041666,291.17322,223.19977,0.99999964
0.3,1.10625,291.17322,223.1998,0.99999964
0.3,1.1083333,291.17322,223.1998,0.99999964
0.3,1.1104167,291.17322,223.1998,0.99999964
0.3,1.1125,291.17322,223.19983,0.99999964
0.3,1.1145834,291.17322,223.19983,0.99999964
0.3,1.1166667,291.17322,223.19983,0.99999964
0.3,1.11875,291.17322,223.19983,0.99999964
0.3,1.1208333,291.17322,223.19983,0.99999964
0.3,1.1229167,291.17322,223.19983,0.99999964
0.3,1.125,291.17322,223.19983,0.99999964
0.3,1.1270833,291.17322,223.19983,0.99999964
0.3,1.1291667,291.17322,223.19983,0.99999964
0.3,1.13125,291.17322,223.19989,0.99999964
0.3,1.1333333,291.17322,223.19989,0.99999964
0.3,1.1354166,291.17322,223.19989,0.99999964
0.3,1.1375,291.17328,223.19989,0.99999964
0.3,1.1395833,291.17328,223.19989,0.99999964
0.3,1.1416667,291.17328,223.19989,0.99999964
0.3,1.14375,291.1734,223.19989,0.99999964
0.3,1.1458334,291.1734,223.19989,0.99999964
0.3,1.1479167,291.1734,223.19989,0.99999964
0.3,1.15,291.1734,223.19989,0.99999964
0.3,1.1520833,291.1734,223.19989,0.99999964
0.3,1.1541667,291.1734,223.19989,0.99999964
0.3,1.15625,291.1734,223.19989,0.99999964
0.3,1.1583333,291.1734,223.19989,0.99999964
0.3,1.1604167,291.1734,223.19989,0.99999964
0.3,1.1625,291.1734,223.19989,0.99999964
0.3,1.1645833,291.1734,223.19989,0.99999964
0.3,1.1666666,291.1734,223.19989,0.99999964
0.3,1.16875,291.1734,223.19989,0.99999964
0.3,1.1708333,291.1734,223.19989,0.99999964
0.3,1.1729167,291.1734,223.19989,0.99999964
0.3,1.175,291.1734,223.19989,0.99999964
0.3,1.1770834,291.1734,223.19989,0.99999964
0.3,1.1791667,291.1734,223.19989,0.99999964
0.3,1.18125,291.1734,223.19989,0.99999964
0.3,1.1833333,291.1734,223.19989,0.99999964
0.3,1.1854167,291.1734,223.19989,0.99999964
0.3,1.1875,291.1734,223.19989,0.99999964
0.3,1.1895833,291.1734,223.19989,0.99999964
0.3,1.1916667,291.1734,223.19989,0.99999964
0.3,1.19375,291.1734,223.19989,0.99999964
0.3,1.1958333,291.1734,223.19989,0.99999964
0.3,1.1979166,291.1734,223.19989,0.99999964
0.3,1.2,291.1734,223.19989,0.99999964
0.3,1.2020833,291.1734,223.19989,0.99999964
0.3,1.2041667,291.1734,223.19989,0.99999964
0.3,1.20625,291.1734,223.19989,0.99999964
0.3,1.2083334,291.1734,223.19989,0.99999964
0.3,1.2104167,291.1734,223.19989,0.99999964
0.3,1.2125,291.1734,223.19989,0.99999964
0.3,1.2145833,291.1734,223.19989,0.99999964
0.3,1.2166667,291.1734,223.19989,0.99999964
0.3,1.21875,291.1734,223.19989,0.99999964
0.3,1.2208333,291.1734,223.19989,0.99999964
0.3,1.2229167,291.1734,223.19989,0.99999964
0.3,1.225,291.1734,223.19989,0.99999964
0.3,1.2270833,291.1734,223.19989,0.99999964
0.3,1.2291666,291.1734,223.19989,0.99999964
0.3,1.23125,291.1734,223.19989,0.99999964
0.3,1.2333333,291.1734,223.19989,0.99999964
0.3,1.2354167,291.1734,223.19989,0.99999964
0.3,1.2375,291.1734,223.19989,0.99999964
0.3,1.2395834,291.1734,223.19989,0.99999964
0.3,1.2416667,291.1734,223.19989,0.99999964
0.3,1.24375,291.1734,223.19989,0.99999964
0.3,1.2458333,291.1734,223.19989,0.99999964
0.3,1.2479167,291.1734,223.19989,0.99999964
0.3,1.25,291.1734,223.19989,0.99999964
0.3,1.2520833,291.1734,223.19989,0.99999964
0.3,1.2541667,291.1734,223.19989,0.99999964
0.3,1.25625,291.1734,223.19989,0.99999964
0.3,1.2583333,291.1734,223.19989,0.99999964
0.3,1.2604166,291.1734,223.19989,0.99999964
0.3,1.2625,291.1734,223.19989,0.99999964
0.3,1.2645833,291.1734,223.19989,0.99999964
0.3,1.2666667,291.1734,223.19989,0.99999964
0.3,1.26875,291.1734,223.19989,0.99999964
0.3,1.2708334,291.1734,223.19989,0.99999964
0.3,1.2729167,291.1734,223.19989,0.99999964
0.3,1.275,291.1734,223.19989,0.99999964
0.3,1.2770833,291.1734,223.19989,0.99999964
0.3,1.2791667,291.1734,223.19989,0.99999964
0.3,1.28125,291.1734,223.19989,0.99999964
0.3,1.2833333,291.1734,223.19989,0.99999964
0.3,1.2854167,291.1734,223.19989,0.99999964
0.3,1.2875,291.1734,223.19989,0.99999964
0.3,1.2895833,291.1734,223.19989,0.99999964
0.3,1.2916666,291.1734,223.19989,0.99999964
0.3,1.29375,291.1734,223.19989,0.99999964
0.3,1.2958333,291.1734,223.19989,0.99999964
0.3,1.2979167,291.1734,223.19989,0.99999964
0.3,1.3,291.1734,223.19989,0.99999964
0.3,1.3020834,291.1734,223.19989,0.99999964
0.3,1.3041667,291.1734,223.19989,0.99999964
0.3,1.30625,291.1734,223.19989,0.99999964
0.3,1.3083333,291.1734,223.19989,0.99999964
0.3,1.3104167,291.1734,223.19989,0.99999964
0.3,1.3125,291.1734,223.19989,0.99999964
0.3,1.3145833,291.1734,223.19989,0.99999964
0.3,1.3166667,291.1734,223.19989,0.99999964
0.3,1.31875,291.1734,223.19989,0.99999964
0.3,1.3208333,291.1734,223.19989,0.99999964
0.3,1.3229166,291.1734,223.19989,0.99999964
0.3,1.325,291.1734,223.19989,0.99999964
0.3,1.3270833,291.1734,223.19989,0.99999964
0.3,1.3291667,291.1734,223.19989,0.99999964
0.3,1.33125,291.1734,223.19989,0.99999964
0.3,1.3333334,291.1734,223.19989,0.99999964
0.3,1.3354167,291.1734,223.19989,0.99999964
0.3,1.3375,291.1734,223.19989,0.99999964
0.3,1.3395833,291.1734,223.19989,0.99999964
0.3,1.3416667,291.1734,223.19989,0.99999964
0.3,1.34375,291.1734,223.19989,0.99999964
0.3,1.3458333,291.1734,223.19989,0.99999964
0.3,1.3479167,291.1734,223.19989,0.99999964
0.3,1.35,291.1734,223.19989,0.99999964
0.3,1.3520833,291.1734,223.19989,0.99999964
0.3,1.3541666,291.1734,223.19989,0.99999964
0.3,1.35625,291.1734,223.19989,0.99999964
0.3,1.3583333,291.1734,223.19989,0.99999964
0.3,1.3604167,291.1734,223.19989,0.99999964
0.3,1.3625,291.1734,223.19989,0.99999964
0.3,1.3645834,291.1734,223.19989,0.99999964
0.3,1.3666667,291.1734,223.19989,0.99999964
0.3,1.36875,291.1734,223.19989,0.99999964
0.3,1.3708333,291.1734,223.19989,0.99999964
0.3,1.3729167,291.1734,223.19989,0.99999964
0.3,1.375,291.1734,223.19989,0.99999964
0.3,1.3770833,291.1734,223.19989,0.99999964
0.3,1.3791667,291.1734,223.19989,0.99999964
0.3,1.38125,291.1734,223.19989,0.99999964
0.3,1.3833333,291.1734,223.19989,0.99999964
0.3,1.3854166,291.1734,223.19989,0.99999964
0.3,1.3875,291.1734,223.19989,0.99999964
0.3,1.3895833,291.1734,223.19989,0.99999964
0.3,1.3916667,291.1734,223.19989,0.99999964
0.3,1.39375,291.1734,223.19989,0.99999964
0.3,1.3958334,291.1734,223.19989,0.99999964
0.3,1.3979167,291.1734,223.19989,0.99999964
0.3,1.4,291.1734,223.19989,0.99999964
0.3,1.4020833,291.1734,223.19989,0.99999964
0.3,1.4041667,291.1734,223.19989,0.99999964
0.3,1.40625,291.1734,223.19989,0.99999964
0.3,1.4083333,291.1734,223.19989,0.99999964
0.3,1.4104167,291.1734,223.19989,0.99999964
0.3,1.4125,291.1734,223.19989,0.99999964
0.3,1.4145833,291.1734,223.19989,0.99999964
0.3,1.4166666,291.1734,223.19989,0.99999964
0.3,1.41875,291.1734,223.19989,0.99999964
0.3,1.4208333,291.1734,223.19989,0.99999964
0.3,1.4229167,291.1734,223.19989,0.99999964
0.3,1.425,291.1734,223.19989,0.99999964
0.3,1.4270834,291.1734,223.19989,0.99999964
0.3,1.4291667,291.1734,223.19989,0.99999964
0.3,1.43125,291.1734,223.19989,0.99999964
0.3,1.4333333,291.1734,223.19989,0.99999964
0.3,1.4354167,291.1734,223.19989,0.99999964
0.3,1.4375,291.1734,223.19989,0.99999964
0.3,1.4395833,291.1734,223.19989,0.99999964
0.3,1.4416667,291.1734,223.19989,0.99999964
0.3,1.44375,291.1734,223.19989,0.99999964
0.3,1.4458333,291.1734,223.19989,0.99999964
0.3,1.4479166,291.1734,223.19989,0.99999964
0.3,1.45,291.1734,223.19989,0.99999964
0.3,1.4520833,291.1734,223.19989,0.99999964
0.3,1.4541667,291.1734,223.19989,0.99999964
0.3,1.45625,291.1734,223.19989,0.99999964
0.3,1.4583334,291.1734,223.19989,0.99999964
0.3,1.4604167,291.1734,223.19989,0.99999964
0.3,1.4625,291.1734,223.19989,0.99999964
0.3,1.4645833,291.1734,223.19989,0.99999964
0.3,1.4666667,291.1734,223.19989,0.99999964
0.3,1.46875,291.1734,223.19989,0.99999964
0.3,1.4708333,291.1734,223.19989,0.99999964
0.3,1.4729167,291.1734,223.19989,0.99999964
0.3,1.475,291.1734,223.19989,0.99999964
0.3,1.4770833,291.1734,223.19989,0.99999964
0.3,1.4791666,291.1734,223.19989,0.99999964
0.3,1.48125,291.1734,223.19989,0.99999964
0.3,1.4833333,291.1734,223.19989,0.99999964
0.3,1.4854167,291.1734,223.19989,0.99999964
0.3,1.4875,291.1734,223.19989,0.99999964
0.3,1.4895834,291.1734,223.19989,0.99999964
0.3,1.4916667,291.1734,223.19989,0.99999964
0.3,1.49375,291.1734,223.19989,0.99999964
0.3,1.4958333,291.1734,223.19989,0.99999964
0.3,1.4979167,291.1734,223.19989,0.99999964
0.3,1.5,291.1734,223.19989,0.99999964
0.3,1.5020833,291.1734,223.19989,0.99999964
0.3,1.5041667,291.1734,223.19989,0.99999964
0.3,1.50625,291.1734,223.19989,0.99999964
0.3,1.5083333,291.1734,223.19989,0.99999964
0.3,1.5104166,291.1734,223.19989,0.99999964
0.3,1.5125,291.1734,223.19989,0.99999964
0.3,1.5145833,291.1734,223.19989,0.99999964
0.3,1.5166667,291.1734,223.19989,0.99999964
0.3,1.51875,291.1734,223.19989,0.99999964
0.3,1.5208334,291.1734,223.19989,0.99999964
0.3,1.5229167,291.1734,223.19989,0.99999964
0.3,1.525,291.1734,223.19989,0.99999964
0.3,1.5270833,291.1734,223.19989,0.99999964
0.3,1.5291667,291.1734,223.19989,0.99999964
0.3,1.53125,291.1734,223.19989,0.99999964
0.3,1.5333333,291.1734,223.19989,0.99999964
0.3,1.5354167,291.1734,223.19989,0.99999964
0.3,1.5375,291.1734,223.19989,0.99999964
0.3,1.5395833,291.1734,223.19989,0.99999964
0.3,1.5416666,291.1734,223.19989,0.99999964
0.3,1.54375,291.1734,223.19989,0.99999964
0.3,1.5458333,291.1734,223.19989,0.99999964
0.3,1.5479167,291.1734,223.19989,0.99999964
0.3,1.55,291.1734,223.19989,0.99999964
0.3,1.5520834,291.1734,223.19989,0.99999964
0.3,1.5541667,291.1734,223.19989,0.99999964
0.3,1.55625,291.1734,223.19989,0.99999964
0.3,1.5583333,291.1734,223.19989,0.99999964
0.3,1.5604167,291.1734,223.19989,0.99999964
0.3,1.5625,291.1734,223.19989,0.99999964
0.3,1.5645833,291.1734,223.19989,0.99999964
0.3,1.5666667,291.1734,223.19989,0.99999964
0.3,1.56875,291.1734,223.19989,0.99999964
0.3,1.5708333,291.1734,223.19989,0.99999964
0.3,1.5729166,291.1734,223.19989,0.99999964
0.3,1.575,291.1734,223.19989,0.99999964
0.3,1.5770833,291.1734,223.19989,0.99999964
0.3,1.5791667,291.1734,223.19989,0.99999964
0.3,1.58125,291.1734,223.19989,0.99999964
0.3,1.5833334,291.1734,223.19989,0.99999964
0.3,1.5854167,291.1734,223.19989,0.99999964
0.3,1.5875,291.1734,223.19989,0.99999964
0.3,1.5895833,291.1734,223.19989,0.99999964
0.3,1.5916667,291.1734,223.19989,0.99999964
0.3,1.59375,291.1734,223.19989,0.99999964
0.3,1.5958333,291.1734,223.19989,0.99999964
0.3,1.5979167,291.1734,223.19989,0.99999964
0.3,1.6,291.1734,223.19989,0.99999964
0.3,1.6020833,291.1734,223.19989,0.99999964
0.3,1.6041666,291.1734,223.19989,0.99999964
0.3,1.60625,291.1734,223.19989,0.99999964
0.3,1.6083333,291.1734,223.19989,0.99999964
0.3,1.6104167,291.1734,223.19989,0.99999964
0.3,1.6125,291.1734,223.19989,0.99999964
0.3,1.6145834,291.1734,223.19989,0.99999964
0.3,1.6166667,291.1734,223.19989,0.99999964
0.3,1.61875,291.1734,223.19989,0.99999964
0.3,1.6208333,291.1734,223.19989,0.99999964
0.3,1.6229167,291.1734,223.19989,0.99999964
0.3,1.625,291.1734,223.19989,0.99999964
0.3,1.6270833,291.1734,223.19989,0.99999964
0.3,1.6291667,291.1734,223.19989,0.99999964
0.3,1.63125,291.1734,223.19989,0.99999964
0.3,1.6333333,291.1734,223.19989,0.99999964
0.3,1.6354166,291.1734,223.19989,0.99999964
0.3,1.6375,291.1734,223.19989,0.99999964
0.3,1.6395833,291.1734,223.19989,0.99999964
0.3,1.6416667,291.1734,223.19989,0.99999964
0.3,1.64375,291.1734,223.19989,0.99999964
0.3,1.6458334,291.1734,223.19989,0.99999964
0.3,1.6479167,291.1734,223.19989,0.99999964
0.3,1.65,291.1734,223.19989,0.99999964
0.3,1.6520833,291.1734,223.19989,0.99999964
0.3,1.6541667,291.1734,223.19989,0.99999964
0.3,1.65625,291.1734,223.19989,0.99999964
0.3,1.6583333,291.1734,223.19989,0.99999964
0.3,1.6604167,291.1734,223.19989,0.99999964
0.3,1.6625,291.1734,223.19989,0.99999964
0.3,1.6645833,291.1734,223.19989,0.99999964
0.3,1.6666666,291.1734,223.19989,0.99999964
0.3,1.66875,291.1734,223.19989,0.99999964
0.3,1.6708333,291.1734,223.19989,0.99999964
0.3,1.6729167,291.1734,223.19989,0.99999964
0.3,1.675,291.1734,223.19989,0.99999964
0.3,1.6770834,291.1734,223.19989,0.99999964
0.3,1.6791667,291.1734,223.19989,0.99999964
0.3,1.68125,291.1734,223.19989,0.99999964
0.3,1.6833333,291.1734,223.19989,0.99999964
0.3,1.6854167,291.1734,223.19989,0.99999964
0.3,1.6875,291.1734,223.19989,0.99999964
0.3,1.6895833,291.1734,223.19989,0.99999964
0.3,1.6916667,291.1734,223.19989,0.99999964
0.3,1.69375,291.1734,223.19989,0.99999964
0.3,1.6958333,291.1734,223.19989,0.99999964
0.3,1.6979166,291.1734,223.19989,0.99999964
0.3,1.7,291.1734,223.19989,0.99999964
0.3,1.7020833,291.1734,223.19989,0.99999964
0.3,1.7041667,291.1734,223.19989,0.99999964
0.3,1.70625,291.1734,223.19989,0.99999964
0.3,1.7083334,291.1734,223.19989,0.99999964
0.3,1.7104167,291.1734,223.19989,0.99999964
0.3,1.7125,291.1734,223.19989,0.99999964
0.3,1.7145833,291.1734,223.19989,0.99999964
0.3,1.7166667,291.1734,223.19989,0.99999964
0.3,1.71875,291.1734,223.19989,0.99999964
0.3,1.7208333,291.1734,223.19989,0.99999964
0.3,1.7229167,291.1734,223.19989,0.99999964
0.3,1.725,291.1734,223.19989,0.99999964
0.3,1.7270833,291.1734,223.19989,0.99999964
0.3,1.7291666,291.1734,223.19989,0.99999964
0.3,1.73125,291.1734,223.19989,0.99999964
0.3,1.7333333,291.1734,223.19989,0.99999964
0.3,1.7354167,291.1734,223.19989,0.99999964
0.3,1.7375,291.1734,223.19989,0.99999964
0.3,1.7395834,291.1734,223.19989,0.99999964
0.3,1.7416667,291.1734,223.19989,0.99999964
0.3,1.74375,291.1734,223.19989,0.99999964
0.3,1.7458333,291.1734,223.19989,0.99999964
0.3,1.7479167,291.1734,223.19989,0.99999964
0.3,1.75,291.1734,223.19989,0.99999964
0.3,1.7520833,291.1734,223.19989,0.99999964
0.3,1.7541667,291.1734,223.19989,0.99999964
0.3,1.75625,291.1734,223.19989,0.99999964
0.3,1.7583333,291.1734,223.19989,0.99999964
0.3,1.7604166,291.1734,223.19989,0.99999964
0.3,1.7625,291.1734,223.19989,0.99999964
0.3,1.7645833,291.1734,223.19989,0.99999964
0.3,1.7666667,291.1734,223.19989,0.99999964
0.3,1.76875,291.1734,223.19989,0.99999964
0.3,1.7708334,291.1734,223.19989,0.99999964
0.3,1.7729167,291.1734,223.19989,0.99999964
0.3,1.775,291.1734,223.19989,0.99999964
0.3,1.7770833,291.1734,223.19989,0.99999964
0.3,1.7791667,291.1734,223.19989,0.99999964
0.3,1.78125,291.1734,223.19989,0.99999964
0.3,1.7833333,291.1734,223.19989,0.99999964
0.3,1.7854167,291.1734,223.19989,0.99999964
0.3,1.7875,291.1734,223.19989,0.99999964
0.3,1.7895833,291.1734,223.19989,0.99999964
0.3,1.7916666,291.1734,223.19989,0.99999964
0.3,1.79375,291.1734,223.19989,0.99999964
0.3,1.7958333,291.1734,223.19989,0.99999964
0.3,1.7979167,291.1734,223.19989,0.99999964
0.3,1.8,291.1734,223.19989,0.99999964
0.3,1.8020834,291.1734,223.19989,0.99999964
0.3,1.8041667,291.1734,223.19989,0.99999964
0.3,1.80625,291.1734,223.19989,0.99999964
0.3,1.8083333,291.1734,223.19989,0.99999964
0.3,1.8104167,291.1734,223.19989,0.99999964
0.3,1.8125,291.1734,223.19989,0.99999964
0.3,1.8145833,291.1734,223.19989,0.99999964
0.3,1.8166667,291.1734,223.19989,0.99999964
0.3,1.81875,291.1734,223.19989,0.99999964
0.3,1.8208333,291.1734,223.19989,0.99999964
0.3,1.8229166,291.1734,223.19989,0.99999964
0.3,1.825,291.1734,223.19989,0.99999964
0.3,1.8270833,291.1734,223.19989,0.99999964
0.3,1.8291667,291.1734,223.19989,0.99999964
0.3,1.83125,291.1734,223.19989,0.99999964
0.3,1.8333334,291.1734,223.19989,0.99999964
0.3,1.8354167,291.1734,223.19989,0.99999964
0.3,1.8375,291.1734,223.19989,0.99999964
0.3,1.8395833,291.1734,223.19989,0.99999964
0.3,1.8416667,291.1734,223.19989,0.99999964
0.3,1.84375,291.1734,223.19989,0.99999964
0.3,1.8458333,291.1734,223.19989,0.99999964
0.3,1.8479167,291.1734,223.19989,0.99999964
0.3,1.85,291.1734,223.19989,0.99999964
0.3,1.8520833,291.1734,223.19989,0.99999964
0.3,1.8541666,291.1734,223.19989,0.99999964
0.3,1.85625,291.1734,223.19989,0.99999964
0.3,1.8583333,291.1734,223.19989,0.99999964
0.3,1.8604167,291.1734,223.19989,0.99999964
0.3,1.8625,291.1734,223.19989,0.99999964
0.3,1.8645834,291.1734,223.19989,0.99999964
0.3,1.8666667,291.1734,223.19989,0.99999964
0.3,1.86875,291.1734,223.19989,0.99999964
0.3,1.8708333,291.1734,223.19989,0.99999964
0.3,1.8729167,291.1734,223.19989,0.99999964
0.3,1.875,291.1734,223.19989,0.99999964
0.3,1.8770833,291.1734,223.19989,0.99999964
0.3,1.8791667,291.1734,223.19989,0.99999964
0.3,1.88125,291.1734,223.19989,0.99999964
0.3,1.8833333,291.1734,223.19989,0.99999964
0.3,1.8854166,291.1734,223.19989,0.99999964
0.3,1.8875,291.1734,223.19989,0.99999964
0.3,1.8895833,291.1734,223.19989,0.99999964
0.3,1.8916667,291.1734,223.19989,0.99999964
0.3,1.89375,291.1734,223.19989,0.99999964
0.3,1.8958334,291.1734,223.19989,0.99999964
0.3,1.8979167,291.1734,223.19989,0.99999964
0.3,1.9,291.1734,223.19989,0.99999964
0.3,1.9020833,291.1734,223.19989,0.99999964
0.3,1.9041667,291.1734,223.19989,0.99999964
0.3,1.90625,291.1734,223.19989,0.99999964
0.3,1.9083333,291.1734,223.19989,0.99999964
0.3,1.9104167,291.1734,223.19989,0.99999964
0.3,1.9125,291.1734,223.19989,0.99999964
0.3,1.9145833,291.1734,223.19989,0.99999964
0.3,1.9166666,291.1734,223.19989,0.99999964
0.3,1.91875,291.1734,223.19989,0.99999964
0.3,1.9208333,291.1734,223.19989,0.99999964
0.3,1.9229167,291.1734,223.19989,0.99999964
0.3,1.925,291.1734,223.19989,0.99999964
0.3,1.9270834,291.1734,223.19989,0.99999964
0.3,1.9291667,291.1734,223.19989,0.99999964
0.3,1.93125,291.1734,223.19989,0.99999964
0.3,1.9333333,291.1734,223.19989,0.99999964
0.3,1.9354167,291.1734,223.19989,0.99999964
0.3,1.9375,291.1734,223.19989,0.99999964
0.3,1.9395833,291.1734,223.19989,0.99999964
0.3,1.9416667,291.1734,223.19989,0.99999964
0.3,1.94375,291.1734,223.19989,0.99999964
0.3,1.9458333,291.1734,223.19989,0.99999964
0.3,1.9479166,291.1734,223.19989,0.99999964
0.3,1.95,291.1734,223.19989,0.99999964
0.3,1.9520833,291.1734,223.19989,0.99999964
0.3,1.9541667,291.1734,223.19989,0.99999964
0.3,1.95625,291.1734,223.19989,0.99999964
0.3,1.9583334,291.1734,223.19989,0.99999964
0.3,1.9604167,291.1734,223.19989,0.99999964
0.3,1.9625,291.1734,223.19989,0.99999964
0.3,1.9645833,291.1734,223.19989,0.99999964
0.3,1.9666667,291.1734,223.19989,0.99999964
0.3,1.96875,291.1734,223.19989,0.99999964
0.3,1.9708333,291.1734,223.19989,0.99999964
0.3,1.9729167,291.1734,223.19989,0.99999964
0.3,1.975,291.1734,223.19989,0.99999964
0.3,1.9770833,291.1734,223.19989,0.99999964
0.3,1.9791666,291.1734,223.19989,0.99999964
0.3,1.98125,291.1734,223.19989,0.99999964
0.3,1.9833333,291.1734,223.19989,0.99999964
0.3,1.9854167,291.1734,223.19989,0.99999964
0.3,1.9875,291.1734,223.19989,0.99999964
0.3,1.9895834,291.1734,223.19989,0.99999964
0.3,1.9916667,291.1734,223.19989,0.99999964
0.3,1.99375,291.1734,223.19989,0.99999964
0.3,1.9958333,291.1734,223.19989,0.99999964
0.3,1.9979167,291.1734,223.19989,0.99999964
0.3,2.0,291.1734,223.19989,0.99999964
0.5,0.0020833334,291.17114,223.19763,0.0
0.5,0.004166667,291.17123,223.19775,1.3688598E-5
0.5,0.00625,291.17078,223.19662,6.5514534E-5
0.5,0.008333334,291.16815,223.1903,1.7592883E-4
0.5,0.010416667,291.16098,223.17242,3.6186643E-4
0.5,0.0125,291.1468,223.13547,6.3717965E-4
0.5,0.014583333,291.12372,223.07184,0.0010130333
0.5,0.016666668,291.09058,222.97461,0.0014982127
0.5,0.01875,291.04703,222.83765,0.00209949
0.5,0.020833334,290.99365,222.65622,0.002821797
0.5,0.022916667,290.93195,222.42697,0.0036686214
0.5,0.025,290.8639,222.1478,0.004642024
0.5,0.027083334,290.79242,221.818,0.005743046
0.5,0.029166667,290.72064,221.43805,0.006971629
0.5,0.03125,290.6521,221.0094,0.008327022
0.5,0.033333335,290.59055,220.53442,0.009807722
0.5,0.035416666,290.53973,220.01617,0.011411609
0.5,0.0375,290.50323,219.45819,0.013136238
0.5,0.039583333,290.48468,218.86456,0.014978602
0.5,0.041666668,290.48724,218.23941,0.01693558
0.5,0.04375,290.51385,217.58719,0.019003589
0.5,0.045833334,290.56714,216.91223,0.021179123
0.5,0.047916666,290.64914,216.21893,0.023458289
0.5,0.05,290.76175,215.51141,0.025837349
0.5,0.052083332,290.90625,214.79376,0.028312298
0.5,0.054166667,291.08362,214.0697,0.03087934
0.5,0.05625,291.2943,213.34283,0.033534426
0.5,0.058333334,291.53857,212.61636,0.03627384
0.5,0.060416665,291.81616,211.89331,0.039093632
0.5,0.0625,292.12653,211.17639,0.04199022
0.5,0.06458333,292.46893,210.4679,0.044959847
0.5,0.06666667,292.84222,209.77002,0.04799889
0.5,0.06875,293.24518,209.0846,0.051104035
0.5,0.07083333,293.67615,208.41321,0.054271776
0.5,0.072916664,294.13354,207.7572,0.057499047
0.5,0.075,294.6156,207.11774,0.060782578
0.5,0.077083334,295.12036,206.4957,0.06411951
0.5,0.079166666,295.6458,205.89178,0.06750677
0.5,0.08125,296.18997,205.30658,0.07094183
0.5,0.083333336,296.75073,204.74042,0.074421816
0.5,0.08541667,297.326,204.19363,0.07794442
0.5,0.0875,297.91364,203.66632,0.08150702
0.5,0.08958333,298.51178,203.15845,0.085107535
0.5,0.09166667,299.11816,202.66998,0.088743575
0.5,0.09375,299.73108,202.20068,0.092413254
0.5,0.09583333,300.34848,201.7504,0.096114516
0.5,0.09791667,300.96854,201.31879,0.099845365
0.5,0.1,301.5896,200.9054,0.10360425
0.5,0.10208333,302.2099,200.50998,0.10738928
0.5,0.104166664,302.82794,200.13196,0.11119908
0.5,0.10625,303.4422,199.77094,0.11503193
0.5,0.108333334,304.05133,199.42639,0.11888662
0.5,0.110416666,304.65405,199.09778,0.122761585
0.5,0.1125,305.24908,198.7846,0.12665577
0.5,0.114583336,305.8355,198.48639,0.1305678
0.5,0.11666667,306.4121,198.20245,0.13449675
0.5,0.11875,306.97818,197.9324,0.13844132
0.5,0.12083333,307.53278,197.6756,0.14240076
0.5,0.12291667,308.07526,197.43158,0.1463739
0.5,0.125,308.60492,197.19983,0.15036009
0.5,0.12708333,309.12128,196.97974,0.15435837
0.5,0.12916666,309.62384,196.77087,0.15836786
0.5,0.13125,310.11212,196.57278,0.16238791
0.5,0.13333334,310.58594,196.38489,0.16641799
0.5,0.13541667,311.04492,196.20679,0.17045732
0.5,0.1375,311.4889,196.03802,0.17450514
0.5,0.13958333,311.9178,195.87814,0.17856117
0.5,0.14166667,312.33142,195.72675,0.18262462
0.5,0.14375,312.72992,195.58337,0.18669525
0.5,0.14583333,313.11316,195.4477,0.19077231
0.5,0.14791666,313.48132,195.31927,0.19485566
0.5,0.15,313.8344,195.19781,0.19894475
0.5,0.15208334,314.17273,195.08292,0.20303908
0.5,0.15416667,314.49634,194.97427,0.20713837
0.5,0.15625,314.80548,194.87152,0.21124244
0.5,0.15833333,315.10046,194.77441,0.21535084
0.5,0.16041666,315.38147,194.68268,0.21946315
0.5,0.1625,315.6488,194.59595,0.22357926
0.5,0.16458334,315.9029,194.51404,0.22769901
0.5,0.16666667,316.14392,194.43665,0.231822
0.5,0.16875,316.37225,194.36353,0.23594797
0.5,0.17083333,316.58832,194.2945,0.2400769
0.5,0.17291667,316.79242,194.22931,0.24420832
0.5,0.175,316.98505,194.16779,0.24834234
0.5,0.17708333,317.16644,194.10971,0.25247854
0.5,0.17916666,317.33698,194.05487,0.25661704
0.5,0.18125,317.49725,194.00311,0.26075748
0.5,0.18333334,317.6474,193.95428,0.26489967
0.5,0.18541667,317.78796,193.9082,0.2690436
0.5,0.1875,317.91925,193.86469,0.27318925
0.5,0.18958333,318.0417,193.82367,0.27733636
0.5,0.19166666,318.15564,193.78497,0.28148475
0.5,0.19375,318.26147,193.74844,0.28563443
0.5,0.19583334,318.35962,193.71399,0.28978544
0.5,0.19791667,318.45032,193.68152,0.2939376
0.5,0.2,318.5341,193.65088,0.29809067
0.5,0.20208333,318.6111,193.62201,0.30224466
0.5,0.20416667,318.68182,193.59473,0.30639982
0.5,0.20625,318.74658,193.56903,0.31055558
0.5,0.20833333,318.80557,193.5448,0.31471214
0.5,0.21041666,318.85938,193.52197,0.31886938
0.5,0.2125,318.90796,193.50043,0.32302755
0.5,0.21458334,318.95178,193.4801,0.3271861
0.5,0.21666667,318.99118,193.46097,0.33134526
0.5,0.21875,319.02646,193.44293,0.33550495
0.5,0.22083333,319.0577,193.4259,0.33966535
0.5,0.22291666,319.0852,193.40985,0.343826
0.5,0.225,319.1093,193.39471,0.34798706
0.5,0.22708334,319.13025,193.3805,0.35214874
0.5,0.22916667,319.14813,193.36703,0.35631058
0.5,0.23125,319.16327,193.35437,0.36047274
0.5,0.23333333,319.17584,193.34247,0.36463523
0.5,0.23541667,319.1861,193.33118,0.36879826
0.5,0.2375,319.1941,193.32059,0.37296134
0.5,0.23958333,319.20007,193.31058,0.37712467
0.5,0.24166666,319.20422,193.30118,0.38128823
0.5,0.24375,319.20667,193.2923,0.38545227
0.5,0.24583334,319.20758,193.28394,0.38961625
0.5,0.24791667,319.2071,193.27603,0.39378044
0.5,0.25,319.2054,193.26862,0.39794484
0.5,0.25208333,319.20245,193.2616,0.4021096
0.5,0.25416666,319.19858,193.255,0.4062743
0.5,0.25625,319.19373,193.24878,0.41043907
0.5,0.25833333,319.1881,193.24292,0.41460428
0.5,0.26041666,319.1817,193.23743,0.41876933
0.5,0.2625,319.1748,193.23218,0.42293447
0.5,0.26458332,319.16724,193.2273,0.42709973
0.5,0.26666668,319.15933,193.22266,0.43126535
0.5,0.26875,319.151,193.21832,0.43543082
0.5,0.27083334,319.14233,193.21423,0.43959638
0.5,0.27291667,319.13342,193.21036,0.44376227
0.5,0.275,319.12424,193.20673,0.44792795
0.5,0.27708334,319.115,193.20325,0.45209372
0.5,0.27916667,319.10565,193.20004,0.45625958
0.5,0.28125,319.09625,193.19699,0.46042544
0.5,0.28333333,319.08685,193.19409,0.46459162
0.5,0.28541666,319.07748,193.1914,0.46875763
0.5,0.2875,319.0681,193.18884,0.47292367
0.5,0.28958333,319.05884,193.18646,0.47709
0.5,0.29166666,319.04968,193.1842,0.48125613
0.5,0.29375,319.0408,193.18207,0.48542228
0.5,0.29583332,319.03195,193.18005,0.4895884
0.5,0.29791668,319.02322,193.17816,0.49375483
0.5,0.3,319.01477,193.17636,0.4979211
0.5,0.30208334,319.0066,193.17468,0.50208735
0.5,0.30416667,318.99854,193.1731,0.5062539
0.5,0.30625,318.99072,193.1716,0.5104202
0.5,0.30833334,318.98315,193.17023,0.51458657
0.5,0.31041667,318.97583,193.16888,0.5187529
0.5,0.3125,318.96875,193.1676,0.5229193
0.5,0.31458333,318.9619,193.16644,0.52708596
0.5,0.31666666,318.95532,193.16534,0.5312524
0.5,0.31875,318.94907,193.1643,0.5354188
0.5,0.32083333,318.943,193.1633,0.5395855
0.5,0.32291666,318.93713,193.16235,0.5437519
0.5,0.325,318.93164,193.1615,0.5479183
0.5,0.32708332,318.92627,193.16064,0.5520848
0.5,0.32916668,318.92126,193.15991,0.5562515
0.5,0.33125,318.91647,193.15918,0.560418
0.5,0.33333334,318.91187,193.15848,0.5645845
0.5,0.33541667,318.90747,193.15784,0.5687513
0.5,0.3375,318.90335,193.15723,0.57291776
0.5,0.33958334,318.89954,193.15662,0.57708424
0.5,0.34166667,318.89587,193.15607,0.5812507
0.5,0.34375,318.89233,193.15558,0.5854172
0.5,0.34583333,318.88904,193.15509,0.58958405
0.5,0.34791666,318.886,193.15466,0.5937506
0.5,0.35,318.88318,193.15424,0.5979172
0.5,0.35208333,318.88046,193.15381,0.602084
0.5,0.35416666,318.87793,193.15344,0.6062506
0.5,0.35625,318.87558,193.15308,0.6104171
0.5,0.35833332,318.87338,193.15271,0.61458373
0.5,0.36041668,318.87134,193.1524,0.6187505
0.5,0.3625,318.8695,193.15213,0.6229171
0.5,0.36458334,318.86768,193.15186,0.62708366
0.5,0.36666667,318.8661,193.15155,0.6312505
0.5,0.36875,318.86462,193.1513,0.63541704
0.5,0.37083334,318.8632,193.1511,0.63958365
0.5,0.37291667,318.86197,193.15088,0.6437502
0.5,0.375,318.86084,193.15067,0.6479168
0.5,0.37708333,318.85983,193.15045,0.6520836
0.5,0.37916666,318.8589,193.15027,0.6562502
0.5,0.38125,318.85812,193.15009,0.6604167
0.5,0.38333333,318.8573,193.14993,0.6645835
0.5,0.38541666,318.8566,193.14978,0.6687501
0.5,0.3875,318.85605,193.1496,0.6729167
0.5,0.38958332,318.85547,193.14948,0.67708325
0.5,0.39166668,318.8551,193.14935,0.68125004
0.5,0.39375,318.8546,193.14923,0.68541664
0.5,0.39583334,318.85437,193.14911,0.6895832
0.5,0.39791667,318.854,193.14899,0.69375
0.5,0.4,318.85388,193.14893,0.69791657
0.5,0.40208334,318.85364,193.1488,0.7020832
0.5,0.40416667,318.85352,193.14874,0.7062497
0.5,0.40625,318.8534,193.14862,0.7104163
0.5,0.40833333,318.85327,193.14856,0.7145831
0.5,0.41041666,318.85327,193.1485,0.7187497
0.5,0.4125,318.85327,193.1484,0.72291625
0.5,0.41458333,318.85327,193.14835,0.72708315
0.5,0.41666666,318.8534,193.14825,0.73124975
0.5,0.41875,318.8534,193.1482,0.7354163
0.5,0.42083332,318.85352,193.14813,0.7395829
0.5,0.42291668,318.85364,193.14813,0.74374974
0.5,0.425,318.85376,193.14807,0.74791634
0.5,0.42708334,318.85388,193.14801,0.7520829
0.5,0.42916667,318.854,193.14798,0.7562498
0.5,0.43125,318.85425,193.14792,0.7604163
0.5,0.43333334,318.85437,193.14789,0.76458293
0.5,0.43541667,318.8545,193.14786,0.76874954
0.5,0.4375,318.85474,193.14783,0.7729161
0.5,0.43958333,318.85498,193.14777,0.777083
0.5,0.44166666,318.8551,193.14777,0.7812495
0.5,0.44375,318.85535,193.1477,0.7854161
0.5,0.44583333,318.85547,193.1477,0.78958297
0.5,0.44791666,318.8557,193.14767,0.79374963
0.5,0.45,318.85596,193.14764,0.7979163
0.5,0.45208332,318.85608,193.14764,0.80208296
0.5,0.45416668,318.85632,193.14758,0.80624986
0.5,0.45625,318.85645,193.14758,0.81041646
0.5,0.45833334,318.8567,193.14755,0.81458306
0.5,0.46041667,318.85693,193.14752,0.81874996
0.5,0.4625,318.85706,193.14752,0.8229165
0.5,0.46458334,318.85718,193.14752,0.8270831
0.5,0.46666667,318.85742,193.14749,0.83124965
0.5,0.46875,318.85754,193.14746,0.83541626
0.5,0.47083333,318.8578,193.14746,0.8395831
0.5,0.47291666,318.8579,193.14746,0.8437497
0.5,0.475,318.85803,193.14743,0.84791625
0.5,0.47708333,318.85815,193.14743,0.85208315
0.5,0.47916666,318.8584,193.1474,0.85624975
0.5,0.48125,318.85852,193.1474,0.8604163
0.5,0.48333332,318.85864,193.1474,0.8645829
0.5,0.48541668,318.85876,193.1474,0.86874974
0.5,0.4875,318.8589,193.1474,0.87291634
0.5,0.48958334,318.859,193.1474,0.8770829
0.5,0.49166667,318.85913,193.14734,0.8812498
0.5,0.49375,318.85925,193.14734,0.8854163
0.5,0.49583334,318.85938,193.14734,0.88958293
0.5,0.49791667,318.85938,193.14734,0.89374954
0.5,0.5,318.8595,193.14734,0.8979161
0.5,0.50208336,318.85962,193.14734,0.902083
0.5,0.50416666,318.85974,193.14734,0.9062359
0.5,0.50625,318.85974,193.14734,0.9103509
0.5,0.5083333,318.85986,193.14731,0.91440713
0.5,0.5104167,318.85986,193.14731,0.91838783
0.5,0.5125,318.86,193.14731,0.9222791
0.5,0.51458335,318.8601,193.14728,0.9260699
0.5,0.51666665,318.86023,193.14728,0.9297514
0.5,0.51875,318.86017,193.14728,0.93331695
0.5,0.5208333,318.86017,193.14728,0.93676126
0.5,0.5229167,318.86023,193.14728,0.9400813
0.5,0.525,318.86035,193.14728,0.94327444
0.5,0.52708334,318.86035,193.14725,0.9463401
0.5,0.52916664,318.86035,193.14725,0.9492781
0.5,0.53125,318.86047,193.14725,0.9520893
0.5,0.53333336,318.86053,193.14725,0.9547754
0.5,0.53541666,318.8606,193.14725,0.9573381
0.5,0.5375,318.8606,193.14722,0.9597803
0.5,0.5395833,318.8606,193.14722,0.96210456
0.5,0.5416667,318.86066,193.14722,0.9643142
0.5,0.54375,318.85773,193.14856,0.96641284
0.5,0.54583335,318.84644,193.15378,0.968404
0.5,0.54791665,318.82178,193.16501,0.97029144
0.5,0.55,318.77948,193.1842,0.9720792
0.5,0.5520833,318.7157,193.21301,0.97377086
0.5,0.5541667,318.62708,193.25287,0.9753705
0.5,0.55625,318.51105,193.30487,0.9768821
0.5,0.55833334,318.3651,193.37006,0.97830933
0.5,0.56041664,318.18738,193.44922,0.9796561
0.5,0.5625,317.9768,193.54291,0.9809262
0.5,0.56458336,317.73212,193.65161,0.9821233
0.5,0.56666666,317.45282,193.77557,0.9832509
0.5,0.56875,317.13873,193.91507,0.9843125
0.5,0.5708333,316.78986,194.07004,0.9853113
0.5,0.5729167,316.40698,194.24048,0.98625076
0.5,0.575,315.99036,194.42621,0.98713386
0.5,0.57708335,315.54126,194.62701,0.9879636
0.5,0.57916665,315.0609,194.84256,0.98874295
0.5,0.58125,314.55054,195.07248,0.98947465
0.5,0.5833333,314.01172,195.31635,0.9901613
0.5,0.5854167,313.44635,195.57367,0.9908055
0.5,0.5875,312.85608,195.84387,0.99140954
0.5,0.58958334,312.2431,196.1264,0.9919757
0.5,0.59166664,311.60925,196.42075,0.9925063
0.5,0.59375,310.9566,196.72623,0.9930033
0.5,0.59583336,310.28735,197.04224,0.99346876
0.5,0.59791666,309.60376,197.36807,0.9939045
0.5,0.6,308.9077,197.70312,0.99431235
0.5,0.6020833,308.2016,198.04675,0.9946939
0.5,0.6041667,307.4875,198.39825,0.9950507
0.5,0.60625,306.7674,198.75696,0.9953845
0.5,0.60833335,306.04346,199.12225,0.99569654
0.5,0.61041665,305.31738,199.49347,0.9959882
0.5,0.6125,304.5915,199.87,0.99626064
0.5,0.6145833,303.8673,200.25113,0.9965152
0.5,0.6166667,303.14685,200.63635,0.99675304
0.5,0.61875,302.43158,201.025,0.99697506
0.5,0.62083334,301.72314,201.4165,0.99718237
0.5,0.62291664,301.02325,201.8103,0.99737585
0.5,0.625,300.333,202.20587,0.99755645
0.5,0.62708336,299.6538,202.60266,0.9977249
0.5,0.62916666,298.98694,203.00012,0.997882
0.5,0.63125,298.33337,203.39789,0.99802864
0.5,0.6333333,297.69434,203.79535,0.99816525
0.5,0.6354167,297.07062,204.19217,0.9982926
0.5,0.6375,296.46307,204.58783,0.9984114
0.5,0.63958335,295.87238,204.98203,0.99852204
0.5,0.64166665,295.29932,205.37427,0.99862516
0.5,0.64375,294.74426,205.76431,0.99872124
0.5,0.6458333,294.2079,206.1517,0.9988108
0.5,0.6479167,293.6903,206.5362,0.9988942
0.5,0.65,293.19208,206.91745,0.9989719
0.5,0.65208334,292.7135,207.29517,0.9990442
0.5,0.65416664,292.2544,207.66913,0.9991115
0.5,0.65625,291.81512,208.03906,0.9991741
0.5,0.65833336,291.39575,208.40482,0.9992324
0.5,0.66041666,290.9961,208.76605,0.9992867
0.5,0.6625,290.6161,209.12268,0.9993372
0.5,0.6645833,290.2555,209.47446,0.99938416
0.5,0.6666667,289.91455,209.82129,0.99942786
0.5,0.66875,289.59253,210.16296,0.99946856
0.5,0.67083335,289.28943,210.49942,0.9995064
0.5,0.67291665,289.00494,210.8305,0.9995415
0.5,0.675,288.7386,211.15616,0.99957424
0.5,0.6770833,288.49005,211.47623,0.9996046
0.5,0.6791667,288.25897,211.79071,0.99963284
0.5,0.68125,288.0448,212.09952,0.9996591
0.5,0.68333334,287.84735,212.40259,0.99968356
0.5,0.68541664,287.66577,212.69989,0.9997062
0.5,0.6875,287.5,212.9914,0.99972737
0.5,0.68958336,287.34912,213.2771,0.9997469
0.5,0.69166666,287.21295,213.55698,0.9997651
0.5,0.69375,287.09088,213.83102,0.99978197
0.5,0.6958333,286.9823,214.09924,0.9997977
0.5,0.6979167,286.88672,214.3617,0.99981225
0.5,0.7,286.80353,214.61835,0.99982584
0.5,0.70208335,286.73236,214.86923,0.9998384
0.5,0.70416665,286.67273,215.11444,0.9998501
0.5,0.70625,286.62378,215.35394,0.999861
0.5,0.7083333,286.58533,215.58783,0.9998711
0.5,0.7104167,286.55664,215.8162,0.9998804
0.5,0.7125,286.5374,216.03897,0.9998891
0.5,0.71458334,286.52686,216.25635,0.9998972
0.5,0.71666664,286.52478,216.46826,0.9999047
0.5,0.71875,286.5304,216.6749,0.9999116
0.5,0.72083336,286.54358,216.87628,0.9999181
0.5,0.72291666,286.5636,217.07251,0.99992406
0.5,0.725,286.58997,217.26358,0.99992967
0.5,0.7270833,286.6225,217.44965,0.9999348
0.5,0.7291667,286.66058,217.6308,0.99993956
0.5,0.73125,286.7038,217.80707,0.999944
0.5,0.73333335,286.75195,217.97858,0.9999481
0.5,0.73541665,286.80432,218.14539,0.99995184
0.5,0.7375,286.86072,218.30759,0.99995536
0.5,0.7395833,286.92096,218.46527,0.99995863
0.5,0.7416667,286.98438,218.61853,0.9999616
0.5,0.74375,287.0509,218.76749,0.9999645
0.5,0.74583334,287.12,218.91214,0.9999671
0.5,0.74791664,287.19147,219.05267,0.9999695
0.5,0.75,287.2652,219.18912,0.9999717
0.5,0.75208336,287.34058,219.3216,0.9999738
0.5,0.75416666,287.4176,219.45013,0.99997574
0.5,0.75625,287.49585,219.57495,0.99997747
0.5,0.7583333,287.57526,219.69598,0.99997914
0.5,0.7604167,287.6554,219.81342,0.9999806
0.5,0.7625,287.73627,219.92728,0.99998206
0.5,0.76458335,287.81763,220.03772,0.9999834
0.5,0.76666665,287.89917,220.14474,0.99998456
0.5,0.76875,287.98083,220.2485,0.99998575
0.5,0.7708333,288.06238,220.34906,0.9999868
0.5,0.7729167,288.1438,220.44653,0.99998784
0.5,0.775,288.22485,220.5409,0.99998873
0.5,0.77708334,288.3053,220.63232,0.99998957
0.5,0.77916664,288.3852,220.72086,0.99999034
0.5,0.78125,288.46436,220.80661,0.99999106
0.5,0.78333336,288.5428,220.88959,0.9999918
0.5,0.78541666,288.62024,220.96997,0.9999924
0.5,0.7875,288.69653,221.04773,0.9999929
0.5,0.7895833,288.77185,221.12299,0.99999344
0.5,0.7916667,288.84607,221.19577,0.9999939
0.5,0.79375,288.91907,221.2662,0.9999944
0.5,0.79583335,288.99072,221.33435,0.99999475
0.5,0.79791665,289.06116,221.40024,0.9999952
0.5,0.8,289.1302,221.46396,0.9999955
0.5,0.8020833,289.19794,221.52557,0.9999958
0.5,0.8041667,289.2641,221.58514,0.9999961
0.5,0.80625,289.32886,221.6427,0.9999965
0.5,0.80833334,289.39215,221.69836,0.99999666
0.5,0.81041664,289.45386,221.75214,0.9999969
0.5,0.8125,289.51428,221.80408,0.99999714
0.5,0.81458336,289.573,221.85431,0.9999974
0.5,0.81666666,289.63025,221.90277,0.9999976
0.5,0.81875,289.68597,221.94965,0.9999978
0.5,0.8208333,289.7403,221.99487,0.9999979
0.5,0.8229167,289.79303,222.03857,0.9999981
0.5,0.825,289.84418,222.08075,0.9999982
0.5,0.82708335,289.89392,222.12152,0.9999984
0.5,0.82916665,289.94226,222.16086,0.9999985
0.5,0.83125,289.98907,222.19882,0.9999986
0.5,0.8333333,290.03455,222.23547,0.9999987
0.5,0.8354167,290.07843,222.27081,0.99999875
0.5,0.8375,290.12097,222.30496,0.99999887
0.5,0.83958334,290.16217,222.33789,0.9999989
0.5,0.84166664,290.20203,222.36969,0.999999
0.5,0.84375,290.24048,222.40033,0.99999905
0.5,0.84583336,290.2777,222.4299,0.99999917
0.5,0.84791666,290.31372,222.45844,0.9999992
0.5,0.85,290.34833,222.48593,0.9999993
0.5,0.8520833,290.38184,222.51245,0.9999994
0.5,0.8541667,290.41418,222.53806,0.99999946
0.5,0.85625,290.4453,222.56274,0.9999995
0.5,0.85833335,290.47522,222.58649,0.99999964
0.5,0.86041665,290.50403,222.60944,0.99999964
0.5,0.8625,290.53186,222.63156,0.99999964
0.5,0.8645833,290.55872,222.6529,0.99999964
0.5,0.8666667,290.58435,222.6734,0.99999964
0.5,0.86875,290.60907,222.69324,0.99999964
0.5,0.87083334,290.63293,222.71231,0.99999964
0.5,0.87291664,290.65582,222.73068,0.99999964
0.5,0.875,290.6778,222.74841,0.99999964
0.5,0.87708336,290.69885,222.76547,0.99999964
0.5,0.87916666,290.71912,222.78192,0.99999964
0.5,0.88125,290.73846,222.79776,0.99999964
0.5,0.8833333,290.7572,222.81302,0.99999964
0.5,0.8854167,290.77502,222.8277,0.99999964
0.5,0.8875,290.7921,222.84186,0.99999964
0.5,0.88958335,290.80865,222.8555,0.99999964
0.5,0.89166665,290.82434,222.86865,0.99999964
0.5,0.89375,290.83948,222.88129,0.99999964
0.5,0.8958333,290.85388,222.89346,0.99999964
0.5,0.8979167,290.8678,222.90521,0.99999964
0.5,0.9,290.88098,222.9165,0.99999964
0.5,0.90208334,290.89368,222.92734,0.99999964
0.5,0.90416664,290.90588,222.9378,0.99999964
0.5,0.90625,290.91754,222.94788,0.99999964
0.5,0.90833336,290.9286,222.95758,0.99999964
0.5,0.91041666,290.93915,222.96692,0.99999964
0.5,0.9125,290.94934,222.97589,0.99999964
0.5,0.9145833,290.9591,222.98456,0.99999964
0.5,0.9166667,290.96838,222.99286,0.99999964
0.5,0.91875,290.97723,223.00089,0.99999964
0.5,0.92083335,290.98572,223.0086,0.99999964
0.5,0.92291665,290.99384,223.01599,0.99999964
0.5,0.925,291.0016,223.02313,0.99999964
0.5,0.9270833,291.00897,223.03,0.99999964
0.5,0.9291667,291.01617,223.03662,0.99999964
0.5,0.93125,291.02283,223.04297,0.99999964
0.5,0.93333334,291.02936,223.04907,0.99999964
0.5,0.93541664,291.03552,223.05493,0.99999964
0.5,0.9375,291.04138,223.06061,0.99999964
0.5,0.93958336,291.047,223.06604,0.99999964
0.5,0.94166666,291.05237,223.07129,0.99999964
0.5,0.94375,291.0575,223.0763,0.99999964
0.5,0.9458333,291.06238,223.08115,0.99999964
0.5,0.9479167,291.06708,223.08582,0.99999964
0.5,0.95,291.07166,223.09027,0.99999964
0.5,0.95208335,291.0758,223.0946,0.99999964
0.5,0.95416665,291.07996,223.0987,0.99999964
0.5,0.95625,291.08386,223.10269,0.99999964
0.5,0.9583333,291.08752,223.1065,0.99999964
0.5,0.9604167,291.0912,223.11017,0.99999964
0.5,0.9625,291.09454,223.11371,0.99999964
0.5,0.96458334,291.09778,223.11713,0.99999964
0.5,0.96666664,291.1009,223.12036,0.99999964
0.5,0.96875,291.10388,223.12354,0.99999964
0.5,0.97083336,291.10663,223.12653,0.99999964
0.5,0.97291666,291.10944,223.12946,0.99999964
0.5,0.975,291.11194,223.13226,0.99999964
0.5,0.9770833,291.11438,223.13489,0.99999964
0.5,0.9791667,291.11682,223.13751,0.99999964
0.5,0.98125,291.11908,223.13995,0.99999964
0.5,0.98333335,291.12122,223.14233,0.99999964
0.5,0.98541665,291.1234,223.14462,0.99999964
0.5,0.9875,291.12537,223.14682,0.99999964
0.5,0.9895833,291.12726,223.14893,0.99999964
0.5,0.9916667,291.12903,223.15097,0.99999964
0.5,0.99375,291.13074,223.1529,0.99999964
0.5,0.99583334,291.13245,223.15479,0.99999964
0.5,0.99791664,291.13416,223.15659,0.99999964
0.5,1.0,291.13562,223.15833,0.99999964
0.5,1.0020833,291.1371,223.15997,0.99999964
0.5,1.0041667,291.13855,223.16156,0.99999964
0.5,1.00625,291.13977,223.16312,0.99999964
0.5,1.0083333,291.14117,223.16458,0.99999964
0.5,1.0104166,291.14246,223.16602,0.99999964
0.5,1.0125,291.14362,223.16736,0.99999964
0.5,1.0145833,291.14465,223.16864,0.99999964
0.5,1.0166667,291.14587,223.16992,0.99999964
0.5,1.01875,291.14685,223.17114,0.99999964
0.5,1.0208334,291.1479,223.1723,0.99999964
0.5,1.0229167,291.1488,223.1734,0.99999964
0.5,1.025,291.14978,223.17444,0.99999964
0.5,1.0270833,291.1507,223.17548,0.99999964
0.5,1.0291667,291.1515,223.17645,0.99999964
0.5,1.03125,291.1524,223.17743,0.99999964
0.5,1.0333333,291.1532,223.17831,0.99999964
0.5,1.0354167,291.15393,223.1792,0.99999964
0.5,1.0375,291.15466,223.18005,0.99999964
0.5,1.0395833,291.1554,223.18085,0.99999964
0.5,1.0416666,291.15613,223.18158,0.99999964
0.5,1.04375,291.15668,223.18234,0.99999964
0.5,1.0458333,291.15735,223.18304,0.99999964
0.5,1.0479167,291.1579,223.18375,0.99999964
0.5,1.05,291.15857,223.18439,0.99999964
0.5,1.0520834,291.15906,223.18506,0.99999964
0.5,1.0541667,291.1596,223.18564,0.99999964
0.5,1.05625,291.16022,223.18622,0.99999964
0.5,1.0583333,291.1607,223.18677,0.99999964
0.5,1.0604167,291.1612,223.18732,0.99999964
0.5,1.0625,291.16156,223.1878,0.99999964
0.5,1.0645833,291.162,223.1883,0.99999964
0.5,1.0666667,291.16248,223.18878,0.99999964
0.5,1.06875,291.16296,223.18921,0.99999964
0.5,1.0708333,291.1632,223.18967,0.99999964
0.5,1.0729166,291.1637,223.1901,0.99999964
0.5,1.075,291.16412,223.19049,0.99999964
0.5,1.0770833,291.16443,223.19086,0.99999964
0.5,1.0791667,291.16473,223.19125,0.99999964
0.5,1.08125,291.16516,223.19159,0.99999964
0.5,1.0833334,291.1654,223.19196,0.99999964
0.5,1.0854167,291.16565,223.19226,0.99999964
0.5,1.0875,291.16595,223.19257,0.99999964
0.5,1.0895833,291.1662,223.19287,0.99999964
0.5,1.0916667,291.16663,223.19318,0.99999964
0.5,1.09375,291.16687,223.19342,0.99999964
0.5,1.0958333,291.1671,223.19373,0.99999964
0.5,1.0979167,291.16736,223.19397,0.99999964
0.5,1.1,291.1676,223.19421,0.99999964
0.5,1.1020833,291.16785,223.19446,0.99999964
0.5,1.1041666,291.16803,223.19467,0.99999964
0.5,1.10625,291.16815,223.19489,0.99999964
0.5,1.1083333,291.1684,223.1951,0.99999964
0.5,1.1104167,291.16858,223.19531,0.99999964
0.5,1.1125,291.16882,223.1955,0.99999964
0.5,1.1145834,291.16907,223.19568,0.99999964
0.5,1.1166667,291.16913,223.19586,0.99999964
0.5,1.11875,291.1693,223.19601,0.99999964
0.5,1.1208333,291.16956,223.19617,0.99999964
0.5,1.1229167,291.16962,223.19632,0.99999964
0.5,1.125,291.1698,223.19647,0.99999964
0.5,1.1270833,291.16998,223.19662,0.99999964
0.5,1.1291667,291.17004,223.19678,0.99999964
0.5,1.13125,291.1703,223.1969,0.99999964
0.5,1.1333333,291.1703,223.19702,0.99999964
0.5,1.1354166,291.17047,223.19714,0.99999964
0.5,1.1375,291.17053,223.19727,0.99999964
0.5,1.1395833,291.17072,223.19736,0.99999964
0.5,1.1416667,291.17078,223.19748,0.99999964
0.5,1.14375,291.17096,223.19757,0.99999964
0.5,1.1458334,291.17102,223.19766,0.99999964
0.5,1.1479167,291.17108,223.19775,0.99999964
0.5,1.15,291.17126,223.19788,0.99999964
0.5,1.1520833,291.17126,223.19794,0.99999964
0.5,1.1541667,291.17145,223.19803,0.99999964
0.5,1.15625,291.1715,223.19812,0.99999964
0.5,1.1583333,291.1715,223.19818,0.99999964
0.5,1.1604167,291.1717,223.19827,0.99999964
0.5,1.1625,291.17175,223.19836,0.99999964
0.5,1.1645833,291.17175,223.19843,0.99999964
0.5,1.1666666,291.17194,223.19849,0.99999964
0.5,1.16875,291.172,223.19855,0.99999964
0.5,1.1708333,291.172,223.19861,0.99999964
0.5,1.1729167,291.17206,223.19867,0.99999964
0.5,1.175,291.17206,223.19873,0.99999964
0.5,1.1770834,291.17218,223.19873,0.99999964
0.5,1.1791667,291.17224,223.19879,0.99999964
0.5,1.18125,291.17224,223.19885,0.99999964
0.5,1.1833333,291.1723,223.19891,0.99999964
0.5,1.1854167,291.17242,223.19894,0.99999964
0.5,1.1875,291.17242,223.199,0.99999964
0.5,1.1895833,291.1725,223.19904,0.99999964
0.5,1.1916667,291.1725,223.1991,0.99999964
0.5,1.19375,291.1725,223.1991,0.99999964
0.5,1.1958333,291.1725,223.19916,0.99999964
0.5,1.1979166,291.17255,223.19916,0.99999964
0.5,1.2,291.17267,223.19922,0.99999964
0.5,1.2020833,291.17273,223.19925,0.99999964
0.5,1.2041667,291.17273,223.19928,0.99999964
0.5,1.20625,291.17273,223.19931,0.99999964
0.5,1.2083334,291.17273,223.19934,0.99999964
0.5,1.2104167,291.17273,223.19934,0.99999964
0.5,1.2125,291.17273,223.1994,0.99999964
0.5,1.2145833,291.1728,223.1994,0.99999964
0.5,1.2166667,291.1729,223.19946,0.99999964
0.5,1.21875,291.1729,223.19946,0.99999964
0.5,1.2208333,291.17297,223.19946,0.99999964
0.5,1.2229167,291.17297,223.19952,0.99999964
0.5,1.225,291.17297,223.19952,0.99999964
0.5,1.2270833,291.17297,223.19952,0.99999964
0.5,1.2291666,291.17297,223.19955,0.99999964
0.5,1.23125,291.17297,223.19958,0.99999964
0.5,1.2333333,291.17297,223.19958,0.99999964
0.5,1.2354167,291.17297,223.19962,0.99999964
0.5,1.2375,291.17297,223.19962,0.99999964
0.5,1.2395834,291.17297,223.19965,0.99999964
0.5,1.2416667,291.17303,223.19965,0.99999964
0.5,1.24375,291.17303,223.19965,0.99999964
0.5,1.2458333,291.17303,223.19968,0.99999964
0.5,1.2479167,291.17303,223.1997,0.99999964
0.5,1.25,291.17303,223.1997,0.99999964
0.5,1.2520833,291.17316,223.1997,0.99999964
0.5,1.2541667,291.17322,223.19974,0.99999964
0.5,1.25625,291.17322,223.19974,0.99999964
0.5,1.2583333,291.17322,223.19977,0.99999964
0.5,1.2604166,291.17322,223.19977,0.99999964
0.5,1.2625,291.17322,223.19977,0.99999964
0.5,1.2645833,291.17322,223.19977,0.99999964
0.5,1.2666667,291.17322,223.1998,0.99999964
0.5,1.26875,291.17322,223.1998,0.99999964
0.5,1.2708334,291.17322,223.1998,0.99999964
0.5,1.2729167,291.17322,223.19983,0.99999964
0.5,1.275,291.17322,223.19983,0.99999964
0.5,1.2770833,291.17322,223.19983,0.99999964
0.5,1.2791667,291.17322,223.19983,0.99999964
0.5,1.28125,291.17322,223.19983,0.99999964
0.5,1.2833333,291.17322,223.19983,0.99999964
0.5,1.2854167,291.17322,223.19983,0.99999964
0.5,1.2875,291.17322,223.19983,0.99999964
0.5,1.2895833,291.17322,223.19983,0.99999964
0.5,1.2916666,291.17322,223.19989,0.99999964
0.5,1.29375,291.17322,223.19989,0.99999964
0.5,1.2958333,291.17322,223.19989,0.99999964
0.5,1.2979167,291.17328,223.19989,0.99999964
0.5,1.3,291.17328,223.19989,0.99999964
0.5,1.3020834,291.17328,223.19989,0.99999964
0.5,1.3041667,291.1734,223.19989,0.99999964
0.5,1.30625,291.1734,223.19989,0.99999964
0.5,1.3083333,291.1734,223.19989,0.99999964
0.5,1.3104167,291.1734,223.19989,0.99999964
0.5,1.3125,291.1734,223.19989,0.99999964
0.5,1.3145833,291.1734,223.19989,0.99999964
0.5,1.3166667,291.1734,223.19989,0.99999964
0.5,1.31875,291.1734,223.19989,0.99999964
0.5,1.3208333,291.1734,223.19989,0.99999964
0.5,1.3229166,291.1734,223.19989,0.99999964
0.5,1.325,291.1734,223.19989,0.99999964
0.5,1.3270833,291.1734,223.19989,0.99999964
0.5,1.3291667,291.1734,223.19989,0.99999964
0.5,1.33125,291.1734,223.19989,0.99999964
0.5,1.3333334,291.1734,223.19989,0.99999964
0.5,1.3354167,291.1734,223.19989,0.99999964
0.5,1.3375,291.1734,223.19989,0.99999964
0.5,1.3395833,291.1734,223.19989,0.99999964
0.5,1.3416667,291.1734,223.19989,0.99999964
0.5,1.34375,291.1734,223.19989,0.99999964
0.5,1.3458333,291.1734,223.19989,0.99999964
0.5,1.3479167,291.1734,223.19989,0.99999964
0.5,1.35,291.1734,223.19989,0.99999964
0.5,1.3520833,291.1734,223.19989,0.99999964
0.5,1.3541666,291.1734,223.19989,0.99999964
0.5,1.35625,291.1734,223.19989,0.99999964
0.5,1.3583333,291.1734,223.19989,0.99999964
0.5,1.3604167,291.1734,223.19989,0.99999964
0.5,1.3625,291.1734,223.19989,0.99999964
0.5,1.3645834,291.1734,223.19989,0.99999964
0.5,1.3666667,291.1734,223.19989,0.99999964
0.5,1.36875,291.1734,223.19989,0.99999964
0.5,1.3708333,291.1734,223.19989,0.99999964
0.5,1.3729167,291.1734,223.19989,0.99999964
0.5,1.375,291.1734,223.19989,0.99999964
0.5,1.3770833,291.1734,223.19989,0.99999964
0.5,1.3791667,291.1734,223.19989,0.99999964
0.5,1.38125,291.1734,223.19989,0.99999964
0.5,1.3833333,291.1734,223.19989,0.99999964
0.5,1.3854166,291.1734,223.19989,0.99999964
0.5,1.3875,291.1734,223.19989,0.99999964
0.5,1.3895833,291.1734,223.19989,0.99999964
0.5,1.3916667,291.1734,223.19989,0.99999964
0.5,1.39375,291.1734,223.19989,0.99999964
0.5,1.3958334,291.1734,223.19989,0.99999964
0.5,1.3979167,291.1734,223.19989,0.99999964
0.5,1.4,291.1734,223.19989,0.99999964
0.5,1.4020833,291.1734,223.19989,0.99999964
0.5,1.4041667,291.1734,223.19989,0.99999964
0.5,1.40625,291.1734,223.19989,0.99999964
0.5,1.4083333,291.1734,223.19989,0.99999964
0.5,1.4104167,291.1734,223.19989,0.99999964
0.5,1.4125,291.1734,223.19989,0.99999964
0.5,1.4145833,291.1734,223.19989,0.99999964
0.5,1.4166666,291.1734,223.19989,0.99999964
0.5,1.41875,291.1734,223.19989,0.99999964
0.5,1.4208333,291.1734,223.19989,0.99999964
0.5,1.4229167,291.1734,223.19989,0.99999964
0.5,1.425,291.1734,223.19989,0.99999964
0.5,1.4270834,291.1734,223.19989,0.99999964
0.5,1.4291667,291.1734,223.19989,0.99999964
0.5,1.43125,291.1734,223.19989,0.99999964
0.5,1.4333333,291.1734,223.19989,0.99999964
0.5,1.4354167,291.1734,223.19989,0.99999964
0.5,1.4375,291.1734,223.19989,0.99999964
0.5,1.4395833,291.1734,223.19989,0.99999964
0.5,1.4416667,291.1734,223.19989,0.99999964
0.5,1.44375,291.1734,223.19989,0.99999964
0.5,1.4458333,291.1734,223.19989,0.99999964
0.5,1.4479166,291.1734,223.19989,0.99999964
0.5,1.45,291.1734,223.19989,0.99999964
0.5,1.4520833,291.1734,223.19989,0.99999964
0.5,1.4541667,291.1734,223.19989,0.99999964
0.5,1.45625,291.1734,223.19989,0.99999964
0.5,1.4583334,291.1734,223.19989,0.99999964
0.5,1.4604167,291.1734,223.19989,0.99999964
0.5,1.4625,291.1734,223.19989,0.99999964
0.5,1.4645833,291.1734,223.19989,0.99999964
0.5,1.4666667,291.1734,223.19989,0.99999964
0.5,1.46875,291.1734,223.19989,0.99999964
0.5,1.4708333,291.1734,223.19989,0.99999964
0.5,1.4729167,291.1734,223.19989,0.99999964
0.5,1.475,291.1734,223.19989,0.99999964
0.5,1.4770833,291.1734,223.19989,0.99999964
0.5,1.4791666,291.1734,223.19989,0.99999964
0.5,1.48125,291.1734,223.19989,0.99999964
0.5,1.4833333,291.1734,223.19989,0.99999964
0.5,1.4854167,291.1734,223.19989,0.99999964
0.5,1.4875,291.1734,223.19989,0.99999964
0.5,1.4895834,291.1734,223.19989,0.99999964
0.5,1.4916667,291.1734,223.19989,0.99999964
0.5,1.49375,291.1734,223.19989,0.99999964
0.5,1.4958333,291.1734,223.19989,0.99999964
0.5,1.4979167,291.1734,223.19989,0.99999964
0.5,1.5,291.1734,223.19989,0.99999964
0.5,1.5020833,291.1734,223.19989,0.99999964
0.5,1.5041667,291.1734,223.19989,0.99999964
0.5,1.50625,291.1734,223.19989,0.99999964
0.5,1.5083333,291.1734,223.19989,0.99999964
0.5,1.5104166,291.1734,223.19989,0.99999964
0.5,1.5125,291.1734,223.19989,0.99999964
0.5,1.5145833,291.1734,223.19989,0.99999964
0.5,1.5166667,291.1734,223.19989,0.99999964
0.5,1.51875,291.1734,223.19989,0.99999964
0.5,1.5208334,291.1734,223.19989,0.99999964
0.5,1.5229167,291.1734,223.19989,0.99999964
0.5,1.525,291.1734,223.19989,0.99999964
0.5,1.5270833,291.1734,223.19989,0.99999964
0.5,1.5291667,291.1734,223.19989,0.99999964
0.5,1.53125,291.1734,223.19989,0.99999964
0.5,1.5333333,291.1734,223.19989,0.99999964
0.5,1.5354167,291.1734,223.19989,0.99999964
0.5,1.5375,291.1734,223.19989,0.99999964
0.5,1.5395833,291.1734,223.19989,0.99999964
0.5,1.5416666,291.1734,223.19989,0.99999964
0.5,1.54375,291.1734,223.19989,0.99999964
0.5,1.5458333,291.1734,223.19989,0.99999964
0.5,1.5479167,291.1734,223.19989,0.99999964
0.5,1.55,291.1734,223.19989,0.99999964
0.5,1.5520834,291.1734,223.19989,0.99999964
0.5,1.5541667,291.1734,223.19989,0.99999964
0.5,1.55625,291.1734,223.19989,0.99999964
0.5,1.5583333,291.1734,223.19989,0.99999964
0.5,1.5604167,291.1734,223.19989,0.99999964
0.5,1.5625,291.1734,223.19989,0.99999964
0.5,1.5645833,291.1734,223.19989,0.99999964
0.5,1.5666667,291.1734,223.19989,0.99999964
0.5,1.56875,291.1734,223.19989,0.99999964
0.5,1.5708333,291.1734,223.19989,0.99999964
0.5,1.5729166,291.1734,223.19989,0.99999964
0.5,1.575,291.1734,223.19989,0.99999964
0.5,1.5770833,291.1734,223.19989,0.99999964
0.5,1.5791667,291.1734,223.19989,0.99999964
0.5,1.58125,291.1734,223.19989,0.99999964
0.5,1.5833334,291.1734,223.19989,0.99999964
0.5,1.5854167,291.1734,223.19989,0.99999964
0.5,1.5875,291.1734,223.19989,0.99999964
0.5,1.5895833,291.1734,223.19989,0.99999964
0.5,1.5916667,291.1734,223.19989,0.99999964
0.5,1.59375,291.1734,223.19989,0.99999964
0.5,1.5958333,291.1734,223.19989,0.99999964
0.5,1.5979167,291.1734,223.19989,0.99999964
0.5,1.6,291.1734,223.19989,0.99999964
0.5,1.6020833,291.1734,223.19989,0.99999964
0.5,1.6041666,291.1734,223.19989,0.99999964
0.5,1.60625,291.1734,223.19989,0.99999964
0.5,1.6083333,291.1734,223.19989,0.99999964
0.5,1.6104167,291.1734,223.19989,0.99999964
0.5,1.6125,291.1734,223.19989,0.99999964
0.5,1.6145834,291.1734,223.19989,0.99999964
0.5,1.6166667,291.1734,223.19989,0.99999964
0.5,1.61875,291.1734,223.19989,0.99999964
0.5,1.6208333,291.1734,223.19989,0.99999964
0.5,1.6229167,291.1734,223.19989,0.99999964
0.5,1.625,291.1734,223.19989,0.99999964
0.5,1.6270833,291.1734,223.19989,0.99999964
0.5,1.6291667,291.1734,223.19989,0.99999964
0.5,1.63125,291.1734,223.19989,0.99999964
0.5,1.6333333,291.1734,223.19989,0.99999964
0.5,1.6354166,291.1734,223.19989,0.99999964
0.5,1.6375,291.1734,223.19989,0.99999964
0.5,1.6395833,291.1734,223.19989,0.99999964
0.5,1.6416667,291.1734,223.19989,0.99999964
0.5,1.64375,291.1734,223.19989,0.99999964
0.5,1.6458334,291.1734,223.19989,0.99999964
0.5,1.6479167,291.1734,223.19989,0.99999964
0.5,1.65,291.1734,223.19989,0.99999964
0.5,1.6520833,291.1734,223.19989,0.99999964
0.5,1.6541667,291.1734,223.19989,0.99999964
0.5,1.65625,291.1734,223.19989,0.99999964
0.5,1.6583333,291.1734,223.19989,0.99999964
0.5,1.6604167,291.1734,223.19989,0.99999964
0.5,1.6625,291.1734,223.19989,0.99999964
0.5,1.6645833,291.1734,223.19989,0.99999964
0.5,1.6666666,291.1734,223.19989,0.99999964
0.5,1.66875,291.1734,223.19989,0.99999964
0.5,1.6708333,291.1734,223.19989,0.99999964
0.5,1.6729167,291.1734,223.19989,0.99999964
0.5,1.675,291.1734,223.19989,0.99999964
0.5,1.6770834,291.1734,223.19989,0.99999964
0.5,1.6791667,291.1734,223.19989,0.99999964
0.5,1.68125,291.1734,223.19989,0.99999964
0.5,1.6833333,291.1734,223.19989,0.99999964
0.5,1.6854167,291.1734,223.19989,0.99999964
0.5,1.6875,291.1734,223.19989,0.99999964
0.5,1.6895833,291.1734,223.19989,0.99999964
0.5,1.6916667,291.1734,223.19989,0.99999964
0.5,1.69375,291.1734,223.19989,0.99999964
0.5,1.6958333,291.1734,223.19989,0.99999964
0.5,1.6979166,291.1734,223.19989,0.99999964
0.5,1.7,291.1734,223.19989,0.99999964
0.5,1.7020833,291.1734,223.19989,0.99999964
0.5,1.7041667,291.1734,223.19989,0.99999964
0.5,1.70625,291.1734,223.19989,0.99999964
0.5,1.7083334,291.1734,223.19989,0.99999964
0.5,1.7104167,291.1734,223.19989,0.99999964
0.5,1.7125,291.1734,223.19989,0.99999964
0.5,1.7145833,291.1734,223.19989,0.99999964
0.5,1.7166667,291.1734,223.19989,0.99999964
0.5,1.71875,291.1734,223.19989,0.99999964
0.5,1.7208333,291.1734,223.19989,0.99999964
0.5,1.7229167,291.1734,223.19989,0.99999964
0.5,1.725,291.1734,223.19989,0.99999964
0.5,1.7270833,291.1734,223.19989,0.99999964
0.5,1.7291666,291.1734,223.19989,0.99999964
0.5,1.73125,291.1734,223.19989,0.99999964
0.5,1.7333333,291.1734,223.19989,0.99999964
0.5,1.7354167,291.1734,223.19989,0.99999964
0.5,1.7375,291.1734,223.19989,0.99999964
0.5,1.7395834,291.1734,223.19989,0.99999964
0.5,1.7416667,291.1734,223.19989,0.99999964
0.5,1.74375,291.1734,223.19989,0.99999964
0.5,1.7458333,291.1734,223.19989,0.99999964
0.5,1.7479167,291.1734,223.19989,0.99999964
0.5,1.75,291.1734,223.19989,0.99999964
0.5,1.7520833,291.1734,223.19989,0.99999964
0.5,1.7541667,291.1734,223.19989,0.99999964
0.5,1.75625,291.1734,223.19989,0.99999964
0.5,1.7583333,291.1734,223.19989,0.99999964
0.5,1.7604166,291.1734,223.19989,0.99999964
0.5,1.7625,291.1734,223.19989,0.99999964
0.5,1.7645833,291.1734,223.19989,0.99999964
0.5,1.7666667,291.1734,223.19989,0.99999964
0.5,1.76875,291.1734,223.19989,0.99999964
0.5,1.7708334,291.1734,223.19989,0.99999964
0.5,1.7729167,291.1734,223.19989,0.99999964
0.5,1.775,291.1734,223.19989,0.99999964
0.5,1.7770833,291.1734,223.19989,0.99999964
0.5,1.7791667,291.1734,223.19989,0.99999964
0.5,1.78125,291.1734,223.19989,0.99999964
0.5,1.7833333,291.1734,223.19989,0.99999964
0.5,1.7854167,291.1734,223.19989,0.99999964
0.5,1.7875,291.1734,223.19989,0.99999964
0.5,1.7895833,291.1734,223.19989,0.99999964
0.5,1.7916666,291.1734,223.19989,0.99999964
0.5,1.79375,291.1734,223.19989,0.99999964
0.5,1.7958333,291.1734,223.19989,0.99999964
0.5,1.7979167,291.1734,223.19989,0.99999964
0.5,1.8,291.1734,223.19989,0.99999964
0.5,1.8020834,291.1734,223.19989,0.99999964
0.5,1.8041667,291.1734,223.19989,0.99999964
0.5,1.80625,291.1734,223.19989,0.99999964
0.5,1.8083333,291.1734,223.19989,0.99999964
0.5,1.8104167,291.1734,223.19989,0.99999964
0.5,1.8125,291.1734,223.19989,0.99999964
0.5,1.8145833,291.1734,223.19989,0.99999964
0.5,1.8166667,291.1734,223.19989,0.99999964
0.5,1.81875,291.1734,223.19989,0.99999964
0.5,1.8208333,291.1734,223.19989,0.99999964
0.5,1.8229166,291.1734,223.19989,0.99999964
0.5,1.825,291.1734,223.19989,0.99999964
0.5,1.8270833,291.1734,223.19989,0.99999964
0.5,1.8291667,291.1734,223.19989,0.99999964
0.5,1.83125,291.1734,223.19989,0.99999964
0.5,1.8333334,291.1734,223.19989,0.99999964
0.5,1.8354167,291.1734,223.19989,0.99999964
0.5,1.8375,291.1734,223.19989,0.99999964
0.5,1.8395833,291.1734,223.19989,0.99999964
0.5,1.8416667,291.1734,223.19989,0.99999964
0.5,1.84375,291.1734,223.19989,0.99999964
0.5,1.8458333,291.1734,223.19989,0.99999964
0.5,1.8479167,291.1734,223.19989,0.99999964
0.5,1.85,291.1734,223.19989,0.99999964
0.5,1.8520833,291.1734,223.19989,0.99999964
0.5,1.8541666,291.1734,223.19989,0.99999964
0.5,1.85625,291.1734,223.19989,0.99999964
0.5,1.8583333,291.1734,223.19989,0.99999964
0.5,1.8604167,291.1734,223.19989,0.99999964
0.5,1.8625,291.1734,223.19989,0.99999964
0.5,1.8645834,291.1734,223.19989,0.99999964
0.5,1.8666667,291.1734,223.19989,0.99999964
0.5,1.86875,291.1734,223.19989,0.99999964
0.5,1.8708333,291.1734,223.19989,0.99999964
0.5,1.8729167,291.1734,223.19989,0.99999964
0.5,1.875,291.1734,223.19989,0.99999964
0.5,1.8770833,291.1734,223.19989,0.99999964
0.5,1.8791667,291.1734,223.19989,0.99999964
0.5,1.88125,291.1734,223.19989,0.99999964
0.5,1.8833333,291.1734,223.19989,0.99999964
0.5,1.8854166,291.1734,223.19989,0.99999964
0.5,1.8875,291.1734,223.19989,0.99999964
0.5,1.8895833,291.1734,223.19989,0.99999964
0.5,1.8916667,291.1734,223.19989,0.99999964
0.5,1.89375,291.1734,223.19989,0.99999964
0.5,1.8958334,291.1734,223.19989,0.99999964
0.5,1.8979167,291.1734,223.19989,0.99999964
0.5,1.9,291.1734,223.19989,0.99999964
0.5,1.9020833,291.1734,223.19989,0.99999964
0.5,1.9041667,291.1734,223.19989,0.99999964
0.5,1.90625,291.1734,223.19989,0.99999964
0.5,1.9083333,291.1734,223.19989,0.99999964
0.5,1.9104167,291.1734,223.19989,0.99999964
0.5,1.9125,291.1734,223.19989,0.99999964
0.5,1.9145833,291.1734,223.19989,0.99999964
0.5,1.9166666,291.1734,223.19989,0.99999964
0.5,1.91875,291.1734,223.19989,0.99999964
0.5,1.9208333,291.1734,223.19989,0.99999964
0.5,1.9229167,291.1734,223.19989,0.99999964
0.5,1.925,291.1734,223.19989,0.99999964
0.5,1.9270834,291.1734,223.19989,0.99999964
0.5,1.9291667,291.1734,223.19989,0.99999964
0.5,1.93125,291.1734,223.19989,0.99999964
0.5,1.9333333,291.1734,223.19989,0.99999964
0.5,1.9354167,291.1734,223.19989,0.99999964
0.5,1.9375,291.1734,223.19989,0.99999964
0.5,1.9395833,291.1734,223.19989,0.99999964
0.5,1.9416667,291.1734,223.19989,0.99999964
0.5,1.94375,291.1734,223.19989,0.99999964
0.5,1.9458333,291.1734,223.19989,0.99999964
0.5,1.9479166,291.1734,223.19989,0.99999964
0.5,1.95,291.1734,223.19989,0.99999964
0.5,1.9520833,291.1734,223.19989,0.99999964
0.5,1.9541667,291.1734,223.19989,0.99999964
0.5,1.95625,291.1734,223.19989,0.99999964
0.5,1.9583334,291.1734,223.19989,0.99999964
0.5,1.9604167,291.1734,223.19989,0.99999964
0.5,1.9625,291.1734,223.19989,0.99999964
0.5,1.9645833,291.1734,223.19989,0.99999964
0.5,1.9666667,291.1734,223.19989,0.99999964
0.5,1.96875,291.1734,223.19989,0.99999964
0.5,1.9708333,291.1734,223.19989,0.99999964
0.5,1.9729167,291.1734,223.19989,0.99999964
0.5,1.975,291.1734,223.19989,0.99999964
0.5,1.9770833,291.1734,223.19989,0.99999964
0.5,1.9791666,291.1734,223.19989,0.99999964
0.5,1.98125,291.1734,223.19989,0.99999964
0.5,1.9833333,291.1734,223.19989,0.99999964
0.5,1.9854167,291.1734,223.19989,0.99999964
0.5,1.9875,291.1734,223.19989,0.99999964
0.5,1.9895834,291.1734,223.19989,0.99999964
0.5,1.9916667,291.1734,223.19989,0.99999964
0.5,1.99375,291.1734,223.19989,0.99999964
0.5,1.9958333,291.1734,223.19989,0.99999964
0.5,1.9979167,291.1734,223.19989,0.99999964
0.5,2.0,291.1734,223.19989,0.99999964
1.0,0.0020833334,291.17114,223.19763,0.0
1.0,0.004166667,291.17123,223.19775,6.8394825E-6
1.0,0.00625,291.17114,223.19754,3.275245E-5
1.0,0.008333334,291.17062,223.19604,8.79596E-5
1.0,0.010416667,291.16888,223.19162,1.809284E-4
1.0,0.0125,291.1654,223.18237,3.1858502E-4
1.0,0.014583333,291.15967,223.16629,5.06507E-4
1.0,0.016666668,291.15146,223.14154,7.4909674E-4
1.0,0.01875,291.14056,223.10638,0.0010497354
1.0,0.020833334,291.12714,223.05945,0.0014108889
1.0,0.022916667,291.11163,222.99963,0.001834301
1.0,0.025,291.09457,222.92615,0.0023210025
1.0,0.027083334,291.0766,222.8385,0.0028715038
1.0,0.029166667,291.05865,222.73657,0.0034857856
1.0,0.03125,291.04163,222.62042,0.0041634915
1.0,0.033333335,291.0266,222.49039,0.004903851
1.0,0.035416666,291.01456,222.34702,0.0057058046
1.0,0.0375,291.00662,222.19098,0.006568119
1.0,0.039583333,291.00372,222.0232,0.007489291
1.0,0.041666668,291.0069,221.84448,0.00846778
1.0,0.04375,291.01703,221.656,0.009501794
1.0,0.045833334,291.03497,221.45874,0.010589561
1.0,0.047916666,291.0614,221.25385,0.011729154
1.0,0.05,291.09705,221.04242,0.012918685
1.0,0.052083332,291.14233,220.82556,0.014156149
1.0,0.054166667,291.19775,220.60431,0.015439659
1.0,0.05625,291.2636,220.37976,0.016767213
1.0,0.058333334,291.34003,220.15286,0.01813692
1.0,0.060416665,291.42725,219.92459,0.019546816
1.0,0.0625,291.52515,219.6958,0.02099511
1.0,0.06458333,291.63373,219.46735,0.022479935
1.0,0.06666667,291.7528,219.23996,0.023999454
1.0,0.06875,291.88202,219.01434,0.025552036
1.0,0.07083333,292.02112,218.79108,0.027135907
1.0,0.072916664,292.1698,218.5708,0.028749542
1.0,0.075,292.32745,218.354,0.030391308
1.0,0.077083334,292.49377,218.14108,0.032059774
1.0,0.079166666,292.6681,217.93243,0.033753406
1.0,0.08125,292.84988,217.7284,0.035470925
1.0,0.083333336,293.0385,217.52924,0.037210908
1.0,0.08541667,293.23346,217.33527,0.038972218
1.0,0.0875,293.43408,217.14655,0.04075353
1.0,0.08958333,293.6397,216.96332,0.042553797
1.0,0.09166667,293.84964,216.78561,0.044371806
1.0,0.09375,294.06342,216.61359,0.046206657
1.0,0.09583333,294.2802,216.4472,0.048057288
1.0,0.09791667,294.49963,216.2865,0.049922712
1.0,0.1,294.7209,216.13153,0.051802162
1.0,0.10208333,294.94348,215.98218,0.053694677
1.0,0.104166664,295.16687,215.83844,0.055599578
1.0,0.10625,295.39044,215.7002,0.057516
1.0,0.108333334,295.6137,215.56744,0.059443347
1.0,0.110416666,295.83624,215.44,0.06138083
1.0,0.1125,296.05746,215.31781,0.06332792
1.0,0.114583336,296.27698,215.20068,0.06528394
1.0,0.11666667,296.4944,215.08862,0.06724841
1.0,0.11875,296.7093,214.98135,0.069220684
1.0,0.12083333,296.92133,214.87881,0.0712004
1.0,0.12291667,297.1302,214.78088,0.07318697
1.0,0.125,297.33557,214.68732,0.07518005
1.0,0.12708333,297.5371,214.59808,0.077179186
1.0,0.12916666,297.73468,214.51294,0.07918393
1.0,0.13125,297.92804,214.43182,0.08119395
1.0,0.13333334,298.1169,214.35455,0.08320897
1.0,0.13541667,298.3012,214.28094,0.08522862
1.0,0.1375,298.48077,214.2109,0.08725255
1.0,0.13958333,298.65546,214.14429,0.08928056
1.0,0.14166667,298.82513,214.08093,0.09131229
1.0,0.14375,298.9898,214.02075,0.09334761
1.0,0.14583333,299.1493,213.9635,0.095386155
1.0,0.14791666,299.30365,213.90918,0.09742783
1.0,0.15,299.45282,213.8576,0.09947237
1.0,0.15208334,299.59674,213.8086,0.10151954
1.0,0.15416667,299.7356,213.76215,0.10356919
1.0,0.15625,299.86914,213.71808,0.10562122
1.0,0.15833333,299.99756,213.6763,0.10767542
1.0,0.16041666,300.12097,213.63669,0.10973158
1.0,0.1625,300.23932,213.59918,0.11178963
1.0,0.16458334,300.3526,213.5636,0.113849506
1.0,0.16666667,300.46106,213.5299,0.115911
1.0,0.16875,300.56476,213.49802,0.11797398
1.0,0.17083333,300.6637,213.4678,0.12003843
1.0,0.17291667,300.758,213.43921,0.122104146
1.0,0.175,300.84778,213.41217,0.12417117
1.0,0.17708333,300.93323,213.3866,0.12623927
1.0,0.17916666,301.01428,213.36237,0.12830852
1.0,0.18125,301.09122,213.33948,0.13037874
1.0,0.18333334,301.16412,213.31781,0.13244984
1.0,0.18541667,301.23303,213.29736,0.1345218
1.0,0.1875,301.29822,213.27795,0.13659462
1.0,0.18958333,301.35968,213.2597,0.13866818
1.0,0.19166666,301.4176,213.24237,0.14074238
1.0,0.19375,301.4721,213.22604,0.14281721
1.0,0.19583334,301.52338,213.21063,0.14489272
1.0,0.19791667,301.5714,213.19604,0.1469688
1.0,0.2,301.61642,213.18225,0.14904533
1.0,0.20208333,301.6585,213.16925,0.15112233
1.0,0.20416667,301.69785,213.15698,0.15319991
1.0,0.20625,301.73444,213.14536,0.15527779
1.0,0.20833333,301.76855,213.1344,0.15735607
1.0,0.21041666,301.80017,213.12408,0.15943469
1.0,0.2125,301.82953,213.11432,0.16151378
1.0,0.21458334,301.85663,213.1051,0.16359305
1.0,0.21666667,301.8817,213.0964,0.16567262
1.0,0.21875,301.9048,213.0882,0.16775243
1.0,0.22083333,301.9259,213.08044,0.16983263
1.0,0.22291666,301.94525,213.07312,0.17191295
1.0,0.225,301.96295,213.06622,0.17399351
1.0,0.22708334,301.97906,213.05972,0.17607437
1.0,0.22916667,301.9937,213.05359,0.17815526
1.0,0.23125,302.00684,213.04779,0.18023635
1.0,0.23333333,302.01874,213.04233,0.1823176
1.0,0.23541667,302.02936,213.03717,0.18439911
1.0,0.2375,302.03882,213.03235,0.18648067
1.0,0.23958333,302.04724,213.02771,0.18856233
1.0,0.24166666,302.05463,213.0234,0.19064412
1.0,0.24375,302.06104,213.01935,0.19272614
1.0,0.24583334,302.06653,213.0155,0.19480811
1.0,0.24791667,302.07123,213.01184,0.1968902
1.0,0.25,302.0752,213.00842,0.19897237
1.0,0.25208333,302.0785,213.00522,0.20105474
1.0,0.25416666,302.08112,213.0022,0.20313706
1.0,0.25625,302.08313,212.99933,0.20521946
1.0,0.25833333,302.08466,212.99661,0.20730205
1.0,0.26041666,302.08563,212.99408,0.20938458
1.0,0.2625,302.08618,212.99164,0.21146716
1.0,0.26458332,302.0863,212.98938,0.2135498
1.0,0.26666668,302.08606,212.98727,0.21563262
1.0,0.26875,302.08545,212.98523,0.21771537
1.0,0.27083334,302.0846,212.98334,0.21979816
1.0,0.27291667,302.08344,212.98157,0.22188109
1.0,0.275,302.08203,212.97986,0.22396396
1.0,0.27708334,302.08044,212.97827,0.22604686
1.0,0.27916667,302.0786,212.9768,0.22812976
1.0,0.28125,302.07666,212.9754,0.2302127
1.0,0.28333333,302.0746,212.97406,0.2322958
1.0,0.28541666,302.0724,212.97281,0.23437877
1.0,0.2875,302.07013,212.97162,0.23646179
1.0,0.28958333,302.06775,212.97052,0.23854497
1.0,0.29166666,302.0653,212.96945,0.24062802
1.0,0.29375,302.06274,212.96844,0.24271108
1.0,0.29583332,302.06024,212.96753,0.24479418
1.0,0.29791668,302.05774,212.96664,0.24687742
1.0,0.3,302.05518,212.96582,0.24896055
1.0,0.30208334,302.0526,212.96503,0.25104368
1.0,0.30416667,302.0501,212.9643,0.25312698
1.0,0.30625,302.0476,212.96362,0.25521013
1.0,0.30833334,302.04517,212.96295,0.2572933
1.0,0.31041667,302.04266,212.96234,0.2593765
1.0,0.3125,302.04028,212.96176,0.26145965
1.0,0.31458333,302.0379,212.96124,0.26354298
1.0,0.31666666,302.03564,212.96072,0.2656262
1.0,0.31875,302.0334,212.9602,0.2677094
1.0,0.32083333,302.0312,212.95978,0.26979274
1.0,0.32291666,302.02905,212.95932,0.27187595
1.0,0.325,302.02698,212.95892,0.27395916
1.0,0.32708332,302.02496,212.95856,0.2760424
1.0,0.32916668,302.02313,212.95819,0.27812576
1.0,0.33125,302.02124,212.95782,0.280209
1.0,0.33333334,302.01947,212.95752,0.28229225
1.0,0.33541667,302.0177,212.95721,0.28437564
1.0,0.3375,302.01605,212.95694,0.28645888
1.0,0.33958334,302.01447,212.95667,0.28854212
1.0,0.34166667,302.01294,212.95642,0.29062536
1.0,0.34375,302.01154,212.95618,0.2927086
1.0,0.34583333,302.01013,212.95593,0.29479203
1.0,0.34791666,302.0088,212.95575,0.2968753
1.0,0.35,302.00757,212.95554,0.2989586
1.0,0.35208333,302.0064,212.95535,0.301042
1.0,0.35416666,302.0053,212.95517,0.3031253
1.0,0.35625,302.0042,212.95502,0.30520856
1.0,0.35833332,302.00323,212.95483,0.30729187
1.0,0.36041668,302.00232,212.95471,0.30937526
1.0,0.3625,302.00146,212.95456,0.31145856
1.0,0.36458334,302.0006,212.95444,0.31354183
1.0,0.36666667,301.99982,212.95428,0.31562525
1.0,0.36875,301.99908,212.9542,0.31770852
1.0,0.37083334,301.99838,212.95407,0.31979182
1.0,0.37291667,301.99777,212.95398,0.3218751
1.0,0.375,301.99725,212.95389,0.3239584
1.0,0.37708333,301.9966,212.9538,0.3260418
1.0,0.37916666,301.9962,212.9537,0.3281251
1.0,0.38125,301.99564,212.95361,0.33020836
1.0,0.38333333,301.9953,212.95355,0.33229175
1.0,0.38541666,301.9949,212.95349,0.33437505
1.0,0.3875,301.99454,212.9534,0.33645836
1.0,0.38958332,301.9942,212.95334,0.33854163
1.0,0.39166668,301.9939,212.95328,0.34062502
1.0,0.39375,301.99365,212.95325,0.34270832
1.0,0.39583334,301.99338,212.95319,0.3447916
1.0,0.39791667,301.9931,212.95312,0.346875
1.0,0.4,301.99298,212.95306,0.34895828
1.0,0.40208334,301.99274,212.95303,0.3510416
1.0,0.40416667,301.9926,212.95297,0.35312486
1.0,0.40625,301.9925,212.95294,0.35520816
1.0,0.40833333,301.99234,212.95288,0.35729155
1.0,0.41041666,301.9923,212.95288,0.35937485
1.0,0.4125,301.9922,212.95282,0.36145812
1.0,0.41458333,301.99216,212.95282,0.36354157
1.0,0.41666666,301.99207,212.95276,0.36562487
1.0,0.41875,301.99207,212.95276,0.36770815
1.0,0.42083332,301.99203,212.95273,0.36979145
1.0,0.42291668,301.99194,212.9527,0.37187487
1.0,0.425,301.99194,212.95267,0.37395817
1.0,0.42708334,301.99194,212.95264,0.37604144
1.0,0.42916667,301.99203,212.95264,0.3781249
1.0,0.43125,301.99197,212.9526,0.38020816
1.0,0.43333334,301.99207,212.95258,0.38229147
1.0,0.43541667,301.99207,212.95258,0.38437477
1.0,0.4375,301.99207,212.95255,0.38645804
1.0,0.43958333,301.99216,212.95255,0.3885415
1.0,0.44166666,301.9922,212.95251,0.39062476
1.0,0.44375,301.9922,212.95251,0.39270806
1.0,0.44583333,301.9923,212.95251,0.39479148
1.0,0.44791666,301.99234,212.95248,0.39687482
1.0,0.45,301.9924,212.95245,0.39895815
1.0,0.45208332,301.99246,212.95245,0.40104148
1.0,0.45416668,301.9925,212.95245,0.40312493
1.0,0.45625,301.99255,212.95245,0.40520823
1.0,0.45833334,301.99255,212.95245,0.40729153
1.0,0.46041667,301.99268,212.95245,0.40937498
1.0,0.4625,301.99277,212.9524,0.41145825
1.0,0.46458334,301.9928,212.9524,0.41354156
1.0,0.46666667,301.99283,212.9524,0.41562483
1.0,0.46875,301.99292,212.9524,0.41770813
1.0,0.47083333,301.99292,212.9524,0.41979155
1.0,0.47291666,301.99304,212.9524,0.42187485
1.0,0.475,301.99304,212.9524,0.42395812
1.0,0.47708333,301.99313,212.9524,0.42604157
1.0,0.47916666,301.99316,212.9524,0.42812487
1.0,0.48125,301.99316,212.95236,0.43020815
1.0,0.48333332,301.9933,212.95236,0.43229145
1.0,0.48541668,301.9933,212.95236,0.43437487
1.0,0.4875,301.99332,212.95233,0.43645817
1.0,0.48958334,301.9934,212.95233,0.43854144
1.0,0.49166667,301.9935,212.95233,0.4406249
1.0,0.49375,301.99353,212.95233,0.44270816
1.0,0.49583334,301.99353,212.95233,0.44479147
1.0,0.49791667,301.99362,212.95233,0.44687477
1.0,0.5,301.99365,212.95233,0.44895804
1.0,0.50208336,301.99365,212.95233,0.4510415
1.0,0.50416666,301.99365,212.95233,0.45312476
1.0,0.50625,301.99377,212.95233,0.4552082
1.0,0.5083333,301.99377,212.95233,0.45729148
1.0,0.5104167,301.99377,212.95233,0.4593748
1.0,0.5125,301.9938,212.95233,0.46145806
1.0,0.51458335,301.9939,212.95233,0.46354136
1.0,0.51666665,301.99393,212.95233,0.4656247
1.0,0.51875,301.99396,212.95233,0.4677081
1.0,0.5208333,301.9939,212.95233,0.46979144
1.0,0.5229167,301.99402,212.95233,0.4718749
1.0,0.525,301.99402,212.95233,0.47395816
1.0,0.52708334,301.99402,212.95233,0.47604147
1.0,0.52916664,301.99402,212.95233,0.47812477
1.0,0.53125,301.99408,212.95233,0.48020807
1.0,0.53333336,301.99408,212.95233,0.48229152
1.0,0.53541666,301.99414,212.95233,0.48437485
1.0,0.5375,301.99414,212.95233,0.4864583
1.0,0.5395833,301.99414,212.95233,0.48854157
1.0,0.5416667,301.99414,212.95233,0.49062487
1.0,0.54375,301.99414,212.95233,0.49270815
1.0,0.54583335,301.99414,212.95233,0.49479145
1.0,0.54791665,301.99414,212.95233,0.49687472
1.0,0.55,301.99414,212.95233,0.49895817
1.0,0.5520833,301.99414,212.95233,0.5010415
1.0,0.5541667,301.99414,212.95233,0.5031249
1.0,0.55625,301.99417,212.95233,0.5052082
1.0,0.55833334,301.99423,212.95233,0.5072915
1.0,0.56041664,301.99417,212.95233,0.50937474
1.0,0.5625,301.99423,212.95233,0.51145804
1.0,0.56458336,301.99417,212.95233,0.51354146
1.0,0.56666666,301.99426,212.95233,0.51562476
1.0,0.56875,301.99426,212.95233,0.5177082
1.0,0.5708333,301.99426,212.95233,0.5197915
1.0,0.5729167,301.99426,212.95233,0.5218748
1.0,0.575,301.99426,212.95233,0.5239581
1.0,0.57708335,301.99426,212.95233,0.5260413
1.0,0.57916665,301.99426,212.95233,0.52812463
1.0,0.58125,301.99426,212.95233,0.5302081
1.0,0.5833333,301.99426,212.95233,0.53229135
1.0,0.5854167,301.99426,212.95233,0.53437483
1.0,0.5875,301.99426,212.95233,0.5364581
1.0,0.58958334,301.99426,212.95233,0.5385414
1.0,0.59166664,301.99426,212.95233,0.5406247
1.0,0.59375,301.99426,212.95233,0.542708
1.0,0.59583336,301.99426,212.95233,0.5447914
1.0,0.59791666,301.99426,212.95233,0.5468747
1.0,0.6,301.99426,212.95233,0.5489581
1.0,0.6020833,301.99426,212.95233,0.5510414
1.0,0.6041667,301.99426,212.95233,0.5531247
1.0,0.60625,301.99426,212.95233,0.55520797
1.0,0.60833335,301.99426,212.95233,0.55729127
1.0,0.61041665,301.99426,212.95233,0.5593746
1.0,0.6125,301.99426,212.95233,0.561458
1.0,0.6145833,301.99426,212.95233,0.5635413
1.0,0.6166667,301.99426,212.95233,0.5656247
1.0,0.61875,301.99426,212.95233,0.567708
1.0,0.62083334,301.99426,212.95233,0.5697913
1.0,0.62291664,301.99426,212.95233,0.5718746
1.0,0.625,301.99426,212.95233,0.57395786
1.0,0.62708336,301.99426,212.95233,0.57604134
1.0,0.62916666,301.99426,212.95233,0.57812464
1.0,0.63125,301.99426,212.95233,0.58020806
1.0,0.6333333,301.99426,212.95233,0.58229136
1.0,0.6354167,301.99426,212.95233,0.5843746
1.0,0.6375,301.99426,212.95233,0.5864579
1.0,0.63958335,301.99426,212.95233,0.5885412
1.0,0.64166665,301.99426,212.95233,0.5906245
1.0,0.64375,301.99426,212.95233,0.59270793
1.0,0.6458333,301.99426,212.95233,0.59479123
1.0,0.6479167,301.99426,212.95233,0.59687465
1.0,0.65,301.99426,212.95233,0.59895796
1.0,0.65208334,301.99426,212.95233,0.60104126
1.0,0.65416664,301.99426,212.95233,0.6031245
1.0,0.65625,301.99426,212.95233,0.6052078
1.0,0.65833336,301.99426,212.95233,0.6072912
1.0,0.66041666,301.99426,212.95233,0.6093745
1.0,0.6625,301.99426,212.95233,0.611458
1.0,0.6645833,301.99426,212.95233,0.61354125
1.0,0.6666667,301.99426,212.95233,0.61562455
1.0,0.66875,301.99426,212.95233,0.61770785
1.0,0.67083335,301.99426,212.95233,0.61979115
1.0,0.67291665,301.99426,212.95233,0.6218744
1.0,0.675,301.99426,212.95233,0.6239579
1.0,0.6770833,301.99426,212.95233,0.6260411
1.0,0.6791667,301.99426,212.95233,0.6281246
1.0,0.68125,301.99426,212.95233,0.6302079
1.0,0.68333334,301.99426,212.95233,0.63229114
1.0,0.68541664,301.99426,212.95233,0.63437444
1.0,0.6875,301.99426,212.95233,0.63645774
1.0,0.68958336,301.99426,212.95233,0.63854116
1.0,0.69166666,301.99426,212.95233,0.64062446
1.0,0.69375,301.99426,212.95233,0.6427079
1.0,0.6958333,301.99426,212.95233,0.6447912
1.0,0.6979167,301.99426,212.95233,0.6468745
1.0,0.7,301.99426,212.95233,0.6489578
1.0,0.70208335,301.99426,212.95233,0.65104103
1.0,0.70416665,301.99426,212.95233,0.65312433
1.0,0.70625,301.99426,212.95233,0.65520775
1.0,0.7083333,301.99426,212.95233,0.65729105
1.0,0.7104167,301.99426,212.95233,0.65937454
1.0,0.7125,301.99426,212.95233,0.6614578
1.0,0.71458334,301.99426,212.95233,0.6635411
1.0,0.71666664,301.99426,212.95233,0.6656244
1.0,0.71875,301.99426,212.95233,0.6677077
1.0,0.72083336,301.99426,212.95233,0.6697911
1.0,0.72291666,301.99426,212.95233,0.6718744
1.0,0.725,301.99426,212.95233,0.6739578
1.0,0.7270833,301.99426,212.95233,0.6760411
1.0,0.7291667,301.99426,212.95233,0.6781245
1.0,0.73125,301.99426,212.95233,0.68020785
1.0,0.73333335,301.99426,212.95233,0.6822912
1.0,0.73541665,301.99426,212.95233,0.6843745
1.0,0.7375,301.99426,212.95233,0.68645793
1.0,0.7395833,301.99426,212.95233,0.68854123
1.0,0.7416667,301.99426,212.95233,0.69062465
1.0,0.74375,301.99426,212.95233,0.69270796
1.0,0.74583334,301.99426,212.95233,0.69479126
1.0,0.74791664,301.99426,212.95233,0.6968745
1.0,0.75,301.99426,212.95233,0.6989578
1.0,0.75208336,301.99426,212.95233,0.7010412
1.0,0.75416666,301.99426,212.95233,0.7031245
1.0,0.75625,301.99426,212.95233,0.705208
1.0,0.7583333,301.99426,212.95233,0.70729125
1.0,0.7604167,301.99426,212.95233,0.70937455
1.0,0.7625,301.99426,212.95233,0.71145785
1.0,0.76458335,301.99426,212.95233,0.71354115
1.0,0.76666665,301.99426,212.95233,0.7156244
1.0,0.76875,301.99426,212.95233,0.7177079
1.0,0.7708333,301.99426,212.95233,0.7197911
1.0,0.7729167,301.99426,212.95233,0.7218746
1.0,0.775,301.99426,212.95233,0.7239579
1.0,0.77708334,301.99426,212.95233,0.72604114
1.0,0.77916664,301.99426,212.95233,0.72812444
1.0,0.78125,301.99426,212.95233,0.73020774
1.0,0.78333336,301.99426,212.95233,0.73229116
1.0,0.78541666,301.99426,212.95233,0.73437446
1.0,0.7875,301.99426,212.95233,0.7364579
1.0,0.7895833,301.99426,212.95233,0.7385412
1.0,0.7916667,301.99426,212.95233,0.7406245
1.0,0.79375,301.99426,212.95233,0.7427078
1.0,0.79583335,301.99426,212.95233,0.74479103
1.0,0.79791665,301.99426,212.95233,0.74687433
1.0,0.8,301.99426,212.95233,0.74895775
1.0,0.8020833,301.99426,212.95233,0.75104105
1.0,0.8041667,301.99426,212.95233,0.75312454
1.0,0.80625,301.99426,212.95233,0.7552078
1.0,0.80833334,301.99426,212.95233,0.7572911
1.0,0.81041664,301.99426,212.95233,0.7593744
1.0,0.8125,301.99426,212.95233,0.7614577
1.0,0.81458336,301.99426,212.95233,0.7635411
1.0,0.81666666,301.99426,212.95233,0.7656244
1.0,0.81875,301.99426,212.95233,0.7677078
1.0,0.8208333,301.99426,212.95233,0.7697911
1.0,0.8229167,301.99426,212.95233,0.7718745
1.0,0.825,301.99426,212.95233,0.77395785
1.0,0.82708335,301.99426,212.95233,0.7760412
1.0,0.82916665,301.99426,212.95233,0.7781245
1.0,0.83125,301.99426,212.95233,0.78020793
1.0,0.8333333,301.99426,212.95233,0.78229123
1.0,0.8354167,301.99426,212.95233,0.78437465
1.0,0.8375,301.99426,212.95233,0.78645796
1.0,0.83958334,301.99426,212.95233,0.78854126
1.0,0.84166664,301.99426,212.95233,0.7906245
1.0,0.84375,301.99426,212.95233,0.7927078
1.0,0.84583336,301.99426,212.95233,0.7947912
1.0,0.84791666,301.99426,212.95233,0.7968745
1.0,0.85,301.99426,212.95233,0.798958
1.0,0.8520833,301.99426,212.95233,0.80104125
1.0,0.8541667,301.99426,212.95233,0.80312455
1.0,0.85625,301.99426,212.95233,0.80520785
1.0,0.85833335,301.99426,212.95233,0.80729115
1.0,0.86041665,301.99426,212.95233,0.8093744
1.0,0.8625,301.99426,212.95233,0.8114579
1.0,0.8645833,301.99426,212.95233,0.8135411
1.0,0.8666667,301.99426,212.95233,0.8156246
1.0,0.86875,301.99426,212.95233,0.8177079
1.0,0.87083334,301.99426,212.95233,0.81979114
1.0,0.87291664,301.99426,212.95233,0.82187444
1.0,0.875,301.99426,212.95233,0.82395774
1.0,0.87708336,301.99426,212.95233,0.82604116
1.0,0.87916666,301.99426,212.95233,0.82812446
1.0,0.88125,301.99426,212.95233,0.8302079
1.0,0.8833333,301.99426,212.95233,0.8322912
1.0,0.8854167,301.99426,212.95233,0.8343745
1.0,0.8875,301.99426,212.95233,0.8364578
1.0,0.88958335,301.99426,212.95233,0.83854103
1.0,0.89166665,301.99426,212.95233,0.84062433
1.0,0.89375,301.99426,212.95233,0.84270775
1.0,0.8958333,301.99426,212.95233,0.84479105
1.0,0.8979167,301.99426,212.95233,0.84687454
1.0,0.9,301.99426,212.95233,0.8489578
1.0,0.90208334,301.99426,212.95233,0.8510411
1.0,0.90416664,301.99426,212.95233,0.8531244
1.0,0.90625,301.99426,212.95233,0.8552077
1.0,0.90833336,301.99426,212.95233,0.8572911
1.0,0.91041666,301.99426,212.95233,0.8593744
1.0,0.9125,301.99426,212.95233,0.8614578
1.0,0.9145833,301.99426,212.95233,0.8635411
1.0,0.9166667,301.99426,212.95233,0.8656245
1.0,0.91875,301.99426,212.95233,0.86770785
1.0,0.92083335,301.99426,212.95233,0.8697912
1.0,0.92291665,301.99426,212.95233,0.8718745
1.0,0.925,301.99426,212.95233,0.87395793
1.0,0.9270833,301.99426,212.95233,0.87604123
1.0,0.9291667,301.99426,212.95233,0.87812465
1.0,0.93125,301.99426,212.95233,0.88020796
1.0,0.93333334,301.99426,212.95233,0.88229126
1.0,0.93541664,301.99426,212.95233,0.8843745
1.0,0.9375,301.99426,212.95233,0.8864578
1.0,0.93958336,301.99426,212.95233,0.8885412
1.0,0.94166666,301.99426,212.95233,0.8906245
1.0,0.94375,301.99426,212.95233,0.892708
1.0,0.9458333,301.99426,212.95233,0.89479125
1.0,0.9479167,301.99426,212.95233,0.89687455
1.0,0.95,301.99426,212.95233,0.89895785
1.0,0.95208335,301.99426,212.95233,0.90104115
1.0,0.95416665,301.99426,212.95233,0.9031244
1.0,0.95625,301.99426,212.95233,0.9052079
1.0,0.9583333,301.99426,212.95233,0.9072911
1.0,0.9604167,301.99426,212.95233,0.9093746
1.0,0.9625,301.99426,212.95233,0.9114579
1.0,0.96458334,301.99426,212.95233,0.91354114
1.0,0.96666664,301.99426,212.95233,0.91562444
1.0,0.96875,301.99426,212.95233,0.91770774
1.0,0.97083336,301.99426,212.95233,0.91979116
1.0,0.97291666,301.99426,212.95233,0.92187446
1.0,0.975,301.99426,212.95233,0.9239579
1.0,0.9770833,301.99426,212.95233,0.9260412
1.0,0.9791667,301.99426,212.95233,0.9281245
1.0,0.98125,301.99426,212.95233,0.9302078
1.0,0.98333335,301.99426,212.95233,0.93229103
1.0,0.98541665,301.99426,212.95233,0.93437433
1.0,0.9875,301.99426,212.95233,0.93645775
1.0,0.9895833,301.99426,212.95233,0.93854105
1.0,0.9916667,301.99426,212.95233,0.94062454
1.0,0.99375,301.99426,212.95233,0.9427078
1.0,0.99583334,301.9942,212.95233,0.9447911
1.0,0.99791664,301.99426,212.95233,0.9468744
1.0,1.0,301.9942,212.95233,0.9489577
1.0,1.0020833,301.9942,212.95233,0.95104104
1.0,1.0041667,301.9942,212.95233,0.9531177
1.0,1.00625,301.99426,212.95233,0.95517516
1.0,1.0083333,301.9942,212.95233,0.95720327
1.0,1.0104166,301.99426,212.9523,0.9591936
1.0,1.0125,301.99414,212.9523,0.96113926
1.0,1.0145833,301.99426,212.9523,0.96303463
1.0,1.0166667,301.99426,212.9523,0.9648754
1.0,1.01875,301.99426,212.9523,0.96665806
1.0,1.0208334,301.99426,212.9523,0.96838045
1.0,1.0229167,301.99414,212.9523,0.9700404
1.0,1.025,301.99414,212.9523,0.971637
1.0,1.0270833,301.99414,212.9523,0.9731698
1.0,1.0291667,301.99414,212.9523,0.9746388
1.0,1.03125,301.99414,212.9523,0.9760445
1.0,1.0333333,301.99426,212.9523,0.9773875
1.0,1.0354167,301.99414,212.9523,0.978669
1.0,1.0375,301.99414,212.9523,0.97989
1.0,1.0395833,301.99414,212.9523,0.9810521
1.0,1.0416666,301.99426,212.9523,0.982157
1.0,1.04375,301.99255,212.95291,0.98320633
1.0,1.0458333,301.98608,212.95526,0.9842019
1.0,1.0479167,301.97235,212.96036,0.9851456
1.0,1.05,301.94897,212.96896,0.98603946
1.0,1.0520834,301.91443,212.98178,0.98688537
1.0,1.0541667,301.8672,212.99933,0.9876852
1.0,1.05625,301.80603,213.0221,0.988441
1.0,1.0583333,301.73035,213.05035,0.98915464
1.0,1.0604167,301.63947,213.08441,0.989828
1.0,1.0625,301.5332,213.12439,0.9904631
1.0,1.0645833,301.41132,213.17041,0.9910617
1.0,1.0666667,301.27417,213.22247,0.99162555
1.0,1.06875,301.12177,213.28064,0.99215627
1.0,1.0708333,300.95483,213.34479,0.99265575
1.0,1.0729166,300.77374,213.4148,0.99312544
1.0,1.075,300.57904,213.4906,0.99356705
1.0,1.0770833,300.3717,213.5719,0.99398196
1.0,1.0791667,300.15247,213.65863,0.9943716
1.0,1.08125,299.92212,213.75055,0.9947374
1.0,1.0833334,299.68152,213.84735,0.9950807
1.0,1.0854167,299.43182,213.94885,0.9954028
1.0,1.0875,299.1737,214.05478,0.9957048
1.0,1.0895833,298.90845,214.16486,0.9959879
1.0,1.0916667,298.63696,214.27878,0.99625313
1.0,1.09375,298.36017,214.39633,0.9965016
1.0,1.0958333,298.07898,214.51721,0.9967344
1.0,1.0979167,297.79425,214.64114,0.99695224
1.0,1.1,297.50708,214.76785,0.99715614
1.0,1.1020833,297.2185,214.8971,0.997347
1.0,1.1041666,296.92896,215.02853,0.99752545
1.0,1.10625,296.6397,215.16199,0.9976923
1.0,1.1083333,296.3512,215.29718,0.9978483
1.0,1.1104167,296.06427,215.43384,0.99799407
1.0,1.1125,295.77966,215.57175,0.9981303
1.0,1.1145834,295.49792,215.7107,0.99825764
1.0,1.1166667,295.21997,215.85037,0.99837655
1.0,1.11875,294.9461,215.99066,0.9984876
1.0,1.1208333,294.67682,216.13129,0.99859124
1.0,1.1229167,294.4129,216.27216,0.998688
1.0,1.125,294.15454,216.41296,0.9987782
1.0,1.1270833,293.90204,216.55359,0.99886245
1.0,1.1291667,293.65594,216.69388,0.99894106
1.0,1.13125,293.4167,216.83365,0.9990143
1.0,1.1333333,293.1842,216.97272,0.9990827
1.0,1.1354166,292.95898,217.11102,0.99914646
1.0,1.1375,292.74127,217.24835,0.9992058
1.0,1.1395833,292.53094,217.38464,0.9992612
1.0,1.1416667,292.32837,217.51978,0.99931276
1.0,1.14375,292.13367,217.65356,0.99936074
1.0,1.1458334,291.94678,217.78601,0.9994055
1.0,1.1479167,291.7677,217.91699,0.9994472
1.0,1.15,291.59674,218.04642,0.999486
1.0,1.1520833,291.4336,218.1742,0.9995222
1.0,1.1541667,291.27826,218.30023,0.9995559
1.0,1.15625,291.1308,218.42456,0.9995872
1.0,1.1583333,290.9911,218.54703,0.9996163
1.0,1.1604167,290.85907,218.66766,0.99964345
1.0,1.1625,290.73456,218.78632,0.9996687
1.0,1.1645833,290.61743,218.90305,0.9996922
1.0,1.1666666,290.50763,219.01776,0.9997141
1.0,1.16875,290.40503,219.1305,0.99973446
1.0,1.1708333,290.3092,219.24115,0.9997533
1.0,1.1729167,290.22034,219.34973,0.9997709
1.0,1.175,290.13806,219.4563,0.9997872
1.0,1.1770834,290.062,219.5607,0.9998024
1.0,1.1791667,289.9923,219.66302,0.99981654
1.0,1.18125,289.92865,219.76324,0.9998296
1.0,1.1833333,289.8708,219.86136,0.9998418
1.0,1.1854167,289.8186,219.9574,0.99985313
1.0,1.1875,289.77167,220.05133,0.9998637
1.0,1.1895833,289.72998,220.14313,0.99987346
1.0,1.1916667,289.6933,220.23291,0.9998826
1.0,1.19375,289.66132,220.32062,0.99989104
1.0,1.1958333,289.6338,220.40625,0.9998989
1.0,1.1979166,289.61072,220.48987,0.99990624
1.0,1.2,289.59167,220.57147,0.999913
1.0,1.2020833,289.5766,220.6511,0.9999193
1.0,1.2041667,289.5653,220.72876,0.9999252
1.0,1.20625,289.5573,220.80444,0.99993056
1.0,1.2083334,289.5528,220.87823,0.99993557
1.0,1.2104167,289.5514,220.95013,0.9999403
1.0,1.2125,289.55286,221.02017,0.99994457
1.0,1.2145833,289.55707,221.08838,0.9999486
1.0,1.2166667,289.5639,221.15475,0.9999523
1.0,1.21875,289.57324,221.21936,0.9999558
1.0,1.2208333,289.58472,221.28223,0.999959
1.0,1.2229167,289.5982,221.34338,0.99996203
1.0,1.225,289.6136,221.4029,0.9999648
1.0,1.2270833,289.63068,221.4607,0.99996734
1.0,1.2291666,289.64954,221.51688,0.9999697
1.0,1.23125,289.66968,221.57147,0.9999719
1.0,1.2333333,289.69128,221.62457,0.999974
1.0,1.2354167,289.7141,221.67609,0.999976
1.0,1.2375,289.7379,221.72614,0.9999777
1.0,1.2395834,289.76276,221.77472,0.9999793
1.0,1.2416667,289.7885,221.8219,0.99998087
1.0,1.24375,289.81494,221.86765,0.9999823
1.0,1.2458333,289.84192,221.91205,0.9999836
1.0,1.2479167,289.8695,221.95514,0.9999848
1.0,1.25,289.89764,221.99692,0.999986
1.0,1.2520833,289.92596,222.03741,0.99998695
1.0,1.2541667,289.9547,222.07672,0.9999879
1.0,1.25625,289.98352,222.11478,0.99998885
1.0,1.2583333,290.0127,222.15167,0.9999897
1.0,1.2604166,290.04175,222.18744,0.99999046
1.0,1.2625,290.07092,222.22208,0.9999911
1.0,1.2645833,290.0999,222.25562,0.99999183
1.0,1.2666667,290.1289,222.28815,0.99999243
1.0,1.26875,290.15778,222.31961,0.99999297
1.0,1.2708334,290.18628,222.35007,0.9999935
1.0,1.2729167,290.21466,222.37958,0.999994
1.0,1.275,290.24268,222.40814,0.99999446
1.0,1.2770833,290.27045,222.43576,0.9999948
1.0,1.2791667,290.29785,222.46246,0.99999523
1.0,1.28125,290.32483,222.48834,0.9999956
1.0,1.2833333,290.35144,222.51337,0.9999959
1.0,1.2854167,290.37762,222.5376,0.99999624
1.0,1.2875,290.40338,222.56097,0.99999654
1.0,1.2895833,290.42853,222.58362,0.9999968
1.0,1.2916666,290.4533,222.60553,0.999997
1.0,1.29375,290.47754,222.62665,0.9999972
1.0,1.2958333,290.50134,222.6471,0.99999744
1.0,1.2979167,290.52454,222.66687,0.9999976
1.0,1.3,290.54706,222.68594,0.9999978
1.0,1.3020834,290.5692,222.7044,0.9999979
1.0,1.3041667,290.59088,222.72223,0.9999981
1.0,1.30625,290.61176,222.73944,0.9999982
1.0,1.3083333,290.63226,222.7561,0.9999984
1.0,1.3104167,290.65222,222.77213,0.9999985
1.0,1.3125,290.67163,222.78766,0.9999986
1.0,1.3145833,290.6903,222.80261,0.9999987
1.0,1.3166667,290.70874,222.81708,0.99999875
1.0,1.31875,290.72644,222.83105,0.99999887
1.0,1.3208333,290.74365,222.84454,0.9999989
1.0,1.3229166,290.7603,222.85754,0.999999
1.0,1.325,290.77637,222.87009,0.99999905
1.0,1.3270833,290.7921,222.8822,0.99999917
1.0,1.3291667,290.80713,222.89389,0.9999992
1.0,1.33125,290.82184,222.90515,0.9999993
1.0,1.3333334,290.83594,222.91608,0.9999994
1.0,1.3354167,290.84955,222.92654,0.99999946
1.0,1.3375,290.8628,222.93668,0.9999995
1.0,1.3395833,290.87543,222.94644,0.99999964
1.0,1.3416667,290.88776,222.95587,0.99999964
1.0,1.34375,290.89954,222.96494,0.99999964
1.0,1.3458333,290.91095,222.9737,0.99999964
1.0,1.3479167,290.92194,222.98215,0.99999964
1.0,1.35,290.9325,222.9903,0.99999964
1.0,1.3520833,290.94257,222.99814,0.99999964
1.0,1.3541666,290.95245,223.0057,0.99999964
1.0,1.35625,290.9618,223.013,0.99999964
1.0,1.3583333,290.97083,223.02002,0.99999964
1.0,1.3604167,290.97955,223.0268,0.99999964
1.0,1.3625,290.9879,223.03333,0.99999964
1.0,1.3645834,290.9958,223.03961,0.99999964
1.0,1.3666667,291.00354,223.04565,0.99999964
1.0,1.36875,291.01086,223.05151,0.99999964
1.0,1.3708333,291.01794,223.05713,0.99999964
1.0,1.3729167,291.02478,223.06256,0.99999964
1.0,1.375,291.0313,223.06775,0.99999964
1.0,1.3770833,291.03748,223.07281,0.99999964
1.0,1.3791667,291.04333,223.07764,0.99999964
1.0,1.38125,291.04913,223.08228,0.99999964
1.0,1.3833333,291.05457,223.08679,0.99999964
1.0,1.3854166,291.05975,223.09113,0.99999964
1.0,1.3875,291.06482,223.09528,0.99999964
1.0,1.3895833,291.06952,223.09927,0.99999964
1.0,1.3916667,291.0741,223.10312,0.99999964
1.0,1.39375,291.0785,223.10684,0.99999964
1.0,1.3958334,291.08264,223.11041,0.99999964
1.0,1.3979167,291.0868,223.11389,0.99999964
1.0,1.4,291.0905,223.11719,0.99999964
1.0,1.4020833,291.09412,223.12036,0.99999964
1.0,1.4041667,291.09772,223.12341,0.99999964
1.0,1.40625,291.10095,223.1264,0.99999964
1.0,1.4083333,291.10413,223.12924,0.99999964
1.0,1.4104167,291.10724,223.13196,0.99999964
1.0,1.4125,291.11005,223.13461,0.99999964
1.0,1.4145833,291.1129,223.13715,0.99999964
1.0,1.4166666,291.11554,223.13959,0.99999964
1.0,1.41875,291.11804,223.14194,0.99999964
1.0,1.4208333,291.12048,223.1442,0.99999964
1.0,1.4229167,291.12274,223.14636,0.99999964
1.0,1.425,291.12488,223.14844,0.99999964
1.0,1.4270834,291.12708,223.15045,0.99999964
1.0,1.4291667,291.12903,223.1524,0.99999964
1.0,1.43125,291.13098,223.15424,0.99999964
1.0,1.4333333,291.1327,223.15604,0.99999964
1.0,1.4354167,291.13446,223.15771,0.99999964
1.0,1.4375,291.1361,223.1594,0.99999964
1.0,1.4395833,291.13782,223.16101,0.99999964
1.0,1.4416667,291.13928,223.16254,0.99999964
1.0,1.44375,291.14075,223.164,0.99999964
1.0,1.4458333,291.14197,223.1654,0.99999964
1.0,1.4479166,291.14343,223.16675,0.99999964
1.0,1.45,291.14465,223.16806,0.99999964
1.0,1.4520833,291.14587,223.16931,0.99999964
1.0,1.4541667,291.1469,223.17053,0.99999964
1.0,1.45625,291.14807,223.17169,0.99999964
1.0,1.4583334,291.14905,223.17282,0.99999964
1.0,1.4604167,291.15002,223.17389,0.99999964
1.0,1.4625,291.151,223.1749,0.99999964
1.0,1.4645833,291.15198,223.1759,0.99999964
1.0,1.4666667,291.15277,223.17685,0.99999964
1.0,1.46875,291.15363,223.17776,0.99999964
1.0,1.4708333,291.15442,223.17865,0.99999964
1.0,1.4729167,291.15515,223.1795,0.99999964
1.0,1.475,291.15588,223.1803,0.99999964
1.0,1.4770833,291.15662,223.18109,0.99999964
1.0,1.4791666,291.15735,223.18182,0.99999964
1.0,1.48125,291.15784,223.18256,0.99999964
1.0,1.4833333,291.15857,223.18323,0.99999964
1.0,1.4854167,291.15906,223.1839,0.99999964
1.0,1.4875,291.1596,223.18454,0.99999964
1.0,1.4895834,291.16022,223.18515,0.99999964
1.0,1.4916667,291.16077,223.18576,0.99999964
1.0,1.49375,291.16125,223.18631,0.99999964
1.0,1.4958333,291.16168,223.18686,0.99999964
1.0,1.4979167,291.16205,223.18738,0.99999964
1.0,1.5,291.16248,223.1879,0.99999964
1.0,1.5020833,291.16296,223.18839,0.99999964
1.0,1.5041667,291.1634,223.18884,0.99999964
1.0,1.50625,291.1637,223.18927,0.99999964
1.0,1.5083333,291.16418,223.1897,0.99999964
1.0,1.5104166,291.16443,223.19012,0.99999964
1.0,1.5125,291.16473,223.19052,0.99999964
1.0,1.5145833,291.16516,223.19089,0.99999964
1.0,1.5166667,291.1654,223.19125,0.99999964
1.0,1.51875,291.1657,223.19162,0.99999964
1.0,1.5208334,291.16608,223.19196,0.99999964
1.0,1.5229167,291.16638,223.19226,0.99999964
1.0,1.525,291.16663,223.1926,0.99999964
1.0,1.5270833,291.16687,223.1929,0.99999964
1.0,1.5291667,291.1671,223.19318,0.99999964
1.0,1.53125,291.16736,223.19348,0.99999964
1.0,1.5333333,291.16754,223.19373,0.99999964
1.0,1.5354167,291.1678,223.19397,0.99999964
1.0,1.5375,291.16803,223.19421,0.99999964
1.0,1.5395833,291.16815,223.19446,0.99999964
1.0,1.5416666,291.16833,223.19467,0.99999964
1.0,1.54375,291.16858,223.19489,0.99999964
1.0,1.5458333,291.16876,223.1951,0.99999964
1.0,1.5479167,291.16888,223.19531,0.99999964
1.0,1.55,291.16907,223.1955,0.99999964
1.0,1.5520834,291.1693,223.19568,0.99999964
1.0,1.5541667,291.16937,223.19583,0.99999964
1.0,1.55625,291.16956,223.19601,0.99999964
1.0,1.5583333,291.16974,223.19617,0.99999964
1.0,1.5604167,291.1698,223.19632,0.99999964
1.0,1.5625,291.17004,223.19647,0.99999964
1.0,1.5645833,291.17004,223.1966,0.99999964
1.0,1.5666667,291.1703,223.19675,0.99999964
1.0,1.56875,291.1703,223.1969,0.99999964
1.0,1.5708333,291.17053,223.19702,0.99999964
1.0,1.5729166,291.17053,223.19714,0.99999964
1.0,1.575,291.17072,223.19727,0.99999964
1.0,1.5770833,291.17078,223.19733,0.99999964
1.0,1.5791667,291.17096,223.19745,0.99999964
1.0,1.58125,291.17102,223.19757,0.99999964
1.0,1.5833334,291.17102,223.19763,0.99999964
1.0,1.5854167,291.1712,223.19775,0.99999964
1.0,1.5875,291.17126,223.19785,0.99999964
1.0,1.5895833,291.17126,223.19794,0.99999964
1.0,1.5916667,291.1715,223.198,0.99999964
1.0,1.59375,291.1715,223.19809,0.99999964
1.0,1.5958333,291.1715,223.19818,0.99999964
1.0,1.5979167,291.1717,223.19824,0.99999964
1.0,1.6,291.17175,223.1983,0.99999964
1.0,1.6020833,291.17175,223.19836,0.99999964
1.0,1.6041666,291.17194,223.19846,0.99999964
1.0,1.60625,291.172,223.19852,0.99999964
1.0,1.6083333,291.172,223.19858,0.99999964
1.0,1.6104167,291.172,223.19864,0.99999964
1.0,1.6125,291.17206,223.1987,0.99999964
1.0,1.6145834,291.17218,223.19873,0.99999964
1.0,1.6166667,291.17224,223.19879,0.99999964
1.0,1.61875,291.17224,223.19885,0.99999964
1.0,1.6208333,291.17224,223.19888,0.99999964
1.0,1.6229167,291.1723,223.19891,0.99999964
1.0,1.625,291.17242,223.19897,0.99999964
1.0,1.6270833,291.1725,223.19904,0.99999964
1.0,1.6291667,291.1725,223.19907,0.99999964
1.0,1.63125,291.1725,223.1991,0.99999964
1.0,1.6333333,291.1725,223.1991,0.99999964
1.0,1.6354166,291.17255,223.19916,0.99999964
1.0,1.6375,291.17255,223.19919,0.99999964
1.0,1.6395833,291.17267,223.19922,0.99999964
1.0,1.6416667,291.17273,223.19925,0.99999964
1.0,1.64375,291.17273,223.19928,0.99999964
1.0,1.6458334,291.17273,223.19931,0.99999964
1.0,1.6479167,291.17273,223.19934,0.99999964
1.0,1.65,291.17273,223.19937,0.99999964
1.0,1.6520833,291.17273,223.1994,0.99999964
1.0,1.6541667,291.1728,223.19943,0.99999964
1.0,1.65625,291.1729,223.19946,0.99999964
1.0,1.6583333,291.1729,223.19946,0.99999964
1.0,1.6604167,291.17297,223.19946,0.99999964
1.0,1.6625,291.17297,223.19952,0.99999964
1.0,1.6645833,291.17297,223.19952,0.99999964
1.0,1.6666666,291.17297,223.19952,0.99999964
1.0,1.66875,291.17297,223.19955,0.99999964
1.0,1.6708333,291.17297,223.19958,0.99999964
1.0,1.6729167,291.17297,223.19958,0.99999964
1.0,1.675,291.17297,223.19958,0.99999964
1.0,1.6770834,291.17297,223.19962,0.99999964
1.0,1.6791667,291.17297,223.19965,0.99999964
1.0,1.68125,291.17297,223.19965,0.99999964
1.0,1.6833333,291.17303,223.19965,0.99999964
1.0,1.6854167,291.17303,223.19968,0.99999964
1.0,1.6875,291.17303,223.19968,0.99999964
1.0,1.6895833,291.17303,223.1997,0.99999964
1.0,1.6916667,291.17316,223.1997,0.99999964
1.0,1.69375,291.17316,223.1997,0.99999964
1.0,1.6958333,291.17322,223.19974,0.99999964
1.0,1.6979166,291.17322,223.19977,0.99999964
1.0,1.7,291.17322,223.19977,0.99999964
1.0,1.7020833,291.17322,223.19977,0.99999964
1.0,1.7041667,291.17322,223.19977,0.99999964
1.0,1.70625,291.17322,223.19977,0.99999964
1.0,1.7083334,291.17322,223.1998,0.99999964
1.0,1.7104167,291.17322,223.1998,0.99999964
1.0,1.7125,291.17322,223.1998,0.99999964
1.0,1.7145833,291.17322,223.19983,0.99999964
1.0,1.7166667,291.17322,223.19983,0.99999964
1.0,1.71875,291.17322,223.19983,0.99999964
1.0,1.7208333,291.17322,223.19983,0.99999964
1.0,1.7229167,291.17322,223.19983,0.99999964
1.0,1.725,291.17322,223.19983,0.99999964
1.0,1.7270833,291.17322,223.19983,0.99999964
1.0,1.7291666,291.17322,223.19983,0.99999964
1.0,1.73125,291.17322,223.19983,0.99999964
1.0,1.7333333,291.17322,223.19989,0.99999964
1.0,1.7354167,291.17322,223.19989,0.99999964
1.0,1.7375,291.17322,223.19989,0.99999964
1.0,1.7395834,291.17328,223.19989,0.99999964
1.0,1.7416667,291.17328,223.19989,0.99999964
1.0,1.74375,291.17328,223.19989,0.99999964
1.0,1.7458333,291.1734,223.19989,0.99999964
1.0,1.7479167,291.1734,223.19989,0.99999964
1.0,1.75,291.1734,223.19989,0.99999964
1.0,1.7520833,291.1734,223.19989,0.99999964
1.0,1.7541667,291.1734,223.19989,0.99999964
1.0,1.75625,291.1734,223.19989,0.99999964
1.0,1.7583333,291.1734,223.19989,0.99999964
1.0,1.7604166,291.1734,223.19989,0.99999964
1.0,1.7625,291.1734,223.19989,0.99999964
1.0,1.7645833,291.1734,223.19989,0.99999964
1.0,1.7666667,291.1734,223.19989,0.99999964
1.0,1.76875,291.1734,223.19989,0.99999964
1.0,1.7708334,291.1734,223.19989,0.99999964
1.0,1.7729167,291.1734,223.19989,0.99999964
1.0,1.775,291.1734,223.19989,0.99999964
1.0,1.7770833,291.1734,223.19989,0.99999964
1.0,1.7791667,291.1734,223.19989,0.99999964
1.0,1.78125,291.1734,223.19989,0.99999964
1.0,1.7833333,291.1734,223.19989,0.99999964
1.0,1.7854167,291.1734,223.19989,0.99999964
1.0,1.7875,291.1734,223.19989,0.99999964
1.0,1.7895833,291.1734,223.19989,0.99999964
1.0,1.7916666,291.1734,223.19989,0.99999964
1.0,1.79375,291.1734,223.19989,0.99999964
1.0,1.7958333,291.1734,223.19989,0.99999964
1.0,1.7979167,291.1734,223.19989,0.99999964
1.0,1.8,291.1734,223.19989,0.99999964
1.0,1.8020834,291.1734,223.19989,0.99999964
1.0,1.8041667,291.1734,223.19989,0.99999964
1.0,1.80625,291.1734,223.19989,0.99999964
1.0,1.8083333,291.1734,223.19989,0.99999964
1.0,1.8104167,291.1734,223.19989,0.99999964
1.0,1.8125,291.1734,223.19989,0.99999964
1.0,1.8145833,291.1734,223.19989,0.99999964
1.0,1.8166667,291.1734,223.19989,0.99999964
1.0,1.81875,291.1734,223.19989,0.99999964
1.0,1.8208333,291.1734,223.19989,0.99999964
1.0,1.8229166,291.1734,223.19989,0.99999964
1.0,1.825,291.1734,223.19989,0.99999964
1.0,1.8270833,291.1734,223.19989,0.99999964
1.0,1.8291667,291.1734,223.19989,0.99999964
1.0,1.83125,291.1734,223.19989,0.99999964
1.0,1.8333334,291.1734,223.19989,0.99999964
1.0,1.8354167,291.1734,223.19989,0.99999964
1.0,1.8375,291.1734,223.19989,0.99999964
1.0,1.8395833,291.1734,223.19989,0.99999964
1.0,1.8416667,291.1734,223.19989,0.99999964
1.0,1.84375,291.1734,223.19989,0.99999964
1.0,1.8458333,291.1734,223.19989,0.99999964
1.0,1.8479167,291.1734,223.19989,0.99999964
1.0,1.85,291.1734,223.19989,0.99999964
1.0,1.8520833,291.1734,223.19989,0.99999964
1.0,1.8541666,291.1734,223.19989,0.99999964
1.0,1.85625,291.1734,223.19989,0.99999964
1.0,1.8583333,291.1734,223.19989,0.99999964
1.0,1.8604167,291.1734,223.19989,0.99999964
1.0,1.8625,291.1734,223.19989,0.99999964
1.0,1.8645834,291.1734,223.19989,0.99999964
1.0,1.8666667,291.1734,223.19989,0.99999964
1.0,1.86875,291.1734,223.19989,0.99999964
1.0,1.8708333,291.1734,223.19989,0.99999964
1.0,1.8729167,291.1734,223.19989,0.99999964
1.0,1.875,291.1734,223.19989,0.99999964
1.0,1.8770833,291.1734,223.19989,0.99999964
1.0,1.8791667,291.1734,223.19989,0.99999964
1.0,1.88125,291.1734,223.19989,0.99999964
1.0,1.8833333,291.1734,223.19989,0.99999964
1.0,1.8854166,291.1734,223.19989,0.99999964
1.0,1.8875,291.1734,223.19989,0.99999964
1.0,1.8895833,291.1734,223.19989,0.99999964
1.0,1.8916667,291.1734,223.19989,0.99999964
1.0,1.89375,291.1734,223.19989,0.99999964
1.0,1.8958334,291.1734,223.19989,0.99999964
1.0,1.8979167,291.1734,223.19989,0.99999964
1.0,1.9,291.1734,223.19989,0.99999964
1.0,1.9020833,291.1734,223.19989,0.99999964
1.0,1.9041667,291.1734,223.19989,0.99999964
1.0,1.90625,291.1734,223.19989,0.99999964
1.0,1.9083333,291.1734,223.19989,0.99999964
1.0,1.9104167,291.1734,223.19989,0.99999964
1.0,1.9125,291.1734,223.19989,0.99999964
1.0,1.9145833,291.1734,223.19989,0.99999964
1.0,1.9166666,291.1734,223.19989,0.99999964
1.0,1.91875,291.1734,223.19989,0.99999964
1.0,1.9208333,291.1734,223.19989,0.99999964
1.0,1.9229167,291.1734,223.19989,0.99999964
1.0,1.925,291.1734,223.19989,0.99999964
1.0,1.9270834,291.1734,223.19989,0.99999964
1.0,1.9291667,291.1734,223.19989,0.99999964
1.0,1.93125,291.1734,223.19989,0.99999964
1.0,1.9333333,291.1734,223.19989,0.99999964
1.0,1.9354167,291.1734,223.19989,0.99999964
1.0,1.9375,291.1734,223.19989,0.99999964
1.0,1.9395833,291.1734,223.19989,0.99999964
1.0,1.9416667,291.1734,223.19989,0.99999964
1.0,1.94375,291.1734,223.19989,0.99999964
1.0,1.9458333,291.1734,223.19989,0.99999964
1.0,1.9479166,291.1734,223.19989,0.99999964
1.0,1.95,291.1734,223.19989,0.99999964
1.0,1.9520833,291.1734,223.19989,0.99999964
1.0,1.9541667,291.1734,223.19989,0.99999964
1.0,1.95625,291.1734,223.19989,0.99999964
1.0,1.9583334,291.1734,223.19989,0.99999964
1.0,1.9604167,291.1734,223.19989,0.99999964
1.0,1.9625,291.1734,223.19989,0.99999964
1.0,1.9645833,291.1734,223.19989,0.99999964
1.0,1.9666667,291.1734,223.19989,0.99999964
1.0,1.96875,291.1734,223.19989,0.99999964
1.0,1.9708333,291.1734,223.19989,0.99999964
1.0,1.9729167,291.1734,223.19989,0.99999964
1.0,1.975,291.1734,223.19989,0.99999964
1.0,1.9770833,291.1734,223.19989,0.99999964
1.0,1.9791666,291.1734,223.19989,0.99999964
1.0,1.98125,291.1734,223.19989,0.99999964
1.0,1.9833333,291.1734,223.19989,0.99999964
1.0,1.9854167,291.1734,223.19989,0.99999964
1.0,1.9875,291.1734,223.19989,0.99999964
1.0,1.9895834,291.1734,223.19989,0.99999964
1.0,1.9916667,291.1734,223.19989,0.99999964
1.0,1.99375,291.1734,223.19989,0.99999964
1.0,1.9958333,291.1734,223.19989,0.99999964
1.0,1.9979167,291.1734,223.19989,0.99999964
1.0,2.0,291.1734,223.19989,0.99999964
1.5,0.0020833334,291.17114,223.19763,0.0
1.5,0.004166667,291.17123,223.19775,4.566077E-6
1.5,0.00625,291.17126,223.1977,2.183818E-5
1.5,0.008333334,291.17102,223.19708,5.8646154E-5
1.5,0.010416667,291.17035,223.19519,1.2062535E-4
1.5,0.0125,291.16885,223.1911,2.1239965E-4
1.5,0.014583333,291.16638,223.18402,3.376874E-4
1.5,0.016666668,291.16278,223.17303,4.994171E-4
1.5,0.01875,291.158,223.15738,6.998428E-4
1.5,0.020833334,291.1521,223.13644,9.406119E-4
1.5,0.022916667,291.14523,223.10968,0.0012228899
1.5,0.025,291.13766,223.07672,0.0015473607
1.5,0.027083334,291.12976,223.03738,0.0019143615
1.5,0.029166667,291.12183,222.99152,0.0023238827
1.5,0.03125,291.11432,222.93909,0.002775693
1.5,0.033333335,291.10773,222.88031,0.0032692533
1.5,0.035416666,291.1025,222.81537,0.003803889
1.5,0.0375,291.09912,222.74448,0.0043787714
1.5,0.039583333,291.09808,222.66809,0.0049928995
1.5,0.041666668,291.0998,222.58655,0.005645232
1.5,0.04375,291.10474,222.50037,0.0063345744
1.5,0.045833334,291.11322,222.40991,0.0070597525
1.5,0.047916666,291.12567,222.31573,0.007819475
1.5,0.05,291.14227,222.21832,0.008612488
1.5,0.052083332,291.16342,222.11816,0.009437465
1.5,0.054166667,291.1892,222.01575,0.010293132
1.5,0.05625,291.21994,221.91153,0.011178161
1.5,0.058333334,291.25558,221.806,0.0120912995
1.5,0.060416665,291.29626,221.69955,0.013031237
1.5,0.0625,291.342,221.59259,0.01399676
1.5,0.06458333,291.39276,221.48553,0.014986635
1.5,0.06666667,291.44843,221.37875,0.015999649
1.5,0.06875,291.5091,221.27258,0.017034704
1.5,0.07083333,291.57437,221.16724,0.018090624
1.5,0.072916664,291.64423,221.06305,0.019166388
1.5,0.075,291.71844,220.96033,0.020260898
1.5,0.077083334,291.7968,220.85919,0.021373209
1.5,0.079166666,291.87912,220.75989,0.022502301
1.5,0.08125,291.9651,220.66254,0.023647308
1.5,0.083333336,292.0544,220.56738,0.024807304
1.5,0.08541667,292.14688,220.47443,0.025981499
1.5,0.0875,292.24216,220.38388,0.027169025
1.5,0.08958333,292.34003,220.29578,0.02836919
1.5,0.09166667,292.44012,220.21017,0.029581204
1.5,0.09375,292.54214,220.12714,0.030804431
1.5,0.09583333,292.6458,220.04669,0.03203818
1.5,0.09791667,292.75092,219.96887,0.03328179
1.5,0.1,292.85706,219.89368,0.034534764
1.5,0.10208333,292.96402,219.8211,0.035796445
1.5,0.104166664,293.07153,219.7511,0.037066374
1.5,0.10625,293.17926,219.68372,0.03834399
1.5,0.108333334,293.2871,219.6189,0.039628886
1.5,0.110416666,293.39465,219.55655,0.04092055
1.5,0.1125,293.50183,219.4967,0.04221862
1.5,0.114583336,293.6083,219.43927,0.043522634
1.5,0.11666667,293.71393,219.38419,0.04483229
1.5,0.11875,293.8185,219.33145,0.046147145
1.5,0.12083333,293.92184,219.28094,0.047466952
1.5,0.12291667,294.0238,219.23267,0.048791327
1.5,0.125,294.12418,219.18646,0.050120056
1.5,0.12708333,294.2229,219.14233,0.05145281
1.5,0.12916666,294.3198,219.10022,0.052789304
1.5,0.13125,294.41473,219.06,0.05412932
1.5,0.13333334,294.5077,219.02167,0.055472672
1.5,0.13541667,294.5985,218.98517,0.056819107
1.5,0.1375,294.68707,218.95035,0.058168393
1.5,0.13958333,294.77344,218.91718,0.059520412
1.5,0.14166667,294.85742,218.88565,0.0608749
1.5,0.14375,294.93903,218.85562,0.062231775
1.5,0.14583333,295.01825,218.82709,0.06359081
1.5,0.14791666,295.09503,218.79993,0.06495193
1.5,0.15,295.1693,218.77417,0.06631495
1.5,0.15208334,295.24115,218.7497,0.067679726
1.5,0.15416667,295.31052,218.72644,0.069046155
1.5,0.15625,295.37738,218.70435,0.070414186
1.5,0.15833333,295.44177,218.68341,0.07178366
1.5,0.16041666,295.50372,218.66351,0.07315443
1.5,0.1625,295.56323,218.64465,0.07452647
1.5,0.16458334,295.62036,218.62683,0.07589972
1.5,0.16666667,295.6751,218.60986,0.077274054
1.5,0.16875,295.7275,218.59381,0.078649364
1.5,0.17083333,295.77762,218.57861,0.080025665
1.5,0.17291667,295.82547,218.56424,0.08140281
1.5,0.175,295.87115,218.5506,0.082780816
1.5,0.17708333,295.9146,218.53772,0.084159546
1.5,0.17916666,295.956,218.52548,0.085539035
1.5,0.18125,295.9953,218.51392,0.08691919
1.5,0.18333334,296.03265,218.50299,0.088299915
1.5,0.18541667,296.06805,218.49265,0.08968122
1.5,0.1875,296.10156,218.48288,0.091063105
1.5,0.18958333,296.13324,218.47363,0.09244549
1.5,0.19166666,296.1632,218.46487,0.0938283
1.5,0.19375,296.1914,218.4566,0.09521153
1.5,0.19583334,296.218,218.44879,0.096595205
1.5,0.19791667,296.243,218.4414,0.09797925
1.5,0.2,296.2665,218.43445,0.099363595
1.5,0.20208333,296.2885,218.42786,0.10074827
1.5,0.20416667,296.30908,218.42163,0.10213332
1.5,0.20625,296.3284,218.41571,0.103518575
1.5,0.20833333,296.34637,218.41016,0.10490408
1.5,0.21041666,296.3631,218.4049,0.106289834
1.5,0.2125,296.37878,218.39996,0.10767588
1.5,0.21458334,296.39316,218.39526,0.10906206
1.5,0.21666667,296.40662,218.39087,0.110448435
1.5,0.21875,296.41895,218.38672,0.11183498
1.5,0.22083333,296.43042,218.38275,0.11322177
1.5,0.22291666,296.44092,218.37906,0.114608645
1.5,0.225,296.45056,218.37555,0.11599566
1.5,0.22708334,296.4594,218.37225,0.1173829
1.5,0.22916667,296.46747,218.36911,0.118770175
1.5,0.23125,296.4748,218.36618,0.12015757
1.5,0.23333333,296.48145,218.3634,0.12154508
1.5,0.23541667,296.48746,218.36078,0.12293276
1.5,0.2375,296.49286,218.35828,0.12432045
1.5,0.23958333,296.49768,218.35596,0.12570822
1.5,0.24166666,296.50195,218.35376,0.12709609
1.5,0.24375,296.5058,218.35168,0.12848409
1.5,0.24583334,296.50916,218.34973,0.12987208
1.5,0.24791667,296.51202,218.3479,0.13126016
1.5,0.25,296.51453,218.34613,0.13264827
1.5,0.25208333,296.5167,218.34451,0.13403654
1.5,0.25416666,296.5185,218.34296,0.13542476
1.5,0.25625,296.51996,218.34149,0.13681304
1.5,0.25833333,296.52118,218.34015,0.13820143
1.5,0.26041666,296.52203,218.3388,0.13958979
1.5,0.2625,296.5227,218.33759,0.14097819
1.5,0.26458332,296.52313,218.33643,0.14236662
1.5,0.26666668,296.52338,218.33536,0.14375517
1.5,0.26875,296.52344,218.33435,0.14514366
1.5,0.27083334,296.52332,218.33337,0.14653218
1.5,0.27291667,296.52307,218.33246,0.1479208
1.5,0.275,296.52264,218.3316,0.14930937
1.5,0.27708334,296.5221,218.33078,0.15069796
1.5,0.27916667,296.52148,218.33002,0.15208657
1.5,0.28125,296.52075,218.32932,0.1534752
1.5,0.28333333,296.5199,218.32861,0.15486391
1.5,0.28541666,296.51904,218.32797,0.15625258
1.5,0.2875,296.51807,218.3274,0.15764125
1.5,0.28958333,296.5171,218.32684,0.15903
1.5,0.29166666,296.51602,218.3263,0.16041872
1.5,0.29375,296.51495,218.32578,0.16180743
1.5,0.29583332,296.51385,218.32532,0.16319616
1.5,0.29791668,296.5127,218.32483,0.16458496
1.5,0.3,296.5116,218.32443,0.16597371
1.5,0.30208334,296.51044,218.32404,0.16736245
1.5,0.30416667,296.50922,218.32367,0.1687513
1.5,0.30625,296.50812,218.3233,0.17014009
1.5,0.30833334,296.50696,218.323,0.17152886
1.5,0.31041667,296.5058,218.32266,0.17291765
1.5,0.3125,296.5047,218.32236,0.17430642
1.5,0.31458333,296.5036,218.32208,0.17569533
1.5,0.31666666,296.5025,218.32184,0.17708415
1.5,0.31875,296.50146,218.32156,0.17847297
1.5,0.32083333,296.50043,218.32135,0.17986186
1.5,0.32291666,296.4994,218.3211,0.18125068
1.5,0.325,296.49835,218.32092,0.1826395
1.5,0.32708332,296.49744,218.32068,0.18402831
1.5,0.32916668,296.49646,218.32053,0.18541722
1.5,0.33125,296.4956,218.32037,0.18680604
1.5,0.33333334,296.4947,218.32019,0.18819486
1.5,0.33541667,296.4939,218.32,0.18958375
1.5,0.3375,296.49304,218.31989,0.19097257
1.5,0.33958334,296.4923,218.31976,0.19236138
1.5,0.34166667,296.49158,218.31961,0.19375025
1.5,0.34375,296.49084,218.31952,0.19513911
1.5,0.34583333,296.4901,218.3194,0.19652803
1.5,0.34791666,296.4895,218.31927,0.1979169
1.5,0.35,296.4889,218.31915,0.19930576
1.5,0.35208333,296.48828,218.31909,0.2006947
1.5,0.35416666,296.48767,218.31897,0.20208354
1.5,0.35625,296.48718,218.31888,0.2034724
1.5,0.35833332,296.4867,218.31879,0.20486127
1.5,0.36041668,296.4862,218.31873,0.2062502
1.5,0.3625,296.48578,218.31866,0.20763905
1.5,0.36458334,296.48535,218.3186,0.20902792
1.5,0.36666667,296.485,218.31854,0.21041685
1.5,0.36875,296.48462,218.31848,0.21180572
1.5,0.37083334,296.48425,218.31842,0.21319456
1.5,0.37291667,296.4839,218.31836,0.21458343
1.5,0.375,296.48358,218.3183,0.21597229
1.5,0.37708333,296.48334,218.31827,0.21736121
1.5,0.37916666,296.48303,218.31824,0.21875007
1.5,0.38125,296.4828,218.31818,0.22013894
1.5,0.38333333,296.48254,218.31815,0.22152787
1.5,0.38541666,296.48242,218.31812,0.22291672
1.5,0.3875,296.48218,218.31805,0.22430559
1.5,0.38958332,296.48206,218.31805,0.22569445
1.5,0.39166668,296.48187,218.318,0.22708338
1.5,0.39375,296.4817,218.318,0.22847223
1.5,0.39583334,296.48157,218.31796,0.2298611
1.5,0.39791667,296.48145,218.31793,0.23125003
1.5,0.4,296.48132,218.3179,0.2326389
1.5,0.40208334,296.48126,218.31787,0.23402774
1.5,0.40416667,296.4812,218.31787,0.2354166
1.5,0.40625,296.48108,218.31784,0.23680547
1.5,0.40833333,296.48102,218.31781,0.23819439
1.5,0.41041666,296.48096,218.31781,0.23958325
1.5,0.4125,296.48096,218.31778,0.24097212
1.5,0.41458333,296.48096,218.31778,0.24236105
1.5,0.41666666,296.48083,218.31775,0.2437499
1.5,0.41875,296.48083,218.31775,0.24513876
1.5,0.42083332,296.48083,218.31772,0.24652763
1.5,0.42291668,296.48083,218.31772,0.24791656
1.5,0.425,296.48077,218.31769,0.24930541
1.5,0.42708334,296.48077,218.31769,0.25069427
1.5,0.42916667,296.48077,218.31769,0.2520832
1.5,0.43125,296.48077,218.31769,0.25347206
1.5,0.43333334,296.48077,218.31769,0.25486094
1.5,0.43541667,296.48077,218.31769,0.2562498
1.5,0.4375,296.48083,218.31763,0.25763863
1.5,0.43958333,296.48083,218.31763,0.25902757
1.5,0.44166666,296.48083,218.31763,0.26041645
1.5,0.44375,296.48083,218.31763,0.2618053
1.5,0.44583333,296.48083,218.31763,0.26319423
1.5,0.44791666,296.4809,218.31763,0.26458308
1.5,0.45,296.4809,218.31763,0.26597196
1.5,0.45208332,296.48096,218.31763,0.2673608
1.5,0.45416668,296.48096,218.31763,0.26874977
1.5,0.45625,296.48102,218.3176,0.27013862
1.5,0.45833334,296.48102,218.3176,0.27152753
1.5,0.46041667,296.48102,218.3176,0.2729165
1.5,0.4625,296.48102,218.31757,0.27430537
1.5,0.46458334,296.48108,218.31757,0.27569422
1.5,0.46666667,296.48114,218.31757,0.27708307
1.5,0.46875,296.48114,218.31757,0.27847198
1.5,0.47083333,296.48114,218.31757,0.27986094
1.5,0.47291666,296.4812,218.31757,0.28124982
1.5,0.475,296.48126,218.31757,0.28263867
1.5,0.47708333,296.48126,218.31757,0.28402764
1.5,0.47916666,296.48132,218.31757,0.28541648
1.5,0.48125,296.48132,218.31757,0.28680536
1.5,0.48333332,296.48132,218.31757,0.2881942
1.5,0.48541668,296.48138,218.31757,0.28958318
1.5,0.4875,296.48138,218.31757,0.29097205
1.5,0.48958334,296.48138,218.31757,0.2923609
1.5,0.49166667,296.48145,218.31757,0.29374987
1.5,0.49375,296.48145,218.31757,0.29513875
1.5,0.49583334,296.48145,218.31757,0.2965276
1.5,0.49791667,296.4815,218.31757,0.29791644
1.5,0.5,296.48157,218.31757,0.29930532
1.5,0.50208336,296.48154,218.31757,0.3006943
1.5,0.50416666,296.48154,218.31757,0.30208313
1.5,0.50625,296.48157,218.31757,0.3034721
1.5,0.5083333,296.48157,218.31757,0.30486098
1.5,0.5104167,296.4816,218.31757,0.30624983
1.5,0.5125,296.4816,218.31757,0.30763867
1.5,0.51458335,296.4816,218.31757,0.30902755
1.5,0.51666665,296.4817,218.31757,0.3104164
1.5,0.51875,296.48166,218.31757,0.31180537
1.5,0.5208333,296.48166,218.31757,0.31319425
1.5,0.5229167,296.4817,218.31757,0.3145832
1.5,0.525,296.4817,218.31757,0.31597206
1.5,0.52708334,296.4817,218.31757,0.31736094
1.5,0.52916664,296.4817,218.31757,0.3187498
1.5,0.53125,296.48172,218.31757,0.32013863
1.5,0.53333336,296.48175,218.31757,0.32152763
1.5,0.53541666,296.48175,218.31757,0.32291648
1.5,0.5375,296.48178,218.31757,0.32430544
1.5,0.5395833,296.48178,218.31757,0.3256943
1.5,0.5416667,296.4818,218.31757,0.32708317
1.5,0.54375,296.4818,218.31757,0.32847202
1.5,0.54583335,296.4818,218.31757,0.32986087
1.5,0.54791665,296.4818,218.31757,0.33124974
1.5,0.55,296.48184,218.31757,0.3326387
1.5,0.5520833,296.48184,218.31757,0.33402756
1.5,0.5541667,296.4818,218.31757,0.33541656
1.5,0.55625,296.4818,218.31757,0.3368054
1.5,0.55833334,296.4818,218.31757,0.33819425
1.5,0.56041664,296.4818,218.31757,0.33958313
1.5,0.5625,296.4818,218.31757,0.34097198
1.5,0.56458336,296.48178,218.31757,0.34236094
1.5,0.56666666,296.48178,218.31757,0.34374982
1.5,0.56875,296.4818,218.31757,0.3451388
1.5,0.5708333,296.4818,218.31757,0.34652764
1.5,0.5729167,296.4818,218.31757,0.34791648
1.5,0.575,296.4818,218.31757,0.34930536
1.5,0.57708335,296.4818,218.31757,0.3506942
1.5,0.57916665,296.4818,218.31757,0.35208306
1.5,0.58125,296.48184,218.31757,0.35347205
1.5,0.5833333,296.48184,218.31757,0.3548609
1.5,0.5854167,296.4818,218.31757,0.35624987
1.5,0.5875,296.4818,218.31757,0.35763875
1.5,0.58958334,296.4818,218.31757,0.3590276
1.5,0.59166664,296.4818,218.31757,0.36041644
1.5,0.59375,296.4818,218.31757,0.36180532
1.5,0.59583336,296.48178,218.31757,0.3631943
1.5,0.59791666,296.48178,218.31757,0.36458313
1.5,0.6,296.4818,218.31757,0.3659721
1.5,0.6020833,296.4818,218.31757,0.36736098
1.5,0.6041667,296.4818,218.31757,0.36874983
1.5,0.60625,296.4818,218.31757,0.37013867
1.5,0.60833335,296.4818,218.31757,0.37152755
1.5,0.61041665,296.4818,218.31757,0.3729164
1.5,0.6125,296.48184,218.31757,0.37430537
1.5,0.6145833,296.48184,218.31757,0.37569425
1.5,0.6166667,296.4818,218.31757,0.3770832
1.5,0.61875,296.4818,218.31757,0.37847206
1.5,0.62083334,296.4818,218.31757,0.37986094
1.5,0.62291664,296.4818,218.31757,0.3812498
1.5,0.625,296.4818,218.31757,0.38263863
1.5,0.62708336,296.48178,218.31757,0.38402763
1.5,0.62916666,296.48178,218.31757,0.38541648
1.5,0.63125,296.4818,218.31757,0.38680544
1.5,0.6333333,296.4818,218.31757,0.3881943
1.5,0.6354167,296.4818,218.31757,0.38958317
1.5,0.6375,296.4818,218.31757,0.39097202
1.5,0.63958335,296.4818,218.31757,0.39236087
1.5,0.64166665,296.4818,218.31757,0.39374974
1.5,0.64375,296.48184,218.31757,0.3951387
1.5,0.6458333,296.48184,218.31757,0.39652756
1.5,0.6479167,296.4818,218.31757,0.39791656
1.5,0.65,296.4818,218.31757,0.3993054
1.5,0.65208334,296.4818,218.31757,0.40069425
1.5,0.65416664,296.4818,218.31757,0.40208313
1.5,0.65625,296.4818,218.31757,0.40347198
1.5,0.65833336,296.48178,218.31757,0.40486094
1.5,0.66041666,296.48178,218.31757,0.40624982
1.5,0.6625,296.4818,218.31757,0.4076388
1.5,0.6645833,296.4818,218.31757,0.40902764
1.5,0.6666667,296.4818,218.31757,0.41041648
1.5,0.66875,296.4818,218.31757,0.41180536
1.5,0.67083335,296.4818,218.31757,0.4131942
1.5,0.67291665,296.4818,218.31757,0.41458306
1.5,0.675,296.4818,218.31757,0.415972
1.5,0.6770833,296.4818,218.31757,0.41736087
1.5,0.6791667,296.48178,218.31757,0.41874984
1.5,0.68125,296.48178,218.31757,0.4201387
1.5,0.68333334,296.48178,218.31757,0.42152756
1.5,0.68541664,296.48178,218.31757,0.4229164
1.5,0.6875,296.48178,218.31757,0.42430526
1.5,0.68958336,296.4818,218.31757,0.42569426
1.5,0.69166666,296.4818,218.31757,0.4270831
1.5,0.69375,296.48184,218.31757,0.42847207
1.5,0.6958333,296.48184,218.31757,0.42986092
1.5,0.6979167,296.48184,218.31757,0.4312498
1.5,0.7,296.48184,218.31757,0.43263865
1.5,0.70208335,296.48184,218.31757,0.43402752
1.5,0.70416665,296.48184,218.31757,0.43541637
1.5,0.70625,296.4818,218.31757,0.43680534
1.5,0.7083333,296.4818,218.31757,0.4381942
1.5,0.7104167,296.48178,218.31757,0.43958318
1.5,0.7125,296.48178,218.31757,0.44097203
1.5,0.71458334,296.48178,218.31757,0.44236088
1.5,0.71666664,296.48178,218.31757,0.44374976
1.5,0.71875,296.48178,218.31757,0.4451386
1.5,0.72083336,296.4818,218.31757,0.44652757
1.5,0.72291666,296.4818,218.31757,0.44791645
1.5,0.725,296.48184,218.31757,0.44930542
1.5,0.7270833,296.48184,218.31757,0.45069426
1.5,0.7291667,296.48184,218.31757,0.4520831
1.5,0.73125,296.48184,218.31757,0.453472
1.5,0.73333335,296.48184,218.31757,0.45486084
1.5,0.73541665,296.48184,218.31757,0.4562497
1.5,0.7375,296.4818,218.31757,0.45763868
1.5,0.7395833,296.4818,218.31757,0.45902753
1.5,0.7416667,296.48178,218.31757,0.4604165
1.5,0.74375,296.48178,218.31757,0.46180537
1.5,0.74583334,296.48178,218.31757,0.46319422
1.5,0.74791664,296.4818,218.31757,0.46458313
1.5,0.75,296.4818,218.31757,0.46597198
1.5,0.75208336,296.48178,218.31757,0.46736094
1.5,0.75416666,296.48178,218.31757,0.46874982
1.5,0.75625,296.4818,218.31757,0.4701388
1.5,0.7583333,296.4818,218.31757,0.47152764
1.5,0.7604167,296.4818,218.31757,0.47291648
1.5,0.7625,296.4818,218.31757,0.47430536
1.5,0.76458335,296.4818,218.31757,0.4756942
1.5,0.76666665,296.4818,218.31757,0.47708306
1.5,0.76875,296.48184,218.31757,0.47847205
1.5,0.7708333,296.48184,218.31757,0.4798609
1.5,0.7729167,296.4818,218.31757,0.48124987
1.5,0.775,296.4818,218.31757,0.48263875
1.5,0.77708334,296.4818,218.31757,0.4840276
1.5,0.77916664,296.4818,218.31757,0.48541644
1.5,0.78125,296.4818,218.31757,0.48680532
1.5,0.78333336,296.4818,218.31757,0.48819426
1.5,0.78541666,296.4818,218.31757,0.4895831
1.5,0.7875,296.4818,218.31757,0.49097204
1.5,0.7895833,296.4818,218.31757,0.4923609
1.5,0.7916667,296.4818,218.31757,0.49374977
1.5,0.79375,296.4818,218.31757,0.49513862
1.5,0.79583335,296.4818,218.31757,0.49652746
1.5,0.79791665,296.4818,218.31757,0.49791634
1.5,0.8,296.4818,218.31757,0.49930525
1.5,0.8020833,296.4818,218.31757,0.5006941
1.5,0.8041667,296.4818,218.31757,0.50208306
1.5,0.80625,296.4818,218.31757,0.5034719
1.5,0.80833334,296.4818,218.31757,0.50486076
1.5,0.81041664,296.4818,218.31757,0.5062496
1.5,0.8125,296.4818,218.31757,0.5076385
1.5,0.81458336,296.4818,218.31757,0.5090274
1.5,0.81666666,296.4818,218.31757,0.51041627
1.5,0.81875,296.4818,218.31757,0.51180524
1.5,0.8208333,296.4818,218.31757,0.5131941
1.5,0.8229167,296.4818,218.31757,0.51458293
1.5,0.825,296.4818,218.31757,0.5159718
1.5,0.82708335,296.4818,218.31757,0.5173606
1.5,0.82916665,296.4818,218.31757,0.51874954
1.5,0.83125,296.4818,218.31757,0.52013844
1.5,0.8333333,296.4818,218.31757,0.5215273
1.5,0.8354167,296.4818,218.31757,0.52291626
1.5,0.8375,296.4818,218.31757,0.5243051
1.5,0.83958334,296.4818,218.31757,0.52569395
1.5,0.84166664,296.4818,218.31757,0.5270828
1.5,0.84375,296.4818,218.31757,0.52847165
1.5,0.84583336,296.4818,218.31757,0.5298606
1.5,0.84791666,296.4818,218.31757,0.53124946
1.5,0.85,296.4818,218.31757,0.5326384
1.5,0.8520833,296.4818,218.31757,0.5340273
1.5,0.8541667,296.4818,218.31757,0.5354161
1.5,0.85625,296.4818,218.31757,0.536805
1.5,0.85833335,296.4818,218.31757,0.5381938
1.5,0.86041665,296.4818,218.31757,0.53958267
1.5,0.8625,296.4818,218.31757,0.54097164
1.5,0.8645833,296.4818,218.31757,0.5423605
1.5,0.8666667,296.4818,218.31757,0.5437494
1.5,0.86875,296.4818,218.31757,0.5451383
1.5,0.87083334,296.4818,218.31757,0.54652715
1.5,0.87291664,296.4818,218.31757,0.547916
1.5,0.875,296.4818,218.31757,0.54930484
1.5,0.87708336,296.4818,218.31757,0.55069387
1.5,0.87916666,296.4818,218.31757,0.5520827
1.5,0.88125,296.4818,218.31757,0.55347174
1.5,0.8833333,296.4818,218.31757,0.5548606
1.5,0.8854167,296.4818,218.31757,0.55624944
1.5,0.8875,296.4818,218.31757,0.5576383
1.5,0.88958335,296.4818,218.31757,0.55902714
1.5,0.89166665,296.4818,218.31757,0.56041604
1.5,0.89375,296.4818,218.31757,0.56180495
1.5,0.8958333,296.4818,218.31757,0.5631938
1.5,0.8979167,296.4818,218.31757,0.56458277
1.5,0.9,296.4818,218.31757,0.5659716
1.5,0.90208334,296.4818,218.31757,0.56736046
1.5,0.90416664,296.4818,218.31757,0.5687493
1.5,0.90625,296.4818,218.31757,0.57013816
1.5,0.90833336,296.4818,218.31757,0.5715272
1.5,0.91041666,296.4818,218.31757,0.57291603
1.5,0.9125,296.4818,218.31757,0.57430506
1.5,0.9145833,296.4818,218.31757,0.5756939
1.5,0.9166667,296.4818,218.31757,0.57708275
1.5,0.91875,296.4818,218.31757,0.57847166
1.5,0.92083335,296.4818,218.31757,0.5798605
1.5,0.92291665,296.4818,218.31757,0.58124936
1.5,0.925,296.4818,218.31757,0.58263826
1.5,0.9270833,296.4818,218.31757,0.5840272
1.5,0.9291667,296.4818,218.31757,0.5854161
1.5,0.93125,296.4818,218.31757,0.5868049
1.5,0.93333334,296.4818,218.31757,0.5881938
1.5,0.93541664,296.4818,218.31757,0.5895827
1.5,0.9375,296.4818,218.31757,0.5909715
1.5,0.93958336,296.4818,218.31757,0.5923605
1.5,0.94166666,296.4818,218.31757,0.5937494
1.5,0.94375,296.4818,218.31757,0.5951384
1.5,0.9458333,296.4818,218.31757,0.5965273
1.5,0.9479167,296.4818,218.31757,0.5979161
1.5,0.95,296.4818,218.31757,0.599305
1.5,0.95208335,296.4818,218.31757,0.6006938
1.5,0.95416665,296.4818,218.31757,0.60208267
1.5,0.95625,296.4818,218.31757,0.60347164
1.5,0.9583333,296.4818,218.31757,0.6048605
1.5,0.9604167,296.4818,218.31757,0.6062494
1.5,0.9625,296.4818,218.31757,0.6076383
1.5,0.96458334,296.4818,218.31757,0.60902715
1.5,0.96666664,296.4818,218.31757,0.610416
1.5,0.96875,296.4818,218.31757,0.61180484
1.5,0.97083336,296.4818,218.31757,0.61319387
1.5,0.97291666,296.4818,218.31757,0.6145827
1.5,0.975,296.4818,218.31757,0.6159716
1.5,0.9770833,296.4818,218.31757,0.61736053
1.5,0.9791667,296.4818,218.31757,0.6187494
1.5,0.98125,296.4818,218.31757,0.6201382
1.5,0.98333335,296.4818,218.31757,0.6215271
1.5,0.98541665,296.4818,218.31757,0.6229159
1.5,0.9875,296.4818,218.31757,0.6243049
1.5,0.9895833,296.4818,218.31757,0.62569374
1.5,0.9916667,296.4818,218.31757,0.62708277
1.5,0.99375,296.4818,218.31757,0.6284716
1.5,0.99583334,296.4818,218.31757,0.62986046
1.5,0.99791664,296.4818,218.31757,0.6312493
1.5,1.0,296.4818,218.31757,0.63263816
1.5,1.0020833,296.4818,218.31757,0.63402706
1.5,1.0041667,296.4818,218.31757,0.63541615
1.5,1.00625,296.4818,218.31757,0.636805
1.5,1.0083333,296.4818,218.31757,0.63819385
1.5,1.0104166,296.4818,218.31757,0.6395827
1.5,1.0125,296.4818,218.31757,0.64097154
1.5,1.0145833,296.4818,218.31757,0.6423604
1.5,1.0166667,296.4818,218.31757,0.6437493
1.5,1.01875,296.4818,218.31757,0.64513814
1.5,1.0208334,296.4818,218.31757,0.64652723
1.5,1.0229167,296.4818,218.31757,0.6479161
1.5,1.025,296.4818,218.31757,0.6493049
1.5,1.0270833,296.4818,218.31757,0.6506938
1.5,1.0291667,296.4818,218.31757,0.6520827
1.5,1.03125,296.4818,218.31757,0.6534715
1.5,1.0333333,296.4818,218.31757,0.6548604
1.5,1.0354167,296.4818,218.31757,0.65624946
1.5,1.0375,296.4818,218.31757,0.6576383
1.5,1.0395833,296.4818,218.31757,0.65902716
1.5,1.0416666,296.4818,218.31757,0.660416
1.5,1.04375,296.4818,218.31757,0.6618049
1.5,1.0458333,296.4818,218.31757,0.66319376
1.5,1.0479167,296.4818,218.31757,0.6645826
1.5,1.05,296.4818,218.31757,0.66597146
1.5,1.0520834,296.4818,218.31757,0.66736054
1.5,1.0541667,296.4818,218.31757,0.6687494
1.5,1.05625,296.4818,218.31757,0.6701383
1.5,1.0583333,296.4818,218.31757,0.67152715
1.5,1.0604167,296.4818,218.31757,0.672916
1.5,1.0625,296.4818,218.31757,0.67430484
1.5,1.0645833,296.4818,218.31757,0.6756937
1.5,1.0666667,296.4818,218.31757,0.6770828
1.5,1.06875,296.4818,218.31757,0.6784716
1.5,1.0708333,296.4818,218.31757,0.67986053
1.5,1.0729166,296.4818,218.31757,0.6812494
1.5,1.075,296.4818,218.31757,0.6826382
1.5,1.0770833,296.4818,218.31757,0.6840271
1.5,1.0791667,296.4818,218.31757,0.6854159
1.5,1.08125,296.4818,218.31757,0.6868048
1.5,1.0833334,296.4818,218.31757,0.6881939
1.5,1.0854167,296.4818,218.31757,0.68958277
1.5,1.0875,296.4818,218.31757,0.6909716
1.5,1.0895833,296.4818,218.31757,0.69236046
1.5,1.0916667,296.4818,218.31757,0.6937493
1.5,1.09375,296.4818,218.31757,0.69513816
1.5,1.0958333,296.4818,218.31757,0.69652706
1.5,1.0979167,296.4818,218.31757,0.69791615
1.5,1.1,296.4818,218.31757,0.699305
1.5,1.1020833,296.4818,218.31757,0.70069385
1.5,1.1041666,296.4818,218.31757,0.7020827
1.5,1.10625,296.4818,218.31757,0.70347154
1.5,1.1083333,296.4818,218.31757,0.7048604
1.5,1.1104167,296.4818,218.31757,0.7062493
1.5,1.1125,296.4818,218.31757,0.70763814
1.5,1.1145834,296.4818,218.31757,0.70902723
1.5,1.1166667,296.4818,218.31757,0.7104161
1.5,1.11875,296.4818,218.31757,0.7118049
1.5,1.1208333,296.4818,218.31757,0.7131938
1.5,1.1229167,296.4818,218.31757,0.7145827
1.5,1.125,296.4818,218.31757,0.7159715
1.5,1.1270833,296.4818,218.31757,0.7173604
1.5,1.1291667,296.4818,218.31757,0.71874946
1.5,1.13125,296.4818,218.31757,0.7201383
1.5,1.1333333,296.4818,218.31757,0.72152716
1.5,1.1354166,296.4818,218.31757,0.722916
1.5,1.1375,296.4818,218.31757,0.7243049
1.5,1.1395833,296.4818,218.31757,0.72569376
1.5,1.1416667,296.4818,218.31757,0.7270826
1.5,1.14375,296.4818,218.31757,0.72847146
1.5,1.1458334,296.4818,218.31757,0.72986054
1.5,1.1479167,296.4818,218.31757,0.7312494
1.5,1.15,296.4818,218.31757,0.7326383
1.5,1.1520833,296.4818,218.31757,0.73402715
1.5,1.1541667,296.4818,218.31757,0.735416
1.5,1.15625,296.4818,218.31757,0.73680484
1.5,1.1583333,296.4818,218.31757,0.7381937
1.5,1.1604167,296.4818,218.31757,0.7395828
1.5,1.1625,296.4818,218.31757,0.7409716
1.5,1.1645833,296.4818,218.31757,0.74236053
1.5,1.1666666,296.4818,218.31757,0.7437494
1.5,1.16875,296.4818,218.31757,0.7451382
1.5,1.1708333,296.4818,218.31757,0.7465271
1.5,1.1729167,296.4818,218.31757,0.7479159
1.5,1.175,296.4818,218.31757,0.7493048
1.5,1.1770834,296.4818,218.31757,0.7506939
1.5,1.1791667,296.4818,218.31757,0.75208277
1.5,1.18125,296.4818,218.31757,0.7534716
1.5,1.1833333,296.4818,218.31757,0.75486046
1.5,1.1854167,296.4818,218.31757,0.7562493
1.5,1.1875,296.4818,218.31757,0.75763816
1.5,1.1895833,296.4818,218.31757,0.75902706
1.5,1.1916667,296.4818,218.31757,0.76041615
1.5,1.19375,296.4818,218.31757,0.761805
1.5,1.1958333,296.4818,218.31757,0.76319385
1.5,1.1979166,296.4818,218.31757,0.7645827
1.5,1.2,296.4818,218.31757,0.76597154
1.5,1.2020833,296.4818,218.31757,0.7673604
1.5,1.2041667,296.4818,218.31757,0.7687493
1.5,1.20625,296.4818,218.31757,0.77013814
1.5,1.2083334,296.4818,218.31757,0.77152723
1.5,1.2104167,296.4818,218.31757,0.7729161
1.5,1.2125,296.4818,218.31757,0.7743049
1.5,1.2145833,296.4818,218.31757,0.7756938
1.5,1.2166667,296.4818,218.31757,0.7770827
1.5,1.21875,296.4818,218.31757,0.7784715
1.5,1.2208333,296.4818,218.31757,0.7798604
1.5,1.2229167,296.4818,218.31757,0.78124946
1.5,1.225,296.4818,218.31757,0.7826383
1.5,1.2270833,296.4818,218.31757,0.78402716
1.5,1.2291666,296.4818,218.31757,0.785416
1.5,1.23125,296.4818,218.31757,0.7868049
1.5,1.2333333,296.4818,218.31757,0.78819376
1.5,1.2354167,296.4818,218.31757,0.7895826
1.5,1.2375,296.4818,218.31757,0.79097146
1.5,1.2395834,296.4818,218.31757,0.79236054
1.5,1.2416667,296.4818,218.31757,0.7937494
1.5,1.24375,296.4818,218.31757,0.7951383
1.5,1.2458333,296.4818,218.31757,0.79652715
1.5,1.2479167,296.4818,218.31757,0.797916
1.5,1.25,296.4818,218.31757,0.79930484
1.5,1.2520833,296.4818,218.31757,0.8006937
1.5,1.2541667,296.4818,218.31757,0.8020828
1.5,1.25625,296.4818,218.31757,0.8034716
1.5,1.2583333,296.4818,218.31757,0.80486053
1.5,1.2604166,296.4818,218.31757,0.8062494
1.5,1.2625,296.4818,218.31757,0.8076382
1.5,1.2645833,296.4818,218.31757,0.8090271
1.5,1.2666667,296.4818,218.31757,0.8104159
1.5,1.26875,296.4818,218.31757,0.8118048
1.5,1.2708334,296.4818,218.31757,0.8131939
1.5,1.2729167,296.4818,218.31757,0.81458277
1.5,1.275,296.4818,218.31757,0.8159716
1.5,1.2770833,296.4818,218.31757,0.81736046
1.5,1.2791667,296.4818,218.31757,0.8187493
1.5,1.28125,296.4818,218.31757,0.82013816
1.5,1.2833333,296.4818,218.31757,0.82152706
1.5,1.2854167,296.4818,218.31757,0.82291615
1.5,1.2875,296.4818,218.31757,0.824305
1.5,1.2895833,296.4818,218.31757,0.82569385
1.5,1.2916666,296.4818,218.31757,0.8270827
1.5,1.29375,296.4818,218.31757,0.82847154
1.5,1.2958333,296.4818,218.31757,0.8298604
1.5,1.2979167,296.4818,218.31757,0.8312493
1.5,1.3,296.4818,218.31757,0.83263814
1.5,1.3020834,296.4818,218.31757,0.83402723
1.5,1.3041667,296.4818,218.31757,0.8354161
1.5,1.30625,296.4818,218.31757,0.8368049
1.5,1.3083333,296.4818,218.31757,0.8381938
1.5,1.3104167,296.4818,218.31757,0.8395827
1.5,1.3125,296.4818,218.31757,0.8409715
1.5,1.3145833,296.4818,218.31757,0.8423604
1.5,1.3166667,296.4818,218.31757,0.84374946
1.5,1.31875,296.4818,218.31757,0.8451383
1.5,1.3208333,296.4818,218.31757,0.84652716
1.5,1.3229166,296.4818,218.31757,0.847916
1.5,1.325,296.4818,218.31757,0.8493049
1.5,1.3270833,296.4818,218.31757,0.85069376
1.5,1.3291667,296.4818,218.31757,0.8520826
1.5,1.33125,296.4818,218.31757,0.85347146
1.5,1.3333334,296.4818,218.31757,0.85486054
1.5,1.3354167,296.4818,218.31757,0.8562494
1.5,1.3375,296.4818,218.31757,0.8576383
1.5,1.3395833,296.4818,218.31757,0.85902715
1.5,1.3416667,296.4818,218.31757,0.860416
1.5,1.34375,296.4818,218.31757,0.86180484
1.5,1.3458333,296.4818,218.31757,0.8631937
1.5,1.3479167,296.4818,218.31757,0.8645828
1.5,1.35,296.4818,218.31757,0.8659716
1.5,1.3520833,296.4818,218.31757,0.86736053
1.5,1.3541666,296.4818,218.31757,0.8687494
1.5,1.35625,296.4818,218.31757,0.8701382
1.5,1.3583333,296.4818,218.31757,0.8715271
1.5,1.3604167,296.4818,218.31757,0.8729159
1.5,1.3625,296.4818,218.31757,0.8743048
1.5,1.3645834,296.4818,218.31757,0.8756939
1.5,1.3666667,296.4818,218.31757,0.87708277
1.5,1.36875,296.4818,218.31757,0.8784716
1.5,1.3708333,296.4818,218.31757,0.87986046
1.5,1.3729167,296.4818,218.31757,0.8812493
1.5,1.375,296.4818,218.31757,0.88263816
1.5,1.3770833,296.4818,218.31757,0.88402706
1.5,1.3791667,296.4818,218.31757,0.88541615
1.5,1.38125,296.4818,218.31757,0.886805
1.5,1.3833333,296.4818,218.31757,0.88819385
1.5,1.3854166,296.4818,218.31757,0.8895827
1.5,1.3875,296.4818,218.31757,0.89097154
1.5,1.3895833,296.4818,218.31757,0.8923604
1.5,1.3916667,296.4818,218.31757,0.8937493
1.5,1.39375,296.4818,218.31757,0.89513814
1.5,1.3958334,296.4818,218.31757,0.89652723
1.5,1.3979167,296.4818,218.31757,0.8979161
1.5,1.4,296.4818,218.31757,0.8993049
1.5,1.4020833,296.4818,218.31757,0.9006938
1.5,1.4041667,296.4818,218.31757,0.9020827
1.5,1.40625,296.4818,218.31757,0.9034715
1.5,1.4083333,296.4818,218.31757,0.9048604
1.5,1.4104167,296.4818,218.31757,0.90624946
1.5,1.4125,296.4818,218.31757,0.9076383
1.5,1.4145833,296.4818,218.31757,0.90902716
1.5,1.4166666,296.4818,218.31757,0.910416
1.5,1.41875,296.4818,218.31757,0.9118049
1.5,1.4208333,296.4818,218.31757,0.91319376
1.5,1.4229167,296.4818,218.31757,0.9145826
1.5,1.425,296.4818,218.31757,0.91597146
1.5,1.4270834,296.4818,218.31757,0.91736054
1.5,1.4291667,296.4818,218.31757,0.9187494
1.5,1.43125,296.4818,218.31757,0.9201383
1.5,1.4333333,296.4818,218.31757,0.92152715
1.5,1.4354167,296.4818,218.31757,0.922916
1.5,1.4375,296.4818,218.31757,0.92430484
1.5,1.4395833,296.4818,218.31757,0.9256937
1.5,1.4416667,296.4818,218.31757,0.9270828
1.5,1.44375,296.4818,218.31757,0.9284716
1.5,1.4458333,296.4818,218.31757,0.92986053
1.5,1.4479166,296.4818,218.31757,0.9312494
1.5,1.45,296.4818,218.31757,0.9326382
1.5,1.4520833,296.4818,218.31757,0.9340271
1.5,1.4541667,296.4818,218.31757,0.9354159
1.5,1.45625,296.4818,218.31757,0.9368048
1.5,1.4583334,296.4818,218.31757,0.9381939
1.5,1.4604167,296.4818,218.31757,0.93958277
1.5,1.4625,296.4818,218.31757,0.9409716
1.5,1.4645833,296.4818,218.31757,0.94236046
1.5,1.4666667,296.4818,218.31757,0.9437493
1.5,1.46875,296.4818,218.31757,0.94513816
1.5,1.4708333,296.4818,218.31757,0.94652706
1.5,1.4729167,296.4818,218.31757,0.94791615
1.5,1.475,296.4818,218.31757,0.949305
1.5,1.4770833,296.4818,218.31757,0.95069385
1.5,1.4791666,296.4818,218.31757,0.9520827
1.5,1.48125,296.4818,218.31757,0.95347154
1.5,1.4833333,296.4818,218.31757,0.9548604
1.5,1.4854167,296.4818,218.31757,0.9562493
1.5,1.4875,296.4818,218.31757,0.95763814
1.5,1.4895834,296.48187,218.31757,0.95902723
1.5,1.4916667,296.48175,218.31757,0.9604161
1.5,1.49375,296.48187,218.31757,0.9618049
1.5,1.4958333,296.48175,218.31757,0.9631938
1.5,1.4979167,296.48187,218.31757,0.9645827
1.5,1.5,296.48175,218.31757,0.9659715
1.5,1.5020833,296.48187,218.31757,0.9673604
1.5,1.5041667,296.4818,218.31757,0.9687448
1.5,1.50625,296.4818,218.31757,0.97011644
1.5,1.5083333,296.48187,218.31757,0.9714685
1.5,1.5104166,296.48175,218.31757,0.9727954
1.5,1.5125,296.48175,218.31757,0.9740926
1.5,1.5145833,296.4818,218.31757,0.9753562
1.5,1.5166667,296.4818,218.31757,0.97658336
1.5,1.51875,296.4818,218.31754,0.9777719
1.5,1.5208334,296.4818,218.31754,0.97892016
1.5,1.5229167,296.4818,218.31754,0.9800268
1.5,1.525,296.4818,218.31754,0.9810912
1.5,1.5270833,296.4818,218.31754,0.98211306
1.5,1.5291667,296.4818,218.31754,0.9830924
1.5,1.53125,296.4818,218.31754,0.98402953
1.5,1.5333333,296.4818,218.31754,0.98492485
1.5,1.5354167,296.4818,218.31754,0.98577917
1.5,1.5375,296.48175,218.31754,0.98659325
1.5,1.5395833,296.4818,218.31754,0.9873679
1.5,1.5416666,296.4818,218.31754,0.9881045
1.5,1.54375,296.48096,218.31787,0.98880404
1.5,1.5458333,296.47748,218.31906,0.9894678
1.5,1.5479167,296.47028,218.32162,0.990097
1.5,1.55,296.45795,218.32599,0.99069285
1.5,1.5520834,296.43988,218.33246,0.9912568
1.5,1.5541667,296.41528,218.34131,0.99179
1.5,1.55625,296.38336,218.35272,0.99229383
1.5,1.5583333,296.34424,218.36694,0.99276966
1.5,1.5604167,296.29712,218.38397,0.9932186
1.5,1.5625,296.24243,218.40399,0.99364203
1.5,1.5645833,296.17987,218.42694,0.9940411
1.5,1.5666667,296.10962,218.45291,0.99441695
1.5,1.56875,296.03174,218.48184,0.9947709
1.5,1.5708333,295.94666,218.51367,0.99510384
1.5,1.5729166,295.85455,218.54843,0.99541694
1.5,1.575,295.75586,218.58594,0.9957113
1.5,1.5770833,295.651,218.62613,0.99598795
1.5,1.5791667,295.54028,218.66895,0.9962477
1.5,1.58125,295.42444,218.71423,0.9964916
1.5,1.5833334,295.3036,218.7619,0.9967205
1.5,1.5854167,295.17834,218.81174,0.9969352
1.5,1.5875,295.04932,218.86371,0.9971366
1.5,1.5895833,294.91687,218.91763,0.9973253
1.5,1.5916667,294.78168,218.97339,0.9975022
1.5,1.59375,294.64398,219.03082,0.99766785
1.5,1.5958333,294.50446,219.08984,0.997823
1.5,1.5979167,294.36334,219.15024,0.99796826
1.5,1.6,294.22144,219.21191,0.9981042
1.5,1.6020833,294.07886,219.27475,0.99823135
1.5,1.6041666,293.93628,219.3386,0.9983504
1.5,1.60625,293.79395,219.40332,0.99846166
1.5,1.6083333,293.65216,219.46881,0.9985657
1.5,1.6104167,293.5116,219.53497,0.9986628
1.5,1.6125,293.37225,219.60162,0.9987537
1.5,1.6145834,293.2345,219.6687,0.99883854
1.5,1.6166667,293.09894,219.73608,0.99891776
1.5,1.61875,292.96545,219.80368,0.9989918
1.5,1.6208333,292.83447,219.87137,0.99906087
1.5,1.6229167,292.70618,219.93909,0.9991254
1.5,1.625,292.5808,220.00674,0.99918556
1.5,1.6270833,292.45856,220.07422,0.99924177
1.5,1.6291667,292.33948,220.14148,0.99929416
1.5,1.63125,292.22394,220.20844,0.99934304
1.5,1.6333333,292.11182,220.275,0.9993886
1.5,1.6354166,292.0033,220.34113,0.999431
1.5,1.6375,291.89856,220.40671,0.99947065
1.5,1.6395833,291.7976,220.47174,0.99950755
1.5,1.6416667,291.70044,220.5362,0.99954194
1.5,1.64375,291.60718,220.59998,0.999574
1.5,1.6458334,291.51788,220.66302,0.9996038
1.5,1.6479167,291.43237,220.72534,0.99963164
1.5,1.65,291.35083,220.78687,0.9996575
1.5,1.6520833,291.27313,220.84753,0.99968165
1.5,1.6541667,291.19928,220.90738,0.99970406
1.5,1.65625,291.12946,220.96634,0.999725
1.5,1.6583333,291.06317,221.02438,0.99974436
1.5,1.6604167,291.00073,221.08151,0.9997625
1.5,1.6625,290.94196,221.13766,0.9997793
1.5,1.6645833,290.88684,221.19287,0.99979496
1.5,1.6666666,290.8352,221.24713,0.9998095
1.5,1.66875,290.78693,221.30035,0.99982303
1.5,1.6708333,290.74207,221.3526,0.9998356
1.5,1.6729167,290.70056,221.40381,0.99984735
1.5,1.675,290.66217,221.45404,0.9998582
1.5,1.6770834,290.62683,221.50327,0.9998683
1.5,1.6791667,290.5946,221.55145,0.9998777
1.5,1.68125,290.56512,221.59863,0.9998865
1.5,1.6833333,290.5385,221.6448,0.9998947
1.5,1.6854167,290.51453,221.68994,0.9999022
1.5,1.6875,290.49316,221.73407,0.9999092
1.5,1.6895833,290.47424,221.77722,0.9999158
1.5,1.6916667,290.4577,221.81937,0.99992186
1.5,1.69375,290.44342,221.86053,0.99992746
1.5,1.6958333,290.43127,221.9007,0.9999327
1.5,1.6979166,290.42114,221.93988,0.9999376
1.5,1.7,290.41296,221.97812,0.9999421
1.5,1.7020833,290.40662,222.01541,0.9999463
1.5,1.7041667,290.40198,222.05176,0.9999501
1.5,1.70625,290.39917,222.08719,0.99995375
1.5,1.7083334,290.39783,222.1217,0.9999571
1.5,1.7104167,290.39783,222.15533,0.9999602
1.5,1.7125,290.39935,222.18805,0.999963
1.5,1.7145833,290.40204,222.21991,0.9999657
1.5,1.7166667,290.40607,222.25095,0.9999682
1.5,1.71875,290.411,222.28113,0.9999705
1.5,1.7208333,290.4171,222.31042,0.99997264
1.5,1.7229167,290.4242,222.33899,0.99997467
1.5,1.725,290.4322,222.3667,0.9999765
1.5,1.7270833,290.4408,222.39368,0.9999782
1.5,1.7291666,290.45038,222.41986,0.9999798
1.5,1.73125,290.4605,222.44531,0.9999813
1.5,1.7333333,290.47125,222.47003,0.99998266
1.5,1.7354167,290.48254,222.49402,0.9999839
1.5,1.7375,290.49432,222.51733,0.99998504
1.5,1.7395834,290.5064,222.53995,0.9999861
1.5,1.7416667,290.5191,222.56189,0.9999871
1.5,1.74375,290.53192,222.58316,0.9999881
1.5,1.7458333,290.54517,222.60382,0.9999889
1.5,1.7479167,290.5586,222.62384,0.9999897
1.5,1.75,290.5722,222.64325,0.99999046
1.5,1.7520833,290.58588,222.66211,0.9999911
1.5,1.7541667,290.5998,222.68036,0.9999918
1.5,1.75625,290.6137,222.69803,0.9999924
1.5,1.7583333,290.62775,222.71515,0.9999929
1.5,1.7604166,290.64172,222.73175,0.99999344
1.5,1.7625,290.6557,222.74786,0.9999939
1.5,1.7645833,290.66974,222.76343,0.9999944
1.5,1.7666667,290.6836,222.7785,0.99999475
1.5,1.76875,290.6974,222.79309,0.9999952
1.5,1.7708334,290.71112,222.80722,0.9999955
1.5,1.7729167,290.7246,222.82092,0.9999958
1.5,1.775,290.73804,222.83414,0.9999961
1.5,1.7770833,290.75122,222.84692,0.9999965
1.5,1.7791667,290.76428,222.85934,0.99999666
1.5,1.78125,290.7771,222.87134,0.9999969
1.5,1.7833333,290.78967,222.8829,0.99999714
1.5,1.7854167,290.80206,222.8941,0.9999974
1.5,1.7875,290.81433,222.90497,0.9999976
1.5,1.7895833,290.8263,222.9154,0.9999978
1.5,1.7916666,290.838,222.92557,0.9999979
1.5,1.79375,290.84943,222.93536,0.9999981
1.5,1.7958333,290.86066,222.94482,0.9999982
1.5,1.7979167,290.87152,222.95395,0.9999984
1.5,1.8,290.8822,222.96277,0.9999985
1.5,1.8020834,290.89264,222.97131,0.9999986
1.5,1.8041667,290.9029,222.97955,0.9999987
1.5,1.80625,290.91266,222.98752,0.99999875
1.5,1.8083333,290.9223,222.99524,0.99999887
1.5,1.8104167,290.93164,223.00262,0.9999989
1.5,1.8125,290.9408,223.0098,0.999999
1.5,1.8145833,290.94965,223.01672,0.99999905
1.5,1.8166667,290.95813,223.02344,0.99999917
1.5,1.81875,290.96655,223.02985,0.9999992
1.5,1.8208333,290.97455,223.0361,0.9999993
1.5,1.8229166,290.98242,223.04211,0.9999994
1.5,1.825,290.98987,223.04791,0.99999946
1.5,1.8270833,290.99725,223.05353,0.9999995
1.5,1.8291667,291.00427,223.0589,0.99999964
1.5,1.83125,291.0111,223.06409,0.99999964
1.5,1.8333334,291.0177,223.06912,0.99999964
1.5,1.8354167,291.02405,223.07397,0.99999964
1.5,1.8375,291.03015,223.07864,0.99999964
1.5,1.8395833,291.0362,223.08319,0.99999964
1.5,1.8416667,291.04187,223.08752,0.99999964
1.5,1.84375,291.0473,223.0917,0.99999964
1.5,1.8458333,291.0526,223.09573,0.99999964
1.5,1.8479167,291.05774,223.09964,0.99999964
1.5,1.85,291.06262,223.1034,0.99999964
1.5,1.8520833,291.06726,223.10703,0.99999964
1.5,1.8541666,291.0719,223.11047,0.99999964
1.5,1.85625,291.0763,223.11389,0.99999964
1.5,1.8583333,291.08044,223.1171,0.99999964
1.5,1.8604167,291.08435,223.12024,0.99999964
1.5,1.8625,291.08826,223.12323,0.99999964
1.5,1.8645834,291.09192,223.12616,0.99999964
1.5,1.8666667,291.09558,223.12894,0.99999964
1.5,1.86875,291.09894,223.13162,0.99999964
1.5,1.8708333,291.10217,223.13422,0.99999964
1.5,1.8729167,291.10535,223.13672,0.99999964
1.5,1.875,291.10828,223.13913,0.99999964
1.5,1.8770833,291.1112,223.14142,0.99999964
1.5,1.8791667,291.1139,223.14368,0.99999964
1.5,1.88125,291.11658,223.14581,0.99999964
1.5,1.8833333,291.11902,223.14789,0.99999964
1.5,1.8854166,291.12146,223.1499,0.99999964
1.5,1.8875,291.12372,223.1518,0.99999964
1.5,1.8895833,291.12604,223.15366,0.99999964
1.5,1.8916667,291.12805,223.15546,0.99999964
1.5,1.89375,291.13,223.15714,0.99999964
1.5,1.8958334,291.13196,223.15881,0.99999964
1.5,1.8979167,291.13385,223.1604,0.99999964
1.5,1.9,291.13562,223.16187,0.99999964
1.5,1.9020833,291.13733,223.16339,0.99999964
1.5,1.9041667,291.1388,223.1648,0.99999964
1.5,1.90625,291.14032,223.16614,0.99999964
1.5,1.9083333,291.14178,223.16745,0.99999964
1.5,1.9104167,291.1432,223.1687,0.99999964
1.5,1.9125,291.1446,223.16992,0.99999964
1.5,1.9145833,291.14587,223.17108,0.99999964
1.5,1.9166666,291.1471,223.17221,0.99999964
1.5,1.91875,291.14813,223.17328,0.99999964
1.5,1.9208333,291.1493,223.17432,0.99999964
1.5,1.9229167,291.15027,223.17532,0.99999964
1.5,1.925,291.15125,223.17627,0.99999964
1.5,1.9270834,291.15222,223.17719,0.99999964
1.5,1.9291667,291.1532,223.1781,0.99999964
1.5,1.93125,291.1541,223.17896,0.99999964
1.5,1.9333333,291.1549,223.17975,0.99999964
1.5,1.9354167,291.15564,223.18054,0.99999964
1.5,1.9375,291.15637,223.18134,0.99999964
1.5,1.9395833,291.1571,223.18207,0.99999964
1.5,1.9416667,291.15784,223.18274,0.99999964
1.5,1.94375,291.1585,223.18344,0.99999964
1.5,1.9458333,291.15912,223.18408,0.99999964
1.5,1.9479166,291.15973,223.1847,0.99999964
1.5,1.95,291.16028,223.1853,0.99999964
1.5,1.9520833,291.16083,223.18588,0.99999964
1.5,1.9541667,291.16132,223.18646,0.99999964
1.5,1.95625,291.1618,223.18695,0.99999964
1.5,1.9583334,291.1623,223.1875,0.99999964
1.5,1.9604167,291.16272,223.18799,0.99999964
1.5,1.9625,291.1632,223.18848,0.99999964
1.5,1.9645833,291.1637,223.1889,0.99999964
1.5,1.9666667,291.16394,223.18933,0.99999964
1.5,1.96875,291.16443,223.18976,0.99999964
1.5,1.9708333,291.16467,223.19019,0.99999964
1.5,1.9729167,291.1651,223.19055,0.99999964
1.5,1.975,291.1654,223.19092,0.99999964
1.5,1.9770833,291.16565,223.19128,0.99999964
1.5,1.9791666,291.16608,223.19165,0.99999964
1.5,1.98125,291.16632,223.19196,0.99999964
1.5,1.9833333,291.16663,223.19232,0.99999964
1.5,1.9854167,291.16687,223.19263,0.99999964
1.5,1.9875,291.1671,223.1929,0.99999964
1.5,1.9895834,291.16736,223.19318,0.99999964
1.5,1.9916667,291.1676,223.19342,0.99999964
1.5,1.99375,291.16785,223.19373,0.99999964
1.5,1.9958333,291.1681,223.19397,0.99999964
1.5,1.9979167,291.16815,223.19421,0.99999964
1.5,2.0,291.16833,223.19443,0.99999964
